portal,id_aviso,url,fecha_scraping,operacion,tipo_propiedad,precio_valor,precio_moneda,precio_texto,expensas_valor,expensas_moneda,direccion,calle,altura,piso,barrio,barrio_raw,comuna,localidad,latitud,longitud,sup_total_m2,sup_cubierta_m2,ambientes,dormitorios,banos,cocheras,antiguedad_anios,es_a_estrenar,precio_m2,titulo,descripcion,detalles,amenities,pileta,parrilla,gimnasio,sum,losa_radiante,aire_acondicionado,apto_credito,apto_profesional,cochera_txt,baulera,seguridad,luminoso,balcon,a_reciclar,reciclado,credito_uva,frente,amoblado,patio_jardin,ascensor,profesional_renta
remax,ffcf6f2a-5aab-47c3-9c54-1c3738d6e30f,https://www.remax.com.ar/listings/alquiler-oficina-premiun-plaza-san-martin-retiro,2026-08-13T22:30:20+00:00,alquiler,oficina,1650.0,USD,USD 1650.0,500000.0,ARS,Suipacha 1000,Suipacha,1000,,,Plaza San Martín,,Capital Federal,-34.5994195,-58.3797175,116.03,107.24,,,2,,,,14.22,ALQUILER OFICINA PREMIUN PLAZA SAN MARTIN RETIRO,,,0,0,0,0,0,0,0,0,0,0,0,0,0,0,0,0,0,0,0,0,0,0
remax,ffc5880a-fe06-4126-b85c-f88683fa441a,https://www.remax.com.ar/listings/alquiler-departamento-2-amb-quartier-san-telmo,2026-08-13T22:30:20+00:00,alquiler,departamento_estandar,1130000.0,ARS,ARS 1130000.0,428000.0,ARS,Avenida Juan de Garay 700,Avenida Juan de Garay,700,,san telmo,San Telmo,1.0,Capital Federal,-34.6246652,-58.3752532,45.0,42.0,2.0,,1,,,,25111.11,ALQUILER DEPARTAMENTO 2 AMB QUARTIER SAN TELMO,,,0,0,0,0,0,0,0,0,0,0,0,0,0,0,0,0,0,0,0,0,0,0
remax,ff9edb2e-da48-42d3-ad3c-4084ba4fe342,https://www.remax.com.ar/listings/alquiler-oficina-premium-palermo-a-estrenar,2026-08-13T22:30:20+00:00,alquiler,oficina,900.0,USD,USD 900.0,400000.0,ARS,Godoy Cruz 2800,Godoy Cruz,2800,,palermo,Palermo Nuevo,14.0,Capital Federal,-34.576804145637,-58.424048423112,57.4,52.0,,,1,,,,15.68,"Alquiler oficina premium, Palermo a estrenar",,,0,0,0,0,0,0,0,0,0,0,0,0,0,0,0,0,0,0,0,0,0,0
remax,ff8d63d5-a06f-4bc5-a007-925fab471cff,https://www.remax.com.ar/listings/local-comercial-en-alquiler-liniers,2026-08-13T22:30:20+00:00,alquiler,local,390000.0,ARS,ARS 390000.0,91000.0,ARS,Cuzco 0,Cuzco,0,,liniers,Liniers,9.0,Capital Federal,-34.638665,-58.5276588,27.0,27.0,,,0,,,,14444.44,Local comercial en Alquiler Liniers,,,0,0,0,0,0,0,0,0,0,0,0,0,0,0,0,0,0,0,0,0,0,0
remax,ff82d72c-0192-4032-8263-f3032f1a9cbf,https://www.remax.com.ar/listings/alquiler-2-ambientes-luminoso,2026-08-13T22:30:20+00:00,alquiler,departamento_estandar,600000.0,ARS,ARS 600000.0,169000.0,ARS,Teniente General Juan Domingo Perón 1500,Teniente General Juan Domingo Perón,1500,,san nicolas,San Nicolás,1.0,Capital Federal,-34.6067001,-58.3888477,37.0,37.0,2.0,,1,,,,16216.22,Alquiler 2 ambientes – Luminoso -,,,0,0,0,0,0,0,0,0,0,0,0,0,1,0,0,0,0,0,0,0,0,0
remax,ff678016-26b6-4498-8def-aadf5e3f38a3,https://www.remax.com.ar/listings/alquiler-monoambiente-amoblado-nunez,2026-08-13T22:30:20+00:00,alquiler,departamento_monoambiente,630.0,USD,USD 630.0,140000.0,ARS,Avenida del Libertador 6800,Avenida del Libertador,6800,,nunez,Nuñez,13.0,Capital Federal,-34.5493977,-58.4545863,40.5,36.0,1.0,,1,,,,15.56,ALQUILER MONOAMBIENTE AMOBLADO NÚÑEZ,,,0,0,0,0,0,0,0,0,0,0,0,0,0,0,0,0,0,0,1,0,0,0
remax,ff660a85-172e-4b51-be32-538903d8e18a,https://www.remax.com.ar/listings/depto-4-amb-alquiler-con-cochera-baulera-v-urquiza,2026-08-13T22:30:20+00:00,alquiler,departamento_estandar,1200000.0,ARS,ARS 1200000.0,326000.0,ARS,Blanco Encalada 4700,Blanco Encalada,4700,,villa urquiza,Villa Urquiza,12.0,Capital Federal,-34.573315309877,-58.482759833123,74.57,66.42,4.0,,1,1.0,,,16092.26,DEPTO 4 AMB ALQUILER CON COCHERA BAULERA V URQUIZA,,,0,0,0,0,0,0,0,0,0,1,1,0,0,0,0,0,0,0,0,0,0,0
remax,ff593736-ddbc-4880-947e-8e7b7479d202,https://www.remax.com.ar/listings/2-ambientes-en-alquiler-en-caballito,2026-08-13T22:30:20+00:00,alquiler,departamento_estandar,850000.0,ARS,ARS 850000.0,340000.0,ARS,Del Barco Centenera 500,Del Barco Centenera,500,,caballito,Caballito Sur,6.0,Capital Federal,-34.6252204,-58.4402378,45.59,39.66,2.0,,1,,,,18644.44,2 ambientes en Alquiler en Caballito,,,0,0,0,0,0,0,0,0,0,0,0,0,0,0,0,0,0,0,0,0,0,0
remax,ff242f4b-3b27-4a32-9df5-24c5cadeefba,https://www.remax.com.ar/listings/dep-de-3-ambientes-en-alquiler-con-jardin-privado,2026-08-13T22:30:24+00:00,alquiler,departamento_estandar,1500.0,USD,USD 1500.0,420.0,ARS,Avenida Raúl Scalabrini Ortiz 2400,Avenida Raúl Scalabrini Ortiz,2400,,,Botánico,,Capital Federal,-34.5857142,-58.4164762,103.0,103.0,3.0,,1,,,,14.56,DEP. DE 3 AMBIENTES EN ALQUILER CON JARDÍN PRIVADO,,,0,0,0,0,0,0,0,0,0,0,0,0,0,0,0,0,0,0,0,1,0,0
remax,ff1fc363-e97a-48d3-9eb8-12d263d6d43b,https://www.remax.com.ar/listings/departamento-en-alquiler-dos-amb-c-balcon-flore,2026-08-13T22:30:24+00:00,alquiler,departamento_estandar,900000.0,ARS,ARS 900000.0,90000.0,ARS,Yerbal 2100,Yerbal,2100,,flores,Flores,7.0,Capital Federal,-34.6265345,-58.4602196,44.0,44.0,2.0,,1,,,,20454.55,departamento en alquiler dos amb. c. balcon Flore,,,0,0,0,0,0,0,0,0,0,0,0,0,0,1,0,0,0,0,0,0,0,0
remax,ff1c2a6b-64e1-4a44-a9ec-b84aae604b6b,https://www.remax.com.ar/listings/alquiler-oficina-belgrano-5-ambientes,2026-08-13T22:30:24+00:00,alquiler,oficina,2300.0,USD,USD 2300.0,199700.0,ARS,La Pampa 2800,La Pampa,2800,,recoleta,Barrio Norte,2.0,Capital Federal,-34.5685713,-58.4606389,94.0,94.0,,,2,,,,24.47,ALQUILER OFICINA BELGRANO 5 AMBIENTES,,,0,0,0,0,0,0,0,0,0,0,0,0,0,0,0,0,0,0,0,0,0,0
remax,ff10d865-415e-4893-86e8-494abd600821,https://www.remax.com.ar/listings/alquiler-oficina-en-balvanera,2026-08-13T22:30:24+00:00,alquiler,oficina,300000.0,ARS,ARS 300000.0,60000.0,ARS,Avenida Corrientes 2300,Avenida Corrientes,2300,,balvanera,Balvanera,3.0,Capital Federal,-34.6049545,-58.3999045,32.74,32.74,,,1,,,,9163.1,ALQUILER OFICINA EN BALVANERA,,,0,0,0,0,0,0,0,0,0,0,0,0,0,0,0,0,0,0,0,0,0,0
remax,ff0ef39e-55c4-4850-bcb5-138cd0309a90,https://www.remax.com.ar/listings/alquiler-departamento-2-ambientes-palermo,2026-08-13T22:30:24+00:00,alquiler,departamento_estandar,850000.0,ARS,ARS 850000.0,0.0,ARS,Bonpland 1500,Bonpland,1500,,palermo,Palermo,14.0,Capital Federal,-34.5847901,-58.4391932,40.0,37.96,2.0,,1,,,,21250.0,ALQUILER DEPARTAMENTO 2 AMBIENTES PALERMO,,,0,0,0,0,0,0,0,0,0,0,0,0,0,0,0,0,0,0,0,0,0,0
remax,fef7b7ab-2c7a-469e-a0f5-43eb34fe2978,https://www.remax.com.ar/listings/alquiler-depto-2-amb-con-cochera,2026-08-13T22:30:24+00:00,alquiler,departamento_estandar,600000.0,ARS,ARS 600000.0,190000.0,ARS,Combate de los Pozos 1600,Combate de los Pozos,1600,,parque patricios,Parque Patricios,4.0,Capital Federal,-34.6281732,-58.3917528,35.39,35.39,2.0,,1,1.0,,,16953.94,ALQUILER DEPTO 2 AMB CON COCHERA,,,0,0,0,0,0,0,0,0,0,1,0,0,0,0,0,0,0,0,0,0,0,0
remax,fef0b00b-6cc4-4840-a034-79e1205cfed4,https://www.remax.com.ar/listings/alquiler-recoleta-5-amb-terraza-73-m2-con-parrilla,2026-08-13T22:30:24+00:00,alquiler,departamento_penthouse,2500000.0,ARS,ARS 2500000.0,372500.0,ARS,Peña 2500,Peña,2500,,recoleta,Recoleta,2.0,Capital Federal,-34.5888415,-58.4007294,228.32,155.32,5.0,,3,,,,10949.54,ALQUILER RECOLETA 5 AMB TERRAZA 73 M2 CON PARRILLA,,,0,0,1,0,0,0,0,0,0,0,0,0,0,1,0,0,0,0,0,0,0,0
remax,fee829d2-6b61-4c67-bd24-4c172ec86579,https://www.remax.com.ar/listings/depto-2-amb-en-alquiler-cochera-full-amenities,2026-08-13T22:30:24+00:00,alquiler,departamento_estandar,1200.0,USD,USD 1200.0,315528.77,ARS,La Pampa 600,La Pampa,600,,belgrano,Belgrano,13.0,Capital Federal,-34.5539184,-58.4360033,42.97,41.9,2.0,,1,1.0,,,27.93,DEPTO 2 AMB EN ALQUILER - COCHERA FULL AMENITIES,,,1,0,0,0,0,0,0,0,0,1,0,0,0,0,0,0,0,0,0,0,0,0
remax,fee70bd5-803a-4ed4-aacc-ffbae73a4d91,https://www.remax.com.ar/listings/alquiler-monoambiente-en-belgrano-con-amenities,2026-08-13T22:30:24+00:00,alquiler,departamento_monoambiente,900000.0,ARS,ARS 900000.0,250000.0,ARS,Manuel Ugarte 2300,Manuel Ugarte,2300,,belgrano,Belgrano,13.0,Capital Federal,-34.555946709068,-58.461019992828,40.0,37.0,1.0,,1,,,,22500.0,Alquiler Monoambiente en Belgrano con amenities,,,1,0,0,0,0,0,0,0,0,0,0,0,0,0,0,0,0,0,0,0,0,0
remax,fee3783c-bd44-4ade-bd72-3164ed3e0cd7,https://www.remax.com.ar/listings/monoambiente-alquiler-caballito-con-balcon,2026-08-13T22:30:24+00:00,alquiler,departamento_monoambiente,450000.0,ARS,ARS 450000.0,160000.0,ARS,Av. Juan Bautista Justo 4100,Av. Juan Bautista Justo,4100,,caballito,Caballito Norte,6.0,Capital Federal,-34.605537090181,-58.459410667419,32.91,32.91,1.0,,1,,,,13673.66,MONOAMBIENTE ALQUILER CABALLITO CON BALCON,,,0,0,0,0,0,0,0,0,0,0,0,0,0,1,0,0,0,0,0,0,0,0
remax,febf0e32-4d37-4396-a4cd-a0a76db2fa5a,https://www.remax.com.ar/listings/alquiler-ph-en-barrio-naon-c-cochera,2026-08-13T22:30:26+00:00,alquiler,ph,2100000.0,ARS,ARS 2100000.0,0.0,ARS,Fragata Cefiro 1900,Fragata Cefiro,1900,,mataderos,Mataderos,9.0,Capital Federal,-34.66021,-58.5159775,176.3,162.0,5.0,,2,1.0,,,11911.51,ALQUILER PH EN BARRIO NAÓN C/ COCHERA,,,0,0,0,0,0,0,0,0,0,1,0,0,0,0,0,0,0,0,0,0,0,0
remax,fe9586f1-bc6d-4e53-95b9-4e2451d2d93b,https://www.remax.com.ar/listings/departamento-pto-madero-3-amb-220m2-totales,2026-08-13T22:30:26+00:00,alquiler,departamento_piso,3700.0,USD,USD 3700.0,1600000.0,ARS,Macacha Güemes 300,Macacha Güemes,300,,puerto madero,Puerto Madero,1.0,Capital Federal,-34.6049081,-58.364383,220.0,220.0,3.0,,3,,,,16.82,Departamento Pto.Madero 3 amb 220m2 totales,,,0,0,0,0,0,0,0,0,0,0,0,0,0,0,0,0,0,0,0,0,0,0
remax,fe3d832f-11ba-4e42-b101-f6e9a69256f5,https://www.remax.com.ar/listings/alquiler-3-ambientes-villa-soldati-con-balcon,2026-08-13T22:30:26+00:00,alquiler,departamento_estandar,650000.0,ARS,ARS 650000.0,0.0,ARS,Avenida Coronel Roca 3500,Avenida Coronel Roca,3500,,villa soldati,Villa Soldati,8.0,Capital Federal,-34.6673333,-58.4410056,49.8,49.8,3.0,,1,,,,13052.21,ALQUILER 3 AMBIENTES VILLA SOLDATI CON BALCON,,,0,0,0,0,0,0,0,0,0,0,0,0,0,1,0,0,0,0,0,0,0,0
remax,fe23c121-3c83-40b0-bcc6-584e916739e2,https://www.remax.com.ar/listings/alquiler-depto-2-amb-con-balcon-coghlan,2026-08-13T22:30:26+00:00,alquiler,departamento_estandar,700000.0,ARS,ARS 700000.0,357722.0,ARS,Monroe 3600,Monroe,3600,,coghlan,Coghlan,12.0,Capital Federal,-34.5654733,-58.4721363,46.7,42.3,2.0,,1,,,,14989.29,ALQUILER DEPTO 2 AMB. CON BALCÓN - COGHLAN,,,0,0,0,0,0,0,0,0,0,0,0,0,0,1,0,0,0,0,0,0,0,0
remax,fe1abb20-dd87-40ea-ac36-d206ea33cefe,https://www.remax.com.ar/listings/alquiler-anual-apto-profesional-palier-semi-privad,2026-08-13T22:30:26+00:00,alquiler,departamento_monoambiente,750000.0,ARS,ARS 750000.0,275000.0,ARS,Migueletes 900,Migueletes,900,,palermo,Las Cañitas,14.0,Capital Federal,-34.5607861,-58.442574,34.88,31.83,1.0,,1,,,,21502.29,ALQUILER ANUAL-APTO PROFESIONAL PALIER SEMI PRIVAD,,,0,0,0,0,0,0,0,0,1,0,0,0,0,0,0,0,0,0,0,0,0,0
remax,fdea4350-36f8-46f4-b650-592b446797ec,https://www.remax.com.ar/listings/alq-monoambiente-a-estrenar-amenities-v-crespo,2026-08-13T22:30:29+00:00,alquiler,departamento_monoambiente,980000.0,ARS,ARS 980000.0,120000.0,ARS,Acevedo 1000,Acevedo,1000,,villa crespo,Villa Crespo,15.0,Capital Federal,-34.5934555,-58.4331971,35.56,33.0,1.0,,1,,,,27559.06,Alq Monoambiente a estrenar / Amenities V. Crespo,,,1,0,0,0,0,0,0,0,0,0,0,0,0,0,0,0,0,0,0,0,0,0
remax,fdd66a96-84ca-4ffc-a2f0-59a744c4c759,https://www.remax.com.ar/listings/alquiler-3-ambientes-con-cochera-amoblado-palermo,2026-08-13T22:30:29+00:00,alquiler,departamento_estandar,1050.0,USD,USD 1050.0,250000.0,ARS,Gascon 1000,Gascon,1000,,palermo,Palermo,14.0,Capital Federal,-34.598372910018,-58.423643392376,82.0,72.0,3.0,,1,1.0,,,12.8,ALQUILER 3 AMBIENTES CON COCHERA AMOBLADO PALERMO,,,0,0,0,0,0,0,0,0,0,1,0,0,0,0,0,0,0,0,1,0,0,0
remax,fdd0da11-9a4f-4d48-abbb-9c5f53b071d9,https://www.remax.com.ar/listings/alquiler-local-impecable-estado-balvanera,2026-08-13T22:30:29+00:00,alquiler,local,2000.0,USD,USD 2000.0,0.0,ARS,Viamonte 2200,Viamonte,2200,,balvanera,Balvanera,3.0,Capital Federal,-34.6008653,-58.3991863,258.41,258.41,,,0,,,,7.74,ALQUILER LOCAL IMPECABLE ESTADO BALVANERA,,,0,0,0,0,0,0,0,0,0,0,0,0,0,0,0,0,0,0,0,0,0,0
remax,fdc3c4dc-0496-482c-98be-d93644b20689,https://www.remax.com.ar/listings/alquiler-dpto-2-ambientes-c-coch-villa-pueyrredon,2026-08-13T22:30:29+00:00,alquiler,departamento_estandar,1000000.0,ARS,ARS 1000000.0,163000.0,ARS,Avenida Salvador María del Carril 2600,Avenida Salvador María del Carril,2600,,villa pueyrredon,Villa Pueyrredón,12.0,Capital Federal,-34.5892033,-58.495482,55.84,48.56,2.0,,1,,,,17908.31,ALQUILER DPTO 2 AMBIENTES C/COCH VILLA PUEYRREDON,,,0,0,0,0,0,0,0,0,0,0,0,0,0,0,0,0,0,0,0,0,0,0
remax,fdb48297-23b3-4ba7-b73a-281b4acbdcd9,https://www.remax.com.ar/listings/local-en-alquiler-60-m2-velez-sarsfield-caba,2026-08-13T22:30:29+00:00,alquiler,local,800000.0,ARS,ARS 800000.0,0.0,ARS,Avenida Carrasco 400,Avenida Carrasco,400,,velez sarsfield,Velez Sarsfield,10.0,Capital Federal,-34.6320835,-58.4914344,58.0,58.0,,,0,,,,13793.1,Local en Alquiler 60 m2 Velez Sarsfield CABA,,,0,0,0,0,0,0,0,0,0,0,0,0,0,0,0,0,0,0,0,0,0,0
remax,fda035d7-dc26-4d4e-ba6d-bdd466c73663,https://www.remax.com.ar/listings/alquiler-monoambiente-con-balcon-villa-luro,2026-08-13T22:30:29+00:00,alquiler,departamento_monoambiente,550000.0,ARS,ARS 550000.0,70000.0,ARS,Zelada 4700,Zelada,4700,,villa luro,Villa Luro,10.0,Capital Federal,-34.6413125,-58.4932777,34.0,30.0,1.0,,1,,,,16176.47,ALQUILER MONOAMBIENTE CON BALCÓN VILLA LURO,,,0,0,0,0,0,0,0,0,0,0,0,0,0,1,0,0,0,0,0,0,0,0
remax,fd99b05d-33d2-4c47-b8dc-c674a320a092,https://www.remax.com.ar/listings/alquiler-monoambiente-monte-castro-con-balcon,2026-08-13T22:30:29+00:00,alquiler,departamento_monoambiente,700000.0,ARS,ARS 700000.0,158000.0,ARS,Joaquín V. González 2100,Joaquín V. González,2100,,monte castro,Monte Castro,10.0,Capital Federal,-34.6114479,-58.4981545,45.16,41.0,1.0,,1,,,,15500.44,ALQUILER MONOAMBIENTE MONTE CASTRO CON BALCON,,,0,0,0,0,0,0,0,0,0,0,0,0,0,1,0,0,0,0,0,0,0,0
remax,fd8edc6d-4b73-4f51-a6ae-cd922d0972e4,https://www.remax.com.ar/listings/alquiler-dos-ambientes-en-flores-apto-profesional,2026-08-13T22:30:29+00:00,alquiler,departamento_estandar,550000.0,ARS,ARS 550000.0,80000.0,ARS,Calle Doctor Juan Felipe Aranguren 2900,Calle Doctor Juan Felipe Aranguren,2900,,flores,Flores,7.0,Capital Federal,-34.6253747,-58.4725961,29.2,29.2,2.0,,1,,,,18835.62,ALQUILER DOS AMBIENTES EN FLORES APTO PROFESIONAL,,,0,0,0,0,0,0,0,0,1,0,0,0,0,0,0,0,0,0,0,0,0,0
remax,fd7dd22f-9d99-4ec3-b155-b17b61ada8d6,https://www.remax.com.ar/listings/alquiler-local-comercial-san-cristobal,2026-08-13T22:30:29+00:00,alquiler,local,3500000.0,ARS,ARS 3500000.0,0.0,ARS,Avenida Pavón 2500,Avenida Pavón,2500,,san cristobal,San Cristobal,3.0,Capital Federal,-34.6273372,-58.4011125,120.0,120.0,,,1,,,,29166.67,ALQUILER LOCAL COMERCIAL SAN CRISTOBAL,,,0,0,0,0,0,0,0,0,0,0,0,0,0,0,0,0,0,0,0,0,0,0
remax,fd65b8b6-e66a-4ea9-86b5-ce7dcd7852c3,https://www.remax.com.ar/listings/alquiler-2-ambientes-con-balcon-y-patio-en-palermo,2026-08-13T22:30:29+00:00,alquiler,departamento_estandar,850000.0,ARS,ARS 850000.0,400000.0,ARS,Soldado de la Independencia 800,Soldado de la Independencia,800,,palermo,Las Cañitas,14.0,Capital Federal,-34.567048848905,-58.435533642769,58.88,46.78,2.0,,1,,,,14436.14,ALQUILER 2 ambientes con Balcon y Patio en Palermo,,,0,0,0,0,0,0,0,0,0,0,0,0,0,1,0,0,0,0,0,1,0,0
remax,fd02509c-e425-43db-8784-d7cfe5dbad9d,https://www.remax.com.ar/listings/alquiler-moderno-monoam-j-bonifacio-1600-caballito,2026-08-13T22:30:32+00:00,alquiler,departamento_estandar,550000.0,ARS,ARS 550000.0,223263.0,ARS,José Bonifacio 1600,José Bonifacio,1600,,caballito,Caballito,6.0,Capital Federal,-34.6295191,-58.4516221,33.51,33.51,1.0,,1,,,,16413.01,ALQUILER MODERNO MONOAM-J.BONIFACIO 1600-CABALLITO,,,0,0,0,0,0,0,0,0,0,0,0,0,0,0,0,0,0,0,0,0,0,0
remax,fcf51a2d-5792-427c-b46d-c678bab0159f,https://www.remax.com.ar/listings/alquiler-2-ambientes-luminoso-al-frente-c-cochera,2026-08-13T22:30:32+00:00,alquiler,departamento_estandar,1100000.0,ARS,ARS 1100000.0,244700.0,ARS,Libertador 1000,Libertador,1000,,recoleta,Recoleta,2.0,Capital Federal,-34.586161732424,-58.387160897037,39.0,39.0,2.0,,1,1.0,,,28205.13,ALQUILER 2 AMBIENTES LUMINOSO AL FRENTE C/ COCHERA,,,0,0,0,0,0,0,0,0,0,1,0,0,1,0,0,0,0,1,0,0,0,0
remax,fcd4a3c6-aa09-489a-9b8a-dd7bf28ff23e,https://www.remax.com.ar/listings/studio-1-amb-en-alquiler-pegado-a-la-bombonera,2026-08-13T22:30:32+00:00,alquiler,oficina,450.0,USD,USD 450.0,450000.0,ARS,Brandsen 900,Brandsen,900,,la boca,La Boca,4.0,Capital Federal,-34.636708045422,-58.365557491779,23.25,23.25,,,1,,,,19.35,Studio 1 amb. en alquiler pegado a La Bombonera,,,0,0,0,0,0,0,0,0,0,0,0,0,0,0,0,0,0,0,0,0,0,0
remax,fcc6148f-14dc-4d70-a464-a140efe9a597,https://www.remax.com.ar/listings/alquiler-monoamb-almagro-balcon-hosp-italiano-amob,2026-08-13T22:30:32+00:00,alquiler,departamento_monoambiente,500000.0,ARS,ARS 500000.0,77900.0,ARS,Valentín Gómez 3800,Valentín Gómez,3800,,almagro,Almagro,5.0,Capital Federal,-34.604145335456,-58.419033267795,25.0,20.0,1.0,,1,,,,20000.0,Alquiler Monoamb Almagro balcon Hosp Italiano AMOB,,,0,0,0,0,0,0,0,0,0,0,0,0,0,1,0,0,0,0,0,0,0,0
remax,fc8db79e-6ab5-45a3-90c4-a2c04afe8952,https://www.remax.com.ar/listings/departamento-alquiler-monoambiente-floresta-balcon,2026-08-13T22:30:32+00:00,alquiler,departamento_monoambiente,550000.0,ARS,ARS 550000.0,90000.0,ARS,Bolaños 0,Bolaños,0,,floresta,Floresta,10.0,Capital Federal,-34.6353875,-58.4844473,34.92,30.29,1.0,,1,,,,15750.29,DEPARTAMENTO ALQUILER MONOAMBIENTE FLORESTA BALCON,,,0,0,0,0,0,0,0,0,0,0,0,0,0,1,0,0,0,0,0,0,0,0
remax,fc6a3976-940a-432d-b2af-394326f7420c,https://www.remax.com.ar/listings/alquiler-3-ambientes-amoblado,2026-08-13T22:30:32+00:00,alquiler,departamento_estandar,1300.0,USD,USD 1300.0,280000.0,ARS,Echeverría 2400,Echeverría,2400,,belgrano,Belgrano C,13.0,Capital Federal,-34.562982,-58.4556257,76.0,70.0,3.0,,1,,,,17.11,ALQUILER 3 AMBIENTES AMOBLADO,,,0,0,0,0,0,0,0,0,0,0,0,0,0,0,0,0,0,0,1,0,0,0
remax,fc43c431-bd0e-42ea-b73a-b9a087468a54,https://www.remax.com.ar/listings/alquiler-2-ambientes-con-pileta,2026-08-13T22:30:36+00:00,alquiler,departamento_estandar,790000.0,ARS,ARS 790000.0,125000.0,ARS,Campana 4300,Campana,4300,,villa devoto,Villa Devoto,11.0,Capital Federal,-34.5922699,-58.5051434,42.01,38.27,2.0,,1,,,,18805.05,Alquiler 2 ambientes con pileta,,,1,1,0,0,0,0,0,0,0,0,0,0,0,0,0,0,0,0,0,0,0,0
remax,fc3fb3ae-b21b-4f23-ba20-2e30407edbc3,https://www.remax.com.ar/listings/local-comercial-en-alquiler-balvanera,2026-08-13T22:30:36+00:00,alquiler,local,1800.0,USD,USD 1800.0,,ARS,Lavalle 2000,Lavalle,2000,,balvanera,Balvanera,3.0,Capital Federal,-34.6031767,-58.3962384,250.0,250.0,,,0,,,,7.2,LOCAL COMERCIAL EN ALQUILER BALVANERA,,,0,0,0,0,0,0,0,0,0,0,0,0,0,0,0,0,0,0,0,0,0,0
remax,fc22360d-f795-4dd1-a2b8-f9d58d1490b3,https://www.remax.com.ar/listings/alquiler-local-belgrano-apto-todo-destino,2026-08-13T22:30:36+00:00,alquiler,local,6000000.0,ARS,ARS 6000000.0,0.0,ARS,La Pampa 2400,La Pampa,2400,,belgrano,Belgrano R,13.0,Capital Federal,-34.56517,-58.454637,200.0,200.0,,,2,,,,30000.0,Alquiler Local Belgrano Apto Todo Destino,,,0,0,0,0,0,0,0,0,0,0,0,0,0,0,0,0,0,0,0,0,0,0
remax,fc1cca25-0c89-45b6-ace0-bd05eeb858b9,https://www.remax.com.ar/listings/alquiler-local-zona-warnes-villa-crespo,2026-08-13T22:30:36+00:00,alquiler,local,1600.0,USD,USD 1600.0,50000.0,ARS,Fitz Roy 0,Fitz Roy,0,,villa crespo,Villa Crespo,15.0,Capital Federal,-34.597210724092,-58.452656286124,219.0,219.0,,,2,,,,7.31,Alquiler local zona warnes villa crespo,,,0,0,0,0,0,0,0,0,0,0,0,0,0,0,0,0,0,0,0,0,0,0
remax,fbf270c2-7afe-4acb-93d2-f1f64110207f,https://www.remax.com.ar/listings/alquiler-caballito-3-amb-c-baulera-y-toilett-imp,2026-08-13T22:30:36+00:00,alquiler,departamento_estandar,1500000.0,ARS,ARS 1500000.0,350000.0,ARS,San Jose de Calasanz 500,San Jose de Calasanz,500,,caballito,Caballito,6.0,Capital Federal,-34.625200744252,-58.437684774399,70.26,64.91,3.0,,1,,,,21349.27,ALQUILER CABALLITO 3 AMB C/ BAULERA Y TOILETT IMP.,,,0,0,0,0,0,0,0,0,0,0,1,0,0,0,0,0,0,0,0,0,0,0
remax,fbf0bcb6-5ac6-4e06-9aa6-48aac9697ca0,https://www.remax.com.ar/listings/alquiler-oficina-en-centro-caba,2026-08-13T22:30:36+00:00,alquiler,oficina,850000.0,ARS,ARS 850000.0,399000.0,ARS,Adolfo Alsina 900,Adolfo Alsina,900,,monserrat,Monserrat,1.0,Capital Federal,-34.6108103,-58.3796679,180.0,180.0,,,2,,,,4722.22,ALQUILER OFICINA EN CENTRO CABA,,,0,0,0,0,0,0,0,0,0,0,0,0,0,0,0,0,0,0,0,0,0,0
remax,fbe8fd2f-a8d3-493a-a715-4902eb77f641,https://www.remax.com.ar/listings/alquiler-monoambiente-con-balcon-en-belgrano-1,2026-08-13T22:30:36+00:00,alquiler,departamento_monoambiente,850000.0,ARS,ARS 850000.0,120000.0,ARS,Doctor Pedro Ignacio Rivera 2500,Doctor Pedro Ignacio Rivera,2500,,belgrano,Belgrano,13.0,Capital Federal,-34.5576994,-58.4625111,39.0,35.5,1.0,,1,,,,21794.87,ALQUILER MONOAMBIENTE CON BALCÓN EN BELGRANO,,,0,0,0,0,0,0,0,0,0,0,0,0,0,1,0,0,0,0,0,0,0,0
remax,fbe5196c-de7a-4a16-9c8a-dd0cebd98a8c,https://www.remax.com.ar/listings/alquier-en-la-avenida-cordoba-600-caba,2026-08-13T22:30:36+00:00,alquiler,departamento_estandar,650000.0,ARS,ARS 650000.0,190000.0,ARS,Avenida Córdoba 600,Avenida Córdoba,600,,retiro,Retiro,1.0,Capital Federal,-34.5986278,-58.3762144,46.0,46.0,1.0,,1,,,,14130.43,ALQUIER EN LA AVENIDA CORDOBA 600-CABA,,,0,0,0,0,0,0,0,0,0,0,0,0,0,0,0,0,0,0,0,0,0,0
remax,fbdde7c2-a1f8-49b5-87ed-3e9146e9431e,https://www.remax.com.ar/listings/alquiler-dpto-3-amb-c-balcon-excel-ubic-recoleta,2026-08-13T22:30:36+00:00,alquiler,departamento_estandar,950000.0,ARS,ARS 950000.0,309000.0,ARS,Junín 1500,Junín,1500,,recoleta,Recoleta,2.0,Capital Federal,-34.590566982535,-58.394738528366,62.51,58.46,3.0,,1,,,,15197.57,ALQUILER-DPTO.3 AMB.C/BALCÓN-EXCEL-UBIC-RECOLETA,,,0,0,0,0,0,0,0,0,0,0,0,0,0,1,0,0,0,0,0,0,0,0
remax,fbcdf4f9-25b3-40a9-b83d-013b02059c84,https://www.remax.com.ar/listings/alquiler-monoambiente-villa-crespo-con-balcon-2,2026-08-13T22:30:36+00:00,alquiler,departamento_monoambiente,750000.0,ARS,ARS 750000.0,145770.0,ARS,Darwin 500,Darwin,500,,villa crespo,Villa Crespo,15.0,Capital Federal,-34.5947823,-58.4462806,32.55,29.71,1.0,,1,,,,23041.47,ALQUILER MONOAMBIENTE VILLA CRESPO CON BALCON,,,0,0,0,0,0,0,0,0,0,0,0,0,0,1,0,0,0,0,0,0,0,0
remax,fbcbb9b5-721c-4265-97bf-0dd73fd6d938,https://www.remax.com.ar/listings/alquiler-ph-3-ambientes-refaccionado-en-colegiales,2026-08-13T22:30:36+00:00,alquiler,ph,1600.0,USD,USD 1600.0,0.0,ARS,Olleros 2500,Olleros,2500,,colegiales,Colegiales,13.0,Capital Federal,-34.5718944,-58.4448785,94.7,66.7,3.0,,2,,,,16.9,ALQUILER PH 3 AMBIENTES REFACCIONADO EN COLEGIALES,,,0,0,0,0,0,0,0,0,0,0,0,0,0,0,0,1,0,0,0,0,0,0
remax,fb8cfa94-4e9a-4344-867f-bfc6d1fb6bcd,https://www.remax.com.ar/listings/alquiiler-departamento-2-ambientes-villa-devoto,2026-08-13T22:30:39+00:00,alquiler,departamento_estandar,750000.0,ARS,ARS 750000.0,75000.0,ARS,Vallejos 4400,Vallejos,4400,,villa devoto,Villa Devoto,11.0,Capital Federal,-34.5995691,-58.5201163,40.57,40.57,2.0,,1,,,,18486.57,ALQUIILER DEPARTAMENTO 2 AMBIENTES VILLA DEVOTO,,,0,0,0,0,0,0,0,0,0,0,0,0,0,0,0,0,0,0,0,0,0,0
remax,fb750a0e-beef-4ab3-a3d7-586616623960,https://www.remax.com.ar/listings/oficina-aaa-alquiler-retiro-con-cochera-1,2026-08-13T22:30:39+00:00,alquiler,oficina,3500.0,USD,USD 3500.0,1700000.0,ARS,Esmeralda 1000,Esmeralda,1000,,retiro,Retiro,1.0,Capital Federal,-34.5954218,-58.3785766,445.0,445.0,,,2,1.0,,,7.87,Oficina AAA alquiler Retiro con cochera,,,0,0,0,0,0,0,0,0,0,1,0,0,0,0,0,0,0,0,0,0,0,0
remax,fb4d1571-a032-4849-901a-3179ef176bc7,https://www.remax.com.ar/listings/alquiler-departamento-3-ambientes-palermo-1,2026-08-13T22:30:39+00:00,alquiler,departamento_estandar,900000.0,ARS,ARS 900000.0,146560.19,ARS,Acuña de Figueroa 1300,Acuña de Figueroa,1300,,palermo,Palermo,14.0,Capital Federal,-34.595768294184,-58.421406411376,46.96,46.96,3.0,,1,,,,19165.25,ALQUILER DEPARTAMENTO 3 AMBIENTES PALERMO,,,0,0,0,0,0,0,0,0,0,0,0,0,0,0,0,0,0,0,0,0,0,0
remax,fafa9af3-e48e-4cb5-94f9-e4cad1a2b728,https://www.remax.com.ar/listings/alquiler-dpto-3-ambientes-90m2-villa-ortuzar,2026-08-13T22:30:39+00:00,alquiler,departamento_estandar,1200000.0,ARS,ARS 1200000.0,322000.0,ARS,Avenida Álvarez Thomas 1300,Avenida Álvarez Thomas,1300,,villa ortuzar,Villa Ortuzar,15.0,Capital Federal,-34.5784446,-58.4609009,90.0,90.0,3.0,,1,,,,13333.33,ALQUILER DPTO 3 AMBIENTES 90m2 VILLA ORTUZAR,,,0,0,0,0,0,0,0,0,0,0,0,0,0,0,0,0,0,0,0,0,0,0
remax,fafa209f-7d1c-4425-9018-519ab788b165,https://www.remax.com.ar/listings/alquiler-depto-amoblado-luz-3amb-expensa-incluidas,2026-08-13T22:30:42+00:00,alquiler,departamento_estandar,1300.0,USD,USD 1300.0,1.0,ARS,Avenida Belgrano 300,Avenida Belgrano,300,,san telmo,San Telmo,1.0,Capital Federal,-34.610958966855,-58.371133804321,50.0,50.0,3.0,,1,,,,26.0,ALQUILER DEPTO AMOBLADO LUZ 3AMB EXPENSA INCLUIDAS,,,0,0,0,0,0,0,0,0,0,0,0,0,0,0,0,0,0,0,1,0,0,0
remax,fabcbd22-e0b7-475c-8f1b-542aaa386900,https://www.remax.com.ar/listings/alquiler-local-en-av-juan-b-justo-y-aguirre,2026-08-13T22:30:42+00:00,alquiler,local,1000000.0,ARS,ARS 1000000.0,800000.0,ARS,Avenida Juan Bautista Justo 2200,Avenida Juan Bautista Justo,2200,,villa crespo,Villa Crespo,15.0,Capital Federal,-34.592277,-58.4411382,120.89,120.89,,,1,,,,8271.98,Alquiler local en Av. Juan B Justo y Aguirre,,,0,0,0,0,0,0,0,0,0,0,0,0,0,0,0,0,0,0,0,0,0,0
remax,fa8801b9-a9f0-4d25-92e0-80f15a7b6906,https://www.remax.com.ar/listings/alquiler-departamento-2-ambientes-caballito-1,2026-08-13T22:30:42+00:00,alquiler,departamento_estandar,890000.0,ARS,ARS 890000.0,220000.0,ARS,Cachimayo 700,Cachimayo,700,,caballito,Caballito,6.0,Capital Federal,-34.629474168352,-58.441300392151,51.65,43.48,2.0,,1,,,,17231.36,ALQUILER DEPARTAMENTO 2 AMBIENTES CABALLITO,,,0,0,0,0,0,0,0,0,0,0,0,0,0,0,0,0,0,0,0,0,0,0
remax,fa837e94-6744-487b-9e1f-ad2097970e7f,https://www.remax.com.ar/listings/luminoso-ph-en-alquiler-con-patio,2026-08-13T22:30:42+00:00,alquiler,ph,870000.0,ARS,ARS 870000.0,70000.0,ARS,Juan Agustín García 4700,Juan Agustín García,4700,,monte castro,Monte Castro,10.0,Capital Federal,-34.6224795,-58.5006405,41.1,35.0,2.0,,1,,,,21167.88,Luminoso ph en alquiler con patio!!!,,,0,0,0,0,0,0,0,0,0,0,0,0,1,0,0,0,0,0,0,1,0,0
remax,fa76c991-b059-4d77-8292-b062d7b5407c,https://www.remax.com.ar/listings/alquiler-3-ambientes-reciclado-a-nuevo-nunez,2026-08-13T22:30:42+00:00,alquiler,departamento_estandar,1000050.0,ARS,ARS 1000050.0,85000.0,ARS,O'higgins 4600,O'higgins,4600,,nunez,Nuñez,13.0,Capital Federal,-34.53918,-58.4698103,55.0,55.0,3.0,,1,,,,18182.73,ALQUILER 3 AMBIENTES RECICLADO A NUEVO NUNEZ,,,0,0,0,0,0,0,0,0,0,0,0,0,0,0,0,1,0,0,0,0,0,0
remax,fa4281a5-518a-4bb5-b7cb-7792c8b29a0c,https://www.remax.com.ar/listings/alquiler-almagro-depto-4-amb-balcon-todo-luz,2026-08-13T22:30:42+00:00,alquiler,departamento_estandar,1100000.0,ARS,ARS 1100000.0,315000.0,ARS,Rauch 3900,Rauch,3900,,almagro,Almagro,5.0,Capital Federal,-34.6002204,-58.419323,72.61,64.61,4.0,,1,,,,15149.43,"Alquiler Almagro Depto 4 Amb + Balcon, todo luz",,,0,0,0,0,0,0,0,0,0,0,0,0,1,1,0,0,0,0,0,0,0,0
remax,fa25890e-c271-4cf6-a7c2-63d3b77b1fcb,https://www.remax.com.ar/listings/alquiler-departamento-4-ambientes-con-balcon-nunez,2026-08-13T22:30:42+00:00,alquiler,departamento_estandar,1400000.0,ARS,ARS 1400000.0,250.0,ARS,Quesada 2300,Quesada,2300,,nunez,Nuñez,13.0,Capital Federal,-34.5543393,-58.4631744,66.59,62.72,4.0,,1,,,,21024.18,ALQUILER DEPARTAMENTO 4 AMBIENTES CON BALCON NUÑEZ,,,0,0,0,0,0,0,0,0,0,0,0,0,0,1,0,0,0,0,0,0,0,0
remax,fa12ea16-613c-4acf-bb7e-24a3249d4f33,https://www.remax.com.ar/listings/alquiler-monoambiente-con-balcon-y-coch-belgrano-c,2026-08-13T22:30:46+00:00,alquiler,departamento_monoambiente,700000.0,ARS,ARS 700000.0,197000.0,ARS,Virrey del Pino 2200,Virrey del Pino,2200,,belgrano,Belgrano C,13.0,Capital Federal,-34.56532,-58.450187,36.0,33.0,1.0,,1,,,,19444.44,ALQUILER MONOAMBIENTE CON BALCÓN Y COCH BELGRANO C,,,0,0,0,0,0,0,0,0,0,0,0,0,0,1,0,0,0,0,0,0,0,0
remax,f9f0f881-274e-4d00-a9f1-30804f5ea8d0,https://www.remax.com.ar/listings/alquiler-2-ambientes-torre-evoque-full-amenities,2026-08-13T22:30:46+00:00,alquiler,departamento_estandar,1200000.0,ARS,ARS 1200000.0,285000.0,ARS,Avenida Olazábal 4800,Avenida Olazábal,4800,,villa urquiza,Villa Urquiza,12.0,Capital Federal,-34.5752733,-58.4842631,56.8,47.9,2.0,,1,,,,21126.76,ALQUILER 2 AMBIENTES TORRE EVOQUE FULL AMENITIES,,,1,0,0,0,0,0,0,0,0,0,0,0,0,0,0,0,0,0,0,0,0,0
remax,f9b5c65e-f645-428b-b7cd-8b218fdd2a4f,https://www.remax.com.ar/listings/alquiler-depto-2-amb-c-cochera-villa-santa-rita,2026-08-13T22:30:46+00:00,alquiler,departamento_estandar,900000.0,ARS,ARS 900000.0,145000.0,ARS,Argerich 1700,Argerich,1700,,villa santa rita,Villa Santa Rita,11.0,Capital Federal,-34.614580571705,-58.480780063692,44.43,41.41,2.0,,1,1.0,,,20256.58,"Alquiler Depto 2 amb c/ cochera, Villa Santa Rita",,,0,0,0,0,0,0,0,0,0,1,0,0,0,0,0,0,0,0,0,0,0,0
remax,f9ad3b06-147a-4d18-96b1-861ed346c5d6,https://www.remax.com.ar/listings/alquiler-de-departamento-dos-ambientes-y-amenities,2026-08-13T22:30:46+00:00,alquiler,departamento_estandar,750000.0,ARS,ARS 750000.0,250000.0,ARS,Independencia 3200,Independencia,3200,,san cristobal,San Cristobal,3.0,Capital Federal,-34.620600908515,-58.412123322487,41.0,37.0,2.0,,1,,,,18292.68,ALQUILER DE DEPARTAMENTO DOS AMBIENTES Y AMENITIES,,,1,0,0,0,0,0,0,0,0,0,0,0,0,0,0,0,0,0,0,0,0,0
remax,f998cd93-7b26-4cbe-b9a3-ee2723106b60,https://www.remax.com.ar/listings/alquiler-de-departamento-3-ambientes-a-extrenar,2026-08-13T22:30:46+00:00,alquiler,departamento_estandar,1350.0,USD,USD 1350.0,150000.0,ARS,Coronel Ramón Lista 5100,Coronel Ramón Lista,5100,,villa devoto,Villa Devoto,11.0,Capital Federal,-34.613205,-58.5228022,86.7,78.5,3.0,,2,,,,15.57,ALQUILER DE DEPARTAMENTO 3 AMBIENTES A EXTRENAR,,,0,0,0,0,0,0,0,0,0,0,0,0,0,0,0,0,0,0,0,0,0,0
remax,f9586a30-7fcf-4b0f-a4a2-8ed2019c6469,https://www.remax.com.ar/listings/local-comercial-villa-urquiza,2026-08-13T22:30:49+00:00,alquiler,local,4200000.0,ARS,ARS 4200000.0,0.0,ARS,Monroe 4300,Monroe,4300,,villa urquiza,Villa Urquiza,12.0,Capital Federal,-34.5694625,-58.478435,270.0,140.0,,,1,,,,15555.56,Local Comercial Villa Urquiza,,,0,0,0,0,0,0,0,0,0,0,0,0,0,0,0,0,0,0,0,0,0,0
remax,f925e832-52d9-4805-805b-884e57125cb9,https://www.remax.com.ar/listings/alquiler-canitas-dpto-2-amb-2-balcon-luz-impecable,2026-08-13T22:30:49+00:00,alquiler,departamento_estandar,1100000.0,ARS,ARS 1100000.0,270000.0,ARS,Huergo 200,Huergo,200,,palermo,Las Cañitas,14.0,Capital Federal,-34.5731431,-58.4317932,52.0,48.0,2.0,,1,,,,21153.85,ALQUILER CAÑITAS DPTO 2 AMB 2 BALCON LUZ IMPECABLE,,,0,0,0,0,0,0,0,0,0,0,0,0,0,1,0,0,0,0,0,0,0,0
remax,f921ffa6-c2b6-4f56-93cf-26cadaa44ee2,https://www.remax.com.ar/listings/alquiler-depto-3-ambientes-en-flores,2026-08-13T22:30:49+00:00,alquiler,departamento_estandar,1250000.0,ARS,ARS 1250000.0,419000.0,ARS,Avenida Carabobo 400,Avenida Carabobo,400,,parque chacabuco,Parque Chacabuco,7.0,Capital Federal,-34.6318148,-58.4540454,67.52,63.0,3.0,,2,,,,18513.03,ALQUILER DEPTO 3 AMBIENTES EN FLORES,,,0,0,0,0,0,0,0,0,0,0,0,0,0,0,0,0,0,0,0,0,0,0
remax,f8ffb77a-f603-482d-96f3-7ddddbc31179,https://www.remax.com.ar/listings/alquiler-ph-2-amb-mataderos-sin-expensas-planta-a,2026-08-13T22:30:49+00:00,alquiler,ph,700000.0,ARS,ARS 700000.0,0.0,ARS,Avenida Coronel Cárdenas 2300,Avenida Coronel Cárdenas,2300,,mataderos,Mataderos,9.0,Capital Federal,-34.6633825,-58.5043683,35.0,35.0,2.0,,1,,,,20000.0,ALQUILER PH 2 AMB MATADEROS SIN EXPENSAS PLANTA A,,,0,0,0,0,0,0,0,0,0,0,0,0,0,0,0,0,0,0,0,0,0,0
remax,f8c6c439-1915-44d4-9705-7229a7f7f6da,https://www.remax.com.ar/listings/alquiler-2amb-flores-sin-expensas-oportunidad,2026-08-13T22:30:49+00:00,alquiler,departamento_estandar,800000.0,ARS,ARS 800000.0,0.0,ARS,Páez 2100,Páez,2100,,flores,Flores,7.0,Capital Federal,-34.6190551,-58.4640052,47.0,44.0,2.0,,1,,,,17021.28,ALQUILER 2AMB FLORES SIN EXPENSAS OPORTUNIDAD,,,0,0,0,0,0,0,0,0,0,0,0,0,0,0,0,0,0,0,0,0,0,0
remax,f8a8b7a4-0624-4a4d-8cac-ba5f0ed5166d,https://www.remax.com.ar/listings/alquiler-departamento-65-m2-retiro,2026-08-13T22:30:49+00:00,alquiler,departamento_estandar,900000.0,ARS,ARS 900000.0,484737.0,ARS,Suipacha 1000,Suipacha,1000,,retiro,Retiro,1.0,Capital Federal,-34.5959558,-58.379848,66.0,62.0,3.0,,1,,,,13636.36,ALQUILER DEPARTAMENTO 65 m2 - RETIRO,,,0,0,0,0,0,0,0,0,0,0,0,0,0,0,0,0,0,0,0,0,0,0
remax,f875ff29-5e2e-41d7-a636-f8dc07cf8066,https://www.remax.com.ar/listings/alquiler-de-oficina-monserrat,2026-08-13T22:30:52+00:00,alquiler,oficina,200000.0,ARS,ARS 200000.0,140000.0,ARS,Santiago del Estero 300,Santiago del Estero,300,,monserrat,Monserrat,1.0,Capital Federal,-34.612636674548,-58.384630680084,27.0,27.0,,,0,,,,7407.41,ALQUILER DE OFICINA MONSERRAT,,,0,0,0,0,0,0,0,0,0,0,0,0,0,0,0,0,0,0,0,0,0,0
remax,f85b0024-27a6-4342-8210-fbc61bce8421,https://www.remax.com.ar/listings/alquila-3-amb-con-patio-en-p-baja,2026-08-13T22:30:52+00:00,alquiler,ph,950000.0,ARS,ARS 950000.0,100000.0,ARS,Vallejos 2600,Vallejos,2600,,villa pueyrredon,Villa Pueyrredón,12.0,Capital Federal,-34.5859888,-58.4976766,58.0,58.0,3.0,,1,,,,16379.31,ALQUILA 3 AMB CON PATIO EN P. BAJA,,,0,0,0,0,0,0,0,0,0,0,0,0,0,0,0,0,0,0,0,1,0,0
remax,f83b27ba-7229-4b75-ab32-3d0c46a1a841,https://www.remax.com.ar/listings/alquiler-monoambiente-caballito-apto-profesional-1,2026-08-13T22:30:52+00:00,alquiler,departamento_monoambiente,480000.0,ARS,ARS 480000.0,80000.0,ARS,Emilio Mitre 0,Emilio Mitre,0,,caballito,Caballito,6.0,Capital Federal,-34.6228149,-58.4439503,23.0,23.0,1.0,,1,,,,20869.57,ALQUILER MONOAMBIENTE CABALLITO APTO PROFESIONAL,,,0,0,0,0,0,0,0,0,1,0,0,0,0,0,0,0,0,0,0,0,0,0
remax,f82cdda1-f5a7-4bd4-b9ae-b10fe52ef3ea,https://www.remax.com.ar/listings/alquiler-departamento-dos-ambientes-flores-norte,2026-08-13T22:30:52+00:00,alquiler,departamento_estandar,700000.0,ARS,ARS 700000.0,150000.0,ARS,Terrero 600,Terrero,600,,flores,Flores,7.0,Capital Federal,-34.6192525,-58.4601655,42.0,40.0,2.0,,1,,,,16666.67,ALQUILER DEPARTAMENTO DOS AMBIENTES FLORES NORTE,,,0,0,0,0,0,0,0,0,0,0,0,0,0,0,0,0,0,0,0,0,0,0
remax,f809e7c9-7e76-4dbf-b1e8-f153f0662643,https://www.remax.com.ar/listings/alquiler-oficina-monoambiente-en-balvanera,2026-08-13T22:30:52+00:00,alquiler,oficina,300000.0,ARS,ARS 300000.0,175000.0,ARS,Avenida Callao 400,Avenida Callao,400,,balvanera,Balvanera,3.0,Capital Federal,-34.603329384247,-58.392355442047,31.0,31.0,,,1,,,,9677.42,Alquiler oficina monoambiente en Balvanera,,,0,0,0,0,0,0,0,0,0,0,0,0,0,0,0,0,0,0,0,0,0,0
remax,f7e04f59-d563-4943-b5f7-42980f3584d5,https://www.remax.com.ar/listings/alquiler-depto-2-amb-piso-alto-excelente-ubicacion,2026-08-13T22:30:52+00:00,alquiler,departamento_estandar,750000.0,ARS,ARS 750000.0,120000.0,ARS,Avenida Corrientes 5900,Avenida Corrientes,5900,,villa crespo,Villa Crespo,15.0,Capital Federal,-34.5936149,-58.4453155,33.0,33.0,2.0,,1,,,,22727.27,Alquiler Depto 2 Amb piso alto excelente ubicación,,,0,0,0,0,0,0,0,0,0,0,0,0,0,0,0,0,0,0,0,0,0,0
remax,f79c25a1-aa9f-4cb2-8526-e0b05fa59b79,https://www.remax.com.ar/listings/alquiler-4-amb-de-con-cochera-centennial-towers,2026-08-13T22:30:55+00:00,alquiler,departamento_estandar,2250.0,USD,USD 2250.0,650000.0,ARS,Avenida del Libertador 8000,Avenida del Libertador,8000,,nunez,Nuñez,13.0,Capital Federal,-34.5411245,-58.4637679,113.0,102.0,4.0,,3,1.0,,,19.91,ALQUILER 4 AMB DE CON COCHERA - CENTENNIAL TOWERS,,,0,0,0,0,0,0,0,0,0,1,0,0,0,0,0,0,0,0,0,0,0,0
remax,f7655d6c-6477-45fa-abd1-aa68bae6897b,https://www.remax.com.ar/listings/alquiler-belgrano-oficina-impecable-y-luminosa,2026-08-13T22:30:55+00:00,alquiler,oficina,1650.0,USD,USD 1650.0,,ARS,Cabildo 600,Cabildo,600,,belgrano,Belgrano,13.0,Capital Federal,-34.571006544135,-58.443510951474,81.0,81.0,,,1,,,,20.37,Alquiler Belgrano Oficina Impecable y Luminosa,,,0,0,0,0,0,0,0,0,0,0,0,0,0,0,0,0,0,0,0,0,0,0
remax,f74e57d0-5527-4c4a-a329-978875783606,https://www.remax.com.ar/listings/alquiler-deposito-barracas-1,2026-08-13T22:30:55+00:00,alquiler,deposito,15000000.0,ARS,ARS 15000000.0,,ARS,Azara 1000,Azara,1000,,barracas,Barracas,4.0,Capital Federal,-34.6426763,-58.3703879,1300.0,1300.0,,,0,,,,11538.46,ALQUILER DEPOSITO BARRACAS,,,0,0,0,0,0,0,0,0,0,0,0,0,0,0,0,0,0,0,0,0,0,0
remax,f73461d4-200a-4d69-bb5c-c90e03638ce2,https://www.remax.com.ar/listings/alquiler-oficina-premium-tribunales-plaza-lavalle,2026-08-13T22:30:55+00:00,alquiler,oficina,1300.0,USD,USD 1300.0,189817.0,ARS,Av. Córdoba 1200,Av. Córdoba,1200,,retiro,Retiro,1.0,Capital Federal,-34.598877914267,-58.384610812397,113.25,113.25,,,2,,,,11.48,ALQUILER OFICINA PREMIUM TRIBUNALES PLAZA LAVALLE,,,0,0,0,0,0,0,0,0,0,0,0,0,0,0,0,0,0,0,0,0,0,0
remax,f713916f-b420-4357-9267-5bbe10baf31e,https://www.remax.com.ar/listings/alquiler-monoambiente-con-balcon-san-telmo,2026-08-13T22:30:55+00:00,alquiler,departamento_monoambiente,700000.0,ARS,ARS 700000.0,220000.0,ARS,Avenida San Juan 800,Avenida San Juan,800,,san telmo,San Telmo,1.0,Capital Federal,-34.6219769,-58.378292,36.53,33.59,1.0,,1,,,,19162.33,ALQUILER MONOAMBIENTE CON BALCON SAN TELMO.,,,0,0,0,0,0,0,0,0,0,0,0,0,0,1,0,0,0,0,0,0,0,0
remax,f70c365e-5f02-44fb-addc-a3d69619d6c7,https://www.remax.com.ar/listings/alquiler-departamento-de-monoambiente-pompeya,2026-08-13T22:30:55+00:00,alquiler,departamento_estandar,360000.0,ARS,ARS 360000.0,140000.0,ARS,Trole 300,Trole,300,,nueva pompeya,Nueva Pompeya,4.0,Capital Federal,-34.6437239,-58.4183754,14.12,14.12,1.0,,1,,,,25495.75,ALQUILER DEPARTAMENTO DE MONOAMBIENTE | POMPEYA,,,0,0,0,0,0,0,0,0,0,0,0,0,0,0,0,0,0,0,0,0,0,0
remax,f7095377-74f1-4c47-9db2-12ec678da871,https://www.remax.com.ar/listings/departamento-2-ambientes-alquiler-puerto-madero,2026-08-13T22:30:55+00:00,alquiler,departamento_estandar,800.0,USD,USD 800.0,300000.0,ARS,Azopardo 700,Azopardo,700,,puerto madero,Puerto Madero,1.0,Capital Federal,-34.6193005,-58.3671639,53.64,48.43,2.0,,1,,,,14.91,Departamento 2 ambientes ALQUILER PUERTO MADERO,,,0,0,0,0,0,0,0,0,0,0,0,0,0,0,0,0,0,0,0,0,0,0
remax,f6fd715a-7b59-459c-8b17-c6e3fef920a2,https://www.remax.com.ar/listings/alquiler-oficinas-av-corrientes-400-san-nicolas,2026-08-13T22:30:57+00:00,alquiler,oficina,1000000.0,USD,USD 1000000.0,473679.09,ARS,Avenida Corrientes 400,Avenida Corrientes,400,,san nicolas,San Nicolás,1.0,Capital Federal,-34.6029914,-58.3732934,179.29,121.67,,,2,,,,5577.56,ALQUILER-OFICINAS -AV. CORRIENTES 400-SAN NICOLAS,,,0,0,0,0,0,0,0,0,0,0,0,0,0,0,0,0,0,0,0,0,0,0
remax,f6ee986a-edaf-407f-a1d9-164e55b3c263,https://www.remax.com.ar/listings/alquiler-monoambiente-villa-luro,2026-08-13T22:30:57+00:00,alquiler,departamento_monoambiente,550000.0,ARS,ARS 550000.0,0.0,ARS,Avenida Rivadavia 9300,Avenida Rivadavia,9300,,villa luro,Villa Luro,10.0,Capital Federal,-34.6371024,-58.4960835,37.65,33.73,1.0,,1,,,,14608.23,ALQUILER MONOAMBIENTE VILLA LURO,,,0,0,0,0,0,0,0,0,0,0,0,0,0,0,0,0,0,0,0,0,0,0
remax,f6a315c3-d740-41b8-887f-822a13108cde,https://www.remax.com.ar/listings/alquiler-2-amb-palermo-calidad-luz-sol-balcon,2026-08-13T22:30:57+00:00,alquiler,departamento_estandar,900000.0,ARS,ARS 900000.0,181100.0,ARS,Guise 1600,Guise,1600,,palermo,Palermo,14.0,Capital Federal,-34.5916862,-58.4137551,44.0,40.0,2.0,,1,,,,20454.55,Alquiler 2 amb Palermo Calidad Luz Sol balcon,,,0,0,0,0,0,0,0,0,0,0,0,0,0,1,0,0,0,0,0,0,0,0
remax,f6a09ef0-4583-4667-94a8-9f1d147fc241,https://www.remax.com.ar/listings/se-alquila-hermoso-depto-2-amb-frente-a-agronomia,2026-08-13T22:30:57+00:00,alquiler,departamento_estandar,750000.0,ARS,ARS 750000.0,100000.0,ARS,Avenida San Martín 4400,Avenida San Martín,4400,,villa del parque,Villa del Parque,11.0,Capital Federal,-34.5982936,-58.4824183,41.57,38.77,2.0,,1,,,,18041.86,SE ALQUILA HERMOSO DEPTO 2 AMB FRENTE A AGRONOMIA,,,0,0,0,0,0,0,0,0,0,0,0,0,0,0,0,0,0,0,0,0,0,0
remax,f68662f1-5705-483d-a22d-ac083e28c0ac,https://www.remax.com.ar/listings/alquiler-casa-caballito-con-ascensor,2026-08-13T22:30:57+00:00,alquiler,casa,8000.0,USD,USD 8000.0,0.0,ARS,Achával 500,Achával,500,,parque chacabuco,Parque Chacabuco,7.0,Capital Federal,-34.6304329,-58.4483092,570.0,500.0,5.0,,4,,,,14.04,ALQUILER CASA CABALLITO Con ASCENSOR,,,0,0,0,0,0,0,0,0,0,0,0,0,0,0,0,0,0,0,0,0,1,0
remax,f680c2e7-a155-47ed-8043-fd0d74e88b75,https://www.remax.com.ar/listings/alquiler-monoambiente-recoleta,2026-08-13T22:30:57+00:00,alquiler,departamento_monoambiente,550000.0,ARS,ARS 550000.0,0.0,ARS,José A. Cabrera 3100,José A. Cabrera,3100,,recoleta,Recoleta,2.0,Capital Federal,-34.5967996,-58.4111755,24.0,24.0,1.0,,1,,,,22916.67,Alquiler monoambiente RECOLETA,,,0,0,0,0,0,0,0,0,0,0,0,0,0,0,0,0,0,0,0,0,0,0
remax,f66637f4-1c94-4a06-8594-bf3a451e5faa,https://www.remax.com.ar/listings/dpto-2-ambientes-en-alquiler-en-recoleta-piso-alto,2026-08-13T22:30:57+00:00,alquiler,departamento_estandar,750000.0,ARS,ARS 750000.0,150000.0,ARS,Marcelo Torcuato de Alvear 1600,Marcelo Torcuato de Alvear,1600,,recoleta,Recoleta,2.0,Capital Federal,-34.5972943,-58.3896319,31.0,31.0,2.0,,1,,,,24193.55,DPTO 2 AMBIENTES EN ALQUILER EN RECOLETA PISO ALTO,,,0,0,0,0,0,0,0,0,0,0,0,0,0,0,0,0,0,0,0,0,0,0
remax,f5d436c8-c49b-4a84-9fe0-9beabfd2406e,https://www.remax.com.ar/listings/alquiler-depto-monoambiente-balcon-villa-crespo,2026-08-13T22:31:01+00:00,alquiler,departamento_estandar,750000.0,ARS,ARS 750000.0,203186.0,ARS,Avenida Corrientes 5800,Avenida Corrientes,5800,,villa crespo,Villa Crespo,15.0,Capital Federal,-34.594112,-58.4444973,31.0,28.0,1.0,,1,,,,24193.55,Alquiler depto monoambiente balcon Villa Crespo,,,0,0,0,0,0,0,0,0,0,0,0,0,0,1,0,0,0,0,0,0,0,0
remax,f5bd7e51-9fd4-40e3-8efe-276247dff252,https://www.remax.com.ar/listings/departamento-4-ambientes-en-alquiler-villa-general,2026-08-13T22:31:01+00:00,alquiler,departamento_estandar,900000.0,ARS,ARS 900000.0,290000.0,ARS,Avenida San Martín 3100,Avenida San Martín,3100,,villa gral. mitre,Villa General Mitre,11.0,Capital Federal,-34.6020603,-58.4688391,87.0,76.0,4.0,,1,,,,10344.83,DEPARTAMENTO 4 AMBIENTES EN ALQUILER VILLA GENERAL,,,0,0,0,0,0,0,0,0,0,0,0,0,0,0,0,0,0,0,0,0,0,0
remax,f5b5d077-9017-4b5c-857f-20153e260aa8,https://www.remax.com.ar/listings/alquiler-2-ambientes-balcon-el-azcuy-donna-acqua,2026-08-13T22:31:01+00:00,alquiler,departamento_estandar,1700000.0,ARS,ARS 1700000.0,280000.0,ARS,Avenida Juan Bautista Alberdi 1800,Avenida Juan Bautista Alberdi,1800,,caballito,Caballito,6.0,Capital Federal,-34.628712,-58.454534,55.0,49.0,2.0,,1,,,,30909.09,ALQUILER 2 AMBIENTES BALCON EL AZCUY DONNA ACQUA,,,0,0,0,0,0,0,0,0,0,0,0,0,0,1,0,0,0,0,0,0,0,0
remax,f54c01bd-a3e1-4bcd-8478-cff5b184a5da,https://www.remax.com.ar/listings/puerto-madero-2-ambientes-cochera-amenities,2026-08-13T22:31:01+00:00,alquiler,departamento_semipiso,1700.0,USD,USD 1700.0,570000.0,ARS,Juana Manso 600,Juana Manso,600,,puerto madero,Puerto Madero,1.0,Capital Federal,-34.6043626,-58.363135,59.03,56.97,2.0,,1,1.0,,,28.8,PUERTO MADERO | 2 ambientes | Cochera | Amenities,,,1,0,0,0,0,0,0,0,0,1,0,0,0,0,0,0,0,0,0,0,0,0
remax,f51b6814-b218-4e3e-b28e-e6225e8c366c,https://www.remax.com.ar/listings/alquiler-depto-2-amb-v-urquiza-c-balcon-amoblado,2026-08-13T22:31:03+00:00,alquiler,departamento_estandar,850000.0,ARS,ARS 850000.0,0.0,ARS,Avenida Congreso 5000,Avenida Congreso,5000,,villa urquiza,Villa Urquiza,12.0,Capital Federal,-34.5697902,-58.4899324,37.78,35.45,2.0,,1,,,,22498.68,Alquiler Depto 2 amb V Urquiza c balcón amoblado,,,0,0,0,0,0,0,0,0,0,0,0,0,0,1,0,0,0,0,1,0,0,0
remax,f4ecb514-23cc-457b-bb08-9275f8a89c4a,https://www.remax.com.ar/listings/piso-completo-d-oficinas-alquiler-tucuman-y-florid,2026-08-13T22:31:03+00:00,alquiler,oficina,700000.0,ARS,ARS 700000.0,1400000.0,ARS,Tucumán 600,Tucumán,600,,san nicolas,San Nicolás,1.0,Capital Federal,-34.6010017,-58.3757546,377.0,309.0,,,3,,,,1856.76,PISO COMPLETO D OFICINAS ALQUILER TUCUMAN Y FLORID,,,0,0,0,0,0,0,0,0,0,0,0,0,0,0,0,0,0,0,0,0,0,0
remax,f4ec12e6-9b9a-4a19-bd8c-012b8baa2586,https://www.remax.com.ar/listings/departamento-2ambientes-alquiler-palermo-luminoso,2026-08-13T22:31:03+00:00,alquiler,departamento_estandar,750000.0,ARS,ARS 750000.0,125000.0,ARS,Jorge Luis Borges 2400,Jorge Luis Borges,2400,,palermo,Palermo,14.0,Capital Federal,-34.5826153,-58.4212816,40.15,39.73,2.0,,1,,,,18679.95,Departamento 2Ambientes Alquiler Palermo Luminoso!,,,0,0,0,0,0,0,0,0,0,0,0,0,1,0,0,0,0,0,0,0,0,0
remax,f4ccef15-37af-4486-9572-60374c4e2ba7,https://www.remax.com.ar/listings/alquiler-3-ambientes-con-terraza-y-parrilla,2026-08-13T22:31:03+00:00,alquiler,departamento_estandar,700.0,USD,USD 700.0,450000.0,ARS,Viamonte 1300,Viamonte,1300,,san nicolas,San Nicolás,1.0,Capital Federal,-34.600503435007,-58.386014699936,159.31,147.31,3.0,,1,,,,4.39,"ALQUILER 3 AMBIENTES, CON TERRAZA Y PARRILLA",,,0,0,1,0,0,0,0,0,0,0,0,0,0,1,0,0,0,0,0,0,0,0
remax,f4bc6050-3da3-4539-8253-f43b8ee4dc36,https://www.remax.com.ar/listings/alquiler-dpto-4-ambientes-c-dep-pque-rivadavia,2026-08-13T22:31:03+00:00,alquiler,departamento_estandar,1400000.0,ARS,ARS 1400000.0,590000.0,ARS,Avenida Rivadavia 4900,Avenida Rivadavia,4900,,caballito,Caballito,6.0,Capital Federal,-34.6177444,-58.4346344,128.0,120.0,4.0,,1,,,,10937.5,ALQUILER DPTO. 4 AMBIENTES C/DEP. PQUE. RIVADAVIA,,,0,0,0,0,0,0,0,0,0,0,0,0,0,0,0,0,0,0,0,0,0,0
remax,f4b9c6fa-5535-4fa0-8949-9f17b2d1523c,https://www.remax.com.ar/listings/alquiler-local-deposito-parque-avellaneda,2026-08-13T22:31:03+00:00,alquiler,local,1900000.0,ARS,ARS 1900000.0,0.0,ARS,Avenida Mariano Acosta 1400,Avenida Mariano Acosta,1400,,parque avellaneda,Parque Avellaneda,9.0,Capital Federal,-34.6463643,-58.4669155,415.0,350.0,,,3,,,,4578.31,ALQUILER LOCAL DEPOSITO PARQUE AVELLANEDA,,,0,0,0,0,0,0,0,0,0,0,0,0,0,0,0,0,0,0,0,0,0,0
remax,f4b0e2a2-b6fc-4109-9609-44d4928069e0,https://www.remax.com.ar/listings/alquiler-monoambiente-patio-y-conexion-lavarropas,2026-08-13T22:31:03+00:00,alquiler,departamento_estandar,750000.0,ARS,ARS 750000.0,105728.0,ARS,Doctor Nicolás Repetto 400,Doctor Nicolás Repetto,400,,caballito,Caballito,6.0,Capital Federal,-34.6165064,-58.4447014,44.07,33.0,1.0,,1,,,,17018.38,ALQUILER MONOAMBIENTE PATIO Y CONEXION LAVARROPAS,,,0,0,0,0,0,0,0,0,0,0,0,0,0,0,0,0,0,0,0,1,0,0
remax,f45666cc-0e54-48f8-ab9a-bc00c7a9194e,https://www.remax.com.ar/listings/departamento-en-alquiler-1-ambiente-retiro,2026-08-13T22:31:07+00:00,alquiler,departamento_monoambiente,600.0,USD,USD 600.0,350000.0,ARS,Mayor Arturo Luisoni 2500,Mayor Arturo Luisoni,2500,,retiro,Retiro,1.0,Capital Federal,-34.5837011,-58.3705149,47.0,47.0,1.0,,1,,,,12.77,DEPARTAMENTO EN ALQUILER 1 AMBIENTE RETIRO,,,0,0,0,0,0,0,0,0,0,0,0,0,0,0,0,0,0,0,0,0,0,0
remax,f44f53ff-c20f-4872-851a-5a812a2132f6,https://www.remax.com.ar/listings/alquiler-3-amb-c-gran-patio-y-cochera-en-balvanera,2026-08-13T22:31:07+00:00,alquiler,departamento_estandar,1100.0,USD,USD 1100.0,290000.0,ARS,Ecuador 900,Ecuador,900,,balvanera,Balvanera,3.0,Capital Federal,-34.5985552,-58.4059193,162.0,53.0,3.0,,1,1.0,,,6.79,ALQUILER 3 AMB C/GRAN PATIO Y COCHERA EN BALVANERA,,,0,0,0,0,0,0,0,0,0,1,0,0,0,0,0,0,0,0,0,1,0,0
remax,f433e9f5-d970-449c-a537-cdc8277c24bd,https://www.remax.com.ar/listings/alquiler-3p-monoambiente-palmera-crespo-amenities,2026-08-13T22:31:07+00:00,alquiler,departamento_estandar,750000.0,ARS,ARS 750000.0,210000.0,ARS,Argañaraz 0,Argañaraz,0,,villa crespo,Villa Crespo,15.0,Capital Federal,-34.597544916373,-58.426859378815,38.0,35.0,1.0,,1,,,,19736.84,ALQUILER 3°P MONOAMBIENTE PALMERA CRESPO AMENITIES,,,1,0,0,0,0,0,0,0,0,0,0,0,0,0,0,0,0,0,0,0,0,0
remax,f42a601b-d860-4aa5-8e93-e9f300803c93,https://www.remax.com.ar/listings/monoambiente-alquiler-parque-chacabuco-con-balcon-1,2026-08-13T22:31:07+00:00,alquiler,departamento_estandar,500.0,USD,USD 500.0,220000.0,ARS,Zelarrayán 1600,Zelarrayán,1600,,parque chacabuco,Parque Chacabuco,7.0,Capital Federal,-34.6420628,-58.4389885,46.0,40.0,1.0,,1,,,,10.87,Monoambiente alquiler Parque Chacabuco con balcón,,,0,0,0,0,0,0,0,0,0,0,0,0,0,1,0,0,0,0,0,0,0,0
remax,f4114bd2-14d2-467e-85dd-3d016d5210a6,https://www.remax.com.ar/listings/alquiler-depto-2-amb-reciclado-villa-devot0,2026-08-13T22:31:07+00:00,alquiler,departamento_estandar,800000.0,ARS,ARS 800000.0,130000.0,ARS,Sanabria 2900,Sanabria,2900,,villa devoto,Villa Devoto,11.0,Capital Federal,-34.609276,-58.5078998,34.44,34.44,2.0,,1,,,,23228.8,ALQUILER DEPTO. 2 AMB. RECICLADO VILLA DEVOT0,,,0,0,0,0,0,0,0,0,0,0,0,0,0,0,0,1,0,0,0,0,0,0
remax,f40c9621-7e1a-4715-9e54-da38396c310d,https://www.remax.com.ar/listings/alquiler-2-ambientes-en-recoleta-1,2026-08-13T22:31:07+00:00,alquiler,departamento_estandar,500.0,USD,USD 500.0,0.0,ARS,Arenales 2400,Arenales,2400,,recoleta,Recoleta,2.0,Capital Federal,-34.5937288,-58.4010587,51.63,44.45,2.0,,1,,,,9.68,ALQUILER 2 ambientes en Recoleta,,,0,0,0,0,0,0,0,0,0,0,0,0,0,0,0,0,0,0,0,0,0,0
remax,f408ccdd-688f-4c88-9fb8-c57060450b7a,https://www.remax.com.ar/listings/alquiler-departamento-un-ambiente-palermo-soho,2026-08-13T22:31:07+00:00,alquiler,departamento_estandar,630000.0,ARS,ARS 630000.0,222000.0,ARS,Charcas 4700,Charcas,4700,,palermo,Palermo,14.0,Capital Federal,-34.5809333,-58.4269914,36.0,36.0,1.0,,1,,,,17500.0,ALQUILER DEPARTAMENTO UN AMBIENTE PALERMO SOHO,,,0,0,0,0,0,0,0,0,0,0,0,0,0,0,0,0,0,0,0,0,0,0
remax,f3edf997-35a7-480b-a032-9f53d42d4c96,https://www.remax.com.ar/listings/alquiler-monoambiente-a-estrenar-con-balcon,2026-08-13T22:31:07+00:00,alquiler,departamento_monoambiente,650000.0,ARS,ARS 650000.0,117000.0,ARS,General José Gervasio Artigas 3000,General José Gervasio Artigas,3000,,villa del parque,Villa del Parque,11.0,Capital Federal,-34.5982919,-58.4854818,33.6,30.0,1.0,,1,,,,19345.24,ALQUILER MONOAMBIENTE A ESTRENAR CON BALCON,,,0,0,0,0,0,0,0,0,0,0,0,0,0,1,0,0,0,0,0,0,0,0
remax,f3dd9acc-4f57-4c4f-a5cb-7d413cb76305,https://www.remax.com.ar/listings/alquiler-departamento-3-ambientes-mataderos-1,2026-08-13T22:31:07+00:00,alquiler,departamento_piso,900000.0,ARS,ARS 900000.0,239000.0,ARS,Manuel Artigas 5100,Manuel Artigas,5100,,mataderos,Mataderos,9.0,Capital Federal,-34.6447023,-58.4967633,60.84,57.14,3.0,,1,,,,14792.9,Alquiler Departamento 3 ambientes Mataderos,,,0,0,0,0,0,0,0,0,0,0,0,0,0,0,0,0,0,0,0,0,0,0
remax,f3c21524-c8c0-4df8-8918-75bd900dd3bf,https://www.remax.com.ar/listings/alquiler-2-amb-patio-interno-apto-prof-microcentro,2026-08-13T22:31:10+00:00,alquiler,departamento_estandar,680000.0,ARS,ARS 680000.0,142000.0,ARS,Sarmiento 1100,Sarmiento,1100,,san nicolas,San Nicolás,1.0,Capital Federal,-34.6049344,-58.3833765,46220.0,46220.0,2.0,,1,,,,14.71,ALQUILER 2 AMB PATIO INTERNO APTO PROF MICROCENTRO,,,0,0,0,0,0,0,0,0,0,0,0,0,0,0,0,0,0,0,0,1,0,0
remax,f3ba5797-3bfb-41a3-9342-9147a14605b6,https://www.remax.com.ar/listings/alquiler-depto-3-ambientes-dependencia-belgrano,2026-08-13T22:31:10+00:00,alquiler,departamento_estandar,1250000.0,ARS,ARS 1250000.0,270000.0,ARS,La Pampa 2000,La Pampa,2000,,belgrano,Belgrano,13.0,Capital Federal,-34.562771729816,-58.450891698148,69.0,64.0,3.0,,1,,,,18115.94,ALQUILER DEPTO 3 AMBIENTES + DEPENDENCIA BELGRANO,,,0,0,0,0,0,0,0,0,0,0,0,0,0,0,0,0,0,0,0,0,0,0
remax,f3b4e830-68ca-46c7-ba10-9934da54313b,https://www.remax.com.ar/listings/pacheco-3400-monoambiente-apto-prof-muy-luminoso,2026-08-13T22:31:10+00:00,alquiler,departamento_monoambiente,500000.0,ARS,ARS 500000.0,163000.0,ARS,Pacheco 3400,Pacheco,3400,,villa urquiza,Villa Urquiza,12.0,Capital Federal,-34.563529541242,-58.491768836975,42.0,38.0,1.0,,1,,,,11904.76,Pacheco 3400 - Monoambiente Apto Prof MUY LUMINOSO,,,0,0,0,0,0,0,0,0,0,0,0,0,1,0,0,0,0,0,0,0,0,0
remax,f3b37558-01d9-4bbf-a838-488e6f6ec4c0,https://www.remax.com.ar/listings/ph-3-amb-con-patio-cubierto-paternal,2026-08-13T22:31:10+00:00,alquiler,ph,1200000.0,ARS,ARS 1200000.0,90000.0,ARS,Fragata Presidente Sarmiento 2000,Fragata Presidente Sarmiento,2000,,la paternal,La Paternal,15.0,Capital Federal,-34.6023345,-58.4591664,84.17,84.17,3.0,,1,,,,14256.86,PH 3 Amb con Patio Cubierto – Paternal,,,0,0,0,0,0,0,0,0,0,0,0,0,0,0,0,0,0,0,0,1,0,0
remax,f3a84516-d79f-4405-9421-fd1368c45482,https://www.remax.com.ar/listings/alquiler-dpto-monoambiente-av-balbin-2300-belgrano,2026-08-13T22:31:10+00:00,alquiler,departamento_monoambiente,500000.0,ARS,ARS 500000.0,124000.0,ARS,Av Dr Ricardo Balbín 2300,Av Dr Ricardo Balbín,2300,,belgrano,Belgrano,13.0,Capital Federal,-34.562732,-58.46426,23.25,23.0,1.0,,1,,,,21505.38,ALQUILER DPTO MONOAMBIENTE AV BALBIN 2300 BELGRANO,,,0,0,0,0,0,0,0,0,0,0,0,0,0,0,0,0,0,0,0,0,0,0
remax,f39f495d-6361-4e3e-af28-1605f935fdef,https://www.remax.com.ar/listings/alquiler-depto-2-ambientes-parque-centenario,2026-08-13T22:31:10+00:00,alquiler,departamento_estandar,700000.0,ARS,ARS 700000.0,80000.0,ARS,Avenida Leopoldo Marechal 1100,Avenida Leopoldo Marechal,1100,,villa crespo,Villa Crespo,15.0,Capital Federal,-34.6052477,-58.4397557,42.0,42.0,2.0,,1,,,,16666.67,alquiler depto 2 ambientes Parque Centenario,,,0,0,0,0,0,0,0,0,0,0,0,0,0,0,0,0,0,0,0,0,0,0
remax,f393d08a-a76a-447e-81fc-2e0728a724a0,https://www.remax.com.ar/listings/alquiler-local-comercial-villa-urquiza-subsuelo,2026-08-13T22:31:10+00:00,alquiler,local,2000.0,USD,USD 2000.0,,ARS,Franklin Delano Roosevelt 5700,Franklin Delano Roosevelt,5700,,villa urquiza,Villa Urquiza,12.0,Capital Federal,-34.577296,-58.4935525,102.65,102.65,,,2,,,,19.48,ALQUILER LOCAL COMERCIAL VILLA URQUIZA SUBSUELO,,,0,0,0,0,0,0,0,0,0,0,0,0,0,0,0,0,0,0,0,0,0,0
remax,f35043e7-2c2c-4469-9ed5-f1a1ba349ae7,https://www.remax.com.ar/listings/alquiler-oficina-203-metros-monserrat-1,2026-08-13T22:31:10+00:00,alquiler,oficina,1800000.0,ARS,ARS 1800000.0,650000.0,ARS,Avenida Presidente Julio A. Roca 700,Avenida Presidente Julio A. Roca,700,,monserrat,Monserrat,1.0,Capital Federal,-34.6117443,-58.3761209,203.0,203.0,,,4,,,,8867.0,ALQUILER OFICINA 203 METROS MONSERRAT,,,0,0,0,0,0,0,0,0,0,0,0,0,0,0,0,0,0,0,0,0,0,0
remax,f33931b7-9d44-486c-8c00-b257ed00f77e,https://www.remax.com.ar/listings/monoambiente-7-piso-contrafrente-balcon-excelente,2026-08-13T22:31:10+00:00,alquiler,departamento_monoambiente,600000.0,ARS,ARS 600000.0,135000.0,ARS,Franklin Delano Roosevelt 3300,Franklin Delano Roosevelt,3300,,belgrano,Belgrano,13.0,Capital Federal,-34.5630345,-58.4702349,31.6,29.4,1.0,,1,,,,18987.34,Monoambiente 7 piso contrafrente balcon Excelente,,,0,0,0,0,0,0,0,0,0,0,0,0,0,1,0,0,0,1,0,0,0,0
remax,f3273d4c-b7ab-4b28-b87b-387325aee53f,https://www.remax.com.ar/listings/alquiler-departamento-2-amb-frente-hosp-italiano,2026-08-13T22:31:10+00:00,alquiler,departamento_estandar,580000.0,ARS,ARS 580000.0,158000.0,ARS,Teniente General Juan Domingo Perón 4200,Teniente General Juan Domingo Perón,4200,,almagro,Almagro,5.0,Capital Federal,-34.6057926,-58.4271876,30.33,30.33,2.0,,1,,,,19122.98,Alquiler departamento 2 amb frente Hosp Italiano,,,0,0,0,0,0,0,0,0,0,0,0,0,0,0,0,0,0,0,0,0,0,0
remax,f3194e58-71a9-45aa-96c8-cc4051d52741,https://www.remax.com.ar/listings/alquiler-oficina-420-metros-planta-libre,2026-08-13T22:31:13+00:00,alquiler,oficina,4200.0,USD,USD 4200.0,2200000.0,ARS,Doctor Profesor Pedro Chutro 3100,Doctor Profesor Pedro Chutro,3100,,parque patricios,Parque Patricios,4.0,Capital Federal,-34.642226,-58.4068853,210.0,210.0,,,1,,,,20.0,ALQUILER OFICINA 420 METROS PLANTA LIBRE,,,0,0,0,0,0,0,0,0,0,0,0,0,0,0,0,0,0,0,0,0,0,0
remax,f311e0a3-d6b4-4243-a829-6e6f144b088d,https://www.remax.com.ar/listings/2-ambientes-en-alquiler-c-baulera-belgrano,2026-08-13T22:31:13+00:00,alquiler,departamento_estandar,650.0,USD,USD 650.0,220000.0,ARS,Arcos 2500,Arcos,2500,,belgrano,Belgrano,13.0,Capital Federal,-34.555842273625,-58.457539960709,45.77,43.75,2.0,,1,,,,14.2,2 AMBIENTES EN ALQUILER C/BAULERA - BELGRANO,,,0,0,0,0,0,0,0,0,0,0,1,0,0,0,0,0,0,0,0,0,0,0
remax,f2f2170f-7fef-4cca-b787-7920b6a8e120,https://www.remax.com.ar/listings/alquiler-depto-2-ambientes-san-cristobal,2026-08-13T22:31:13+00:00,alquiler,departamento_estandar,850000.0,ARS,ARS 850000.0,250000.0,ARS,Avenida Jujuy 1100,Avenida Jujuy,1100,,san cristobal,San Cristobal,3.0,Capital Federal,-34.6227376,-58.4025736,55.0,50.0,2.0,,1,,,,15454.55,ALQUILER DEPTO 2 AMBIENTES - SAN CRISTOBAL,,,0,0,0,0,0,0,0,0,0,0,0,0,0,0,0,0,0,0,0,0,0,0
remax,f2ed0ecb-6d88-4725-93e8-c6d0690bcf32,https://www.remax.com.ar/listings/alquiler-monoambiente-palermo-3,2026-08-13T22:31:13+00:00,alquiler,departamento_monoambiente,600000.0,ARS,ARS 600000.0,150000.0,ARS,Avenida Córdoba 4800,Avenida Córdoba,4800,,palermo,Palermo,14.0,Capital Federal,-34.5921125,-58.4328614,36.96,33.41,1.0,,1,,,,16233.77,ALQUILER MONOAMBIENTE PALERMO,,,0,0,0,0,0,0,0,0,0,0,0,0,0,0,0,0,0,0,0,0,0,0
remax,f296d035-b4a2-48f2-8f7f-77c780799d4e,https://www.remax.com.ar/listings/oficina-en-alquiler-en-balvanera-caba,2026-08-13T22:31:13+00:00,alquiler,oficina,500000.0,ARS,ARS 500000.0,730000.0,ARS,Paraná Entre Corrientes y Sarmiento 400,Paraná Entre Corrientes y Sarmiento,400,,balvanera,Balvanera,3.0,Capital Federal,-34.604235380273,-58.388012982057,123.0,123.0,,,2,,,,4065.04,"Oficina en Alquiler en Balvanera, CABA",,,0,0,0,0,0,0,0,0,0,0,0,0,0,0,0,0,0,0,0,0,0,0
remax,f25938da-6e24-40f1-b14e-0e457c98ea39,https://www.remax.com.ar/listings/alquiler-departamento-2-ambientes-belgrano-1,2026-08-13T22:31:16+00:00,alquiler,departamento_estandar,690000.0,ARS,ARS 690000.0,218000.0,ARS,Zapiola 2300,Zapiola,2300,,belgrano,Belgrano,13.0,Capital Federal,-34.6036739,-58.3821215,44.93,44.93,2.0,,1,,,,15357.22,ALQUILER DEPARTAMENTO 2 AMBIENTES - BELGRANO,,,0,0,0,0,0,0,0,0,0,0,0,0,0,0,0,0,0,0,0,0,0,0
remax,f248de6b-ec95-4503-b7ef-3ac59cc5fd34,https://www.remax.com.ar/listings/alquiler-semipiso-3-ambientes-palermo-canitas,2026-08-13T22:31:16+00:00,alquiler,departamento_semipiso,1820000.0,ARS,ARS 1820000.0,331000.0,ARS,Báez 500,Báez,500,,palermo,Las Cañitas,14.0,Capital Federal,-34.5704797,-58.433582,67.39,61.26,3.0,,2,,,,27006.97,ALQUILER SEMIPISO 3 AMBIENTES PALERMO CAÑITAS,,,0,0,0,0,0,0,0,0,0,0,0,0,0,0,0,0,0,0,0,0,0,0
remax,f1e559a0-fc32-4eba-9e10-3778bc129e6b,https://www.remax.com.ar/listings/alquiler-monoambiente-amplio-balcon-excelente-ubic,2026-08-13T22:31:16+00:00,alquiler,departamento_monoambiente,550000.0,ARS,ARS 550000.0,116000.0,ARS,Venezuela 1200,Venezuela,1200,,monserrat,Monserrat,1.0,Capital Federal,-34.6146943,-58.3838396,34.72,31.53,1.0,,1,,,,15841.01,ALQUILER MONOAMBIENTE AMPLIO BALCON EXCELENTE UBIC,,,0,0,0,0,0,0,0,0,0,0,0,0,0,1,0,0,0,0,0,0,0,0
remax,f1d7aa94-589d-447b-9d2e-9b7e9714b37f,https://www.remax.com.ar/listings/alquiler-2-amb-cochera-balcon-c-parrilla-belgrano,2026-08-13T22:31:16+00:00,alquiler,departamento_estandar,1300000.0,ARS,ARS 1300000.0,277000.0,ARS,Av. Monroe 1900,Av. Monroe,1900,,belgrano,Belgrano,13.0,Capital Federal,-34.555520399612,-58.455677029851,54.0,44.0,2.0,,1,1.0,,,24074.07,Alquiler 2 Amb Cochera Balcón c/ Parrilla Belgrano,,,0,0,1,0,0,0,0,0,0,1,0,0,0,1,0,0,0,0,0,0,0,0
remax,f1d071d0-be61-40e3-ba94-407d39799188,https://www.remax.com.ar/listings/alquiler-2-amb-temporario-s-exp-parque-sarmiento,2026-08-13T22:31:16+00:00,alquiler,ph,750000.0,ARS,ARS 750000.0,0.0,ARS,Arias 4700,Arias,4700,,saavedra,Saavedra,12.0,Capital Federal,-34.5523271,-58.4952023,37.0,37.0,2.0,,1,,,,20270.27,ALQUILER 2 Amb TEMPORARIO S/Exp. PARQUE SARMIENTO,,,0,0,0,0,0,0,0,0,0,0,0,0,0,0,0,0,0,0,0,0,0,0
remax,f1cef034-3544-4bc7-8515-6a848db387bd,https://www.remax.com.ar/listings/alquiler-palermo-mono-amplio-en-l-luz-sol-frente,2026-08-13T22:31:16+00:00,alquiler,departamento_monoambiente,600.0,USD,USD 600.0,226000.0,ARS,Coronel Niceto Vega 5600,Coronel Niceto Vega,5600,,palermo,Palermo,14.0,Capital Federal,-34.5862186,-58.4402852,41.94,35.8,1.0,,1,,,,14.31,Alquiler Palermo Mono amplio en L luz sol frente,,,0,0,0,0,0,0,0,0,0,0,0,0,0,0,0,0,0,0,0,0,0,0
remax,f1c99540-12cf-4fa1-af8f-c0c450ba30f1,https://www.remax.com.ar/listings/alquiler-3-ambientes-con-balcon-caballito-norte,2026-08-13T22:31:16+00:00,alquiler,departamento_estandar,850000.0,ARS,ARS 850000.0,56580.0,ARS,Jose Juan Biedma 500,Jose Juan Biedma,500,,caballito,Caballito,6.0,Capital Federal,-34.617813,-58.453885,58.0,57.0,3.0,,1,,,,14655.17,ALQUILER 3 AMBIENTES CON BALCON - CABALLITO NORTE,,,0,0,0,0,0,0,0,0,0,0,0,0,0,1,0,0,0,0,0,0,0,0
remax,f1b336a9-8db5-402b-a633-62223f91e86e,https://www.remax.com.ar/listings/departamento-monoambiente-a-estrenar-1,2026-08-13T22:31:16+00:00,alquiler,departamento_monoambiente,700000.0,ARS,ARS 700000.0,80000.0,ARS,Benito Juárez 2200,Benito Juárez,2200,,monte castro,Monte Castro,10.0,Capital Federal,-34.6187796,-58.5053459,36.0,33.0,1.0,,1,,,,19444.44,Departamento monoambiente a estrenar,,,0,0,0,0,0,0,0,0,0,0,0,0,0,0,0,0,0,0,0,0,0,0
remax,f1b315b7-c368-43a1-9ba2-bac1844f64c5,https://www.remax.com.ar/listings/alquiler-oficina-comercial-av-roquesaenzpena-1149,2026-08-13T22:31:16+00:00,alquiler,oficina,5627000.0,ARS,ARS 5627000.0,,ARS,Avenida Presidente Roque Sáenz Peña 1100,Avenida Presidente Roque Sáenz Peña,1100,,san nicolas,Centro / Microcentro,1.0,Capital Federal,-34.6029635,-58.3826987,662.0,662.0,,,4,,,,8500.0,Alquiler Oficina Comercial Av.RoqueSaenzPeña 1149,,,0,0,0,0,0,0,0,0,0,0,0,0,0,0,0,0,0,0,0,0,0,0
remax,f18e7257-07d8-4b4c-87d2-f00522cfb2cb,https://www.remax.com.ar/listings/ph-tipo-casa-4-amb-con-terraza-en-va-del-parque-1,2026-08-13T22:31:18+00:00,alquiler,ph,1500.0,USD,USD 1500.0,0.0,ARS,Melincué 2400,Melincué,2400,,villa del parque,Villa del Parque,11.0,Capital Federal,-34.5979805,-58.4856418,142.25,90.7,4.0,,1,,,,10.54,PH tipo casa 4 amb con terraza en Va. del Parque,,,0,0,0,0,0,0,0,0,0,0,0,0,0,1,0,0,0,0,0,0,0,0
remax,f1613695-2dc5-467f-b1c4-f403bf07ef8c,https://www.remax.com.ar/listings/alquiler-2-ambientes-zona-facultad-de-medicina,2026-08-13T22:31:18+00:00,alquiler,departamento_estandar,650000.0,ARS,ARS 650000.0,237000.0,ARS,Avenida Córdoba 2300,Avenida Córdoba,2300,,palermo,Palermo,14.0,Capital Federal,-34.598383909974,-58.403277397156,42.0,40.0,1.0,,1,,,,15476.19,ALQUILER 2 AMBIENTES ZONA FACULTAD DE MEDICINA,,,0,0,0,0,0,0,0,0,0,0,0,0,0,0,0,0,0,0,0,0,0,0
remax,f153699c-ec78-42c8-a74e-39248d61a2b5,https://www.remax.com.ar/listings/alquiler-oficina-comercial-tribunales-t-colon,2026-08-13T22:31:18+00:00,alquiler,oficina,900000.0,ARS,ARS 900000.0,470000.0,ARS,Talcahuano 700,Talcahuano,700,,san nicolas,San Nicolás,1.0,Capital Federal,-34.5996637,-58.3855062,88.0,88.0,,,2,,,,10227.27,ALQUILER OFICINA COMERCIAL TRIBUNALES T. COLON,,,0,0,0,0,0,0,0,0,0,0,0,0,0,0,0,0,0,0,0,0,0,0
remax,f12351e1-3279-427c-bf38-7d5321450a83,https://www.remax.com.ar/listings/alquiler-amplio-3-ambientes-con-expensas-incluidas,2026-08-13T22:31:18+00:00,alquiler,departamento_estandar,2250000.0,ARS,ARS 2250000.0,0.0,ARS,Charlone 300,Charlone,300,,chacarita,Chacarita,15.0,Capital Federal,-34.5837059,-58.4500434,79.48,69.57,3.0,,2,,,,28309.01,ALQUILER AMPLIO 3 AMBIENTES CON EXPENSAS INCLUIDAS,,,0,0,0,0,0,0,0,0,0,0,0,0,0,0,0,0,0,0,0,0,0,0
remax,f0f9ca59-953f-482b-8ab2-7c4fba4b2643,https://www.remax.com.ar/listings/alquiler-depto-3-amb-villa-devoto-patio,2026-08-13T22:31:18+00:00,alquiler,departamento_estandar,1400000.0,ARS,ARS 1400000.0,144691.0,ARS,Asunción 4600,Asunción,4600,,villa devoto,Villa Devoto,11.0,Capital Federal,-34.605937,-58.519055,54.43,48.79,3.0,,1,,,,25721.11,Alquiler Depto 3 Amb Villa Devoto Patio,,,0,0,0,0,0,0,0,0,0,0,0,0,0,0,0,0,0,0,0,1,0,0
remax,f0dfb494-28a8-4fdd-ace9-00bcbabb9664,https://www.remax.com.ar/listings/monoambiente-con-balcon-luminoso-almagro,2026-08-13T22:31:18+00:00,alquiler,departamento_monoambiente,500000.0,ARS,ARS 500000.0,130000.0,ARS,Humahuaca 3500,Humahuaca,3500,,almagro,Almagro,5.0,Capital Federal,-34.602764,-58.414564,30.0,27.0,1.0,,1,,,,16666.67,"MONOAMBIENTE CON BALCÓN LUMINOSO, ALMAGRO!!!",,,0,0,0,0,0,0,0,0,0,0,0,0,1,1,0,0,0,0,0,0,0,0
remax,f0c044b6-d160-48b2-abc2-75b69954f83c,https://www.remax.com.ar/listings/departamento-3-ambientes-en-alquiler,2026-08-13T22:31:22+00:00,alquiler,departamento_estandar,900000.0,ARS,ARS 900000.0,292179.0,ARS,Cuenca 2000,Cuenca,2000,,villa santa rita,Villa Santa Rita,11.0,Capital Federal,-34.611254,-58.4872152,66.0,60.0,3.0,,1,,,,13636.36,DEPARTAMENTO 3 AMBIENTES EN ALQUILER,,,0,0,0,0,0,0,0,0,0,0,0,0,0,0,0,0,0,0,0,0,0,0
remax,f0bbae2e-8bae-444a-87e8-9c58e6326842,https://www.remax.com.ar/listings/3-ambientes-con-cochera-y-baulera-villa-urquiza,2026-08-13T22:31:22+00:00,alquiler,departamento_estandar,1000000.0,ARS,ARS 1000000.0,260000.0,ARS,Avenida Olazábal 5100,Avenida Olazábal,5100,,villa urquiza,Villa Urquiza,12.0,Capital Federal,-34.5769745,-58.4862177,59.69,48.53,3.0,,1,1.0,,,16753.22,3 AMBIENTES CON COCHERA Y BAULERA | VILLA URQUIZA,,,0,0,0,0,0,0,0,0,0,1,1,0,0,0,0,0,0,0,0,0,0,0
remax,f09907a0-5c09-434c-97f9-46c8edeffef1,https://www.remax.com.ar/listings/2-amb-palermo-alquiler,2026-08-13T22:31:22+00:00,alquiler,departamento_estandar,800000.0,ARS,ARS 800000.0,200000.0,ARS,Palpa 2300,Palpa,2300,,palermo,Palermo,14.0,Capital Federal,-34.5685977,-58.4457505,37.28,37.28,2.0,,1,,,,21459.23,2 AMB. PALERMO - ALQUILER,,,0,0,0,0,0,0,0,0,0,0,0,0,0,0,0,0,0,0,0,0,0,0
remax,f033191a-fb8d-49b5-9669-5da29b8bc9e9,https://www.remax.com.ar/listings/departamento-semipiso-3-ambientes-alquiler-cochera,2026-08-13T22:31:22+00:00,alquiler,departamento_semipiso,1500.0,USD,USD 1500.0,436000.0,ARS,Avenida del Libertador 6199 Piso 3 Depto. A 6100,Avenida del Libertador 6199Depto. A,6100,3,belgrano,Belgrano,13.0,Capital Federal,-34.554837,-58.449004,81.49,74.14,3.0,,2,1.0,,,18.41,DEPARTAMENTO SEMIPISO 3 AMBIENTES ALQUILER COCHERA,,,0,0,0,0,0,0,0,0,0,1,0,0,0,0,0,0,0,0,0,0,0,0
remax,f02482a4-46e8-4d8e-9219-48f9be9f1509,https://www.remax.com.ar/listings/alquiler-semipiso-en-barracas-con-balcon,2026-08-13T22:31:22+00:00,alquiler,departamento_semipiso,1400000.0,ARS,ARS 1400000.0,374000.0,ARS,Brandsen 1600,Brandsen,1600,,barracas,Barracas,4.0,Capital Federal,-34.6378779,-58.3739296,96.44,85.03,3.0,,1,,,,14516.8,ALQUILER SEMIPISO EN BARRACAS CON BALCÓN,,,0,0,0,0,0,0,0,0,0,0,0,0,0,1,0,0,0,0,0,0,0,0
remax,f004c87b-e885-45da-b7af-21ed1fc55e41,https://www.remax.com.ar/listings/alquiler-dpto-78mts2-oficinas-consultorios-centro,2026-08-13T22:31:22+00:00,alquiler,departamento_estandar,700000.0,ARS,ARS 700000.0,400000.0,ARS,Avenida Callao 200,Avenida Callao,200,,san nicolas,San Nicolás,1.0,Capital Federal,-34.6060993,-58.391971,77.92,77.92,1.0,,2,,,,8983.57,ALQUILER DPTO 78MTS2 OFICINAS CONSULTORIOS/CENTRO!,,,0,0,0,0,0,0,0,0,0,0,0,0,0,0,0,0,0,0,0,0,0,0
remax,efe4e8aa-aed4-40a0-99c3-0ab144c620f6,https://www.remax.com.ar/listings/alquiler-2-amb-en-recoleta-full-amenities,2026-08-13T22:31:24+00:00,alquiler,departamento_estandar,1200.0,USD,USD 1200.0,388000.0,ARS,Austria 2500,Austria,2500,,recoleta,Recoleta,2.0,Capital Federal,-34.586304068741,-58.399594539845,44.0,38.0,2.0,,1,,,,27.27,Alquiler 2 amb en Recoleta Full Amenities,,,1,0,0,0,0,0,0,0,0,0,0,0,0,0,0,0,0,0,0,0,0,0
remax,efbda81f-a42e-4625-a3a2-5a5631a92999,https://www.remax.com.ar/listings/alquiler-belgrano-oficina-premium-con-seguridad,2026-08-13T22:31:24+00:00,alquiler,oficina,2100000.0,ARS,ARS 2100000.0,500000.0,ARS,Avenida del Libertador 6000,Avenida del Libertador,6000,,belgrano,Belgrano,13.0,Capital Federal,-34.5563348,-58.4476021,79.89,76.11,,,1,,,,26286.14,Alquiler Belgrano Oficina Premium con Seguridad,,,0,0,0,0,0,0,0,0,0,0,0,0,0,0,0,0,0,0,0,0,0,0
remax,ef977edf-47fa-4882-b832-290f6fb7ab65,https://www.remax.com.ar/listings/alquiler-depto-3-amb-terraza-y-coch-villa-urquiza,2026-08-13T22:31:24+00:00,alquiler,departamento_estandar,1700000.0,ARS,ARS 1700000.0,480000.0,ARS,Blanco Encalada 4400,Blanco Encalada,4400,,villa urquiza,Villa Urquiza,12.0,Capital Federal,-34.5717056,-58.4797761,109.0,77.0,3.0,,2,,,,15596.33,Alquiler depto 3 amb Terraza y coch Villa Urquiza,,,0,0,0,0,0,0,0,0,0,0,0,0,0,1,0,0,0,0,0,0,0,0
remax,ef7f9713-82f1-4126-8b06-1fab44ca409d,https://www.remax.com.ar/listings/oficina-alquiler-seguridad-excelente-estado-aaa-1,2026-08-13T22:31:24+00:00,alquiler,oficina,3500000.0,ARS,ARS 3500000.0,1100000.0,ARS,Avenida Córdoba 2000,Avenida Córdoba,2000,,recoleta,Barrio Norte,2.0,Capital Federal,-34.5995934,-58.3965648,254.0,254.0,,,5,,,,13779.53,Oficina Alquiler Seguridad Excelente Estado AAA,,,0,0,0,0,0,0,0,0,0,0,0,0,0,0,0,0,0,0,0,0,0,0
remax,ef4149af-babd-435d-bd2a-92eccb34b8de,https://www.remax.com.ar/listings/alquiler-departamento-3-ambientes-caballito-balcon,2026-08-13T22:31:24+00:00,alquiler,departamento_estandar,1800000.0,ARS,ARS 1800000.0,275000.0,ARS,Guayaquil 200,Guayaquil,200,,caballito,Caballito,6.0,Capital Federal,-34.6198821,-58.4321367,76.0,65.0,3.0,,1,,,,23684.21,Alquiler Departamento 3 ambientes Caballito Balcón,,,0,0,0,0,0,0,0,0,0,0,0,0,0,1,0,0,0,0,0,0,0,0
remax,ef16cf0b-b0da-46d6-8a42-fce89cab288e,https://www.remax.com.ar/listings/alquiler-oficina-3-despachos-amoblada-callao-420,2026-08-13T22:31:27+00:00,alquiler,oficina,1750000.0,ARS,ARS 1750000.0,,ARS,Avenida Callao 400,Avenida Callao,400,,san nicolas,Tribunales,1.0,Capital Federal,-34.6039443,-58.3924948,68.69,68.69,,,2,,,,25476.78,ALQUILER OFICINA 3 DESPACHOS AMOBLADA CALLAO 420,,,0,0,0,0,0,0,0,0,0,0,0,0,0,0,0,0,0,0,0,0,0,0
remax,eeffba57-1262-4aa2-9991-4a743ba71f87,https://www.remax.com.ar/listings/excelente-monoambiente-y-medio-con-balcon,2026-08-13T22:31:27+00:00,alquiler,departamento_monoambiente,600000.0,ARS,ARS 600000.0,130000.0,ARS,Yerbal 2100,Yerbal,2100,,flores,Flores,7.0,Capital Federal,-34.6267955,-58.4601046,40.59,35.34,1.0,,1,,,,14781.97,EXCELENTE MONOAMBIENTE Y MEDIO CON BALCÓN,,,0,0,0,0,0,0,0,0,0,0,0,0,0,1,0,0,0,0,0,0,0,0
remax,eefc583d-da2a-4981-a52f-52a0ed5360cd,https://www.remax.com.ar/listings/casa-lote-propio-4-ambientes-saavedra-refaccionada-1,2026-08-13T22:31:27+00:00,alquiler,casa_triplex,2000.0,USD,USD 2000.0,0.0,ARS,Paroissien 4400,Paroissien,4400,,saavedra,Saavedra,12.0,Capital Federal,-34.5556659,-58.4892201,123.0,103.0,4.0,,2,,,,16.26,Casa Lote Propio 4 ambientes Saavedra Refaccionada,,,0,0,0,0,0,0,0,0,0,0,0,0,0,0,0,0,0,0,0,0,0,0
remax,eee75991-beab-4d1f-ad6e-2753995f8383,https://www.remax.com.ar/listings/alquiler-departamento-2-amb-villa-del-parque,2026-08-13T22:31:27+00:00,alquiler,departamento_semipiso,760000.0,ARS,ARS 760000.0,215000.0,ARS,Nogoyá 2500,Nogoyá,2500,,villa del parque,Villa del Parque,11.0,Capital Federal,-34.5993725,-58.4861221,40.46,37.8,2.0,,1,,,,18783.98,ALQUILER DEPARTAMENTO 2 AMB. VILLA DEL PARQUE,,,0,0,0,0,0,0,0,0,0,0,0,0,0,0,0,0,0,0,0,0,0,0
remax,ee714f9d-9e53-40ad-b49e-8cc0bc61c49b,https://www.remax.com.ar/listings/alquiler-monoambiente-amoblado-premium-doho,2026-08-13T22:31:29+00:00,alquiler,departamento_estandar,800000.0,ARS,ARS 800000.0,243000.0,ARS,Holmberg 2400,Holmberg,2400,,villa urquiza,Villa Urquiza,12.0,Capital Federal,-34.5695987,-58.476571,41.44,37.21,1.0,,1,,,,19305.02,ALQUILER MONOAMBIENTE AMOBLADO PREMIUM DOHO,,,0,0,0,0,0,0,0,0,0,0,0,0,0,0,0,0,0,0,1,0,0,0
remax,ee6d7cee-fc23-4b9b-8c0d-deca5823686d,https://www.remax.com.ar/listings/alquiler-depto-palermo-mono-amb-amplio-c-amenitie,2026-08-13T22:31:29+00:00,alquiler,departamento_estandar,800000.0,ARS,ARS 800000.0,247000.0,ARS,Laprida 1100,Laprida,1100,,recoleta,Barrio Norte,2.0,Capital Federal,-34.5959014,-58.4081729,34.73,31.16,1.0,,1,,,,23034.84,Alquiler depto Palermo mono amb. amplio c/amenitie,,,0,0,0,0,0,0,0,0,0,0,0,0,0,0,0,0,0,0,0,0,0,0
remax,ee5c0ac7-f14a-4eb8-8e0b-5599b1429b35,https://www.remax.com.ar/listings/alquiler-amueblado-dos-ambientes-amenities,2026-08-13T22:31:29+00:00,alquiler,departamento_estandar,1200000.0,ARS,ARS 1200000.0,330000.0,ARS,Malabia 400,Malabia,400,,villa crespo,Villa Crespo,15.0,Capital Federal,-34.598759,-58.4390506,56.0,50.0,2.0,,1,,,,21428.57,Alquiler Amueblado dos ambientes AMENITIES,,,1,0,0,0,0,0,0,0,0,0,0,0,0,0,0,0,0,0,1,0,0,0
remax,ee527775-9c2c-48da-b9ed-c01b835de69e,https://www.remax.com.ar/listings/alquiler-departamento-3-ambientes-almagro-balcon,2026-08-13T22:31:29+00:00,alquiler,departamento_estandar,900000.0,ARS,ARS 900000.0,260950.0,ARS,Don Bosco 3400,Don Bosco,3400,,almagro,Almagro,5.0,Capital Federal,-34.6116771,-58.4142117,59.41,54.1,3.0,,1,,,,15148.96,ALQUILER DEPARTAMENTO 3 AMBIENTES ALMAGRO BALCON,,,0,0,0,0,0,0,0,0,0,0,0,0,0,1,0,0,0,0,0,0,0,0
remax,ee4333bc-6b20-45d5-a842-8aa27207b7ca,https://www.remax.com.ar/listings/alquiler-comercial-ph-3-amb-villa-devoto-s-expens,2026-08-13T22:31:29+00:00,alquiler,oficina,1100000.0,ARS,ARS 1100000.0,0.0,ARS,José Pedro Varela 5100,José Pedro Varela,5100,,villa devoto,Villa Devoto,11.0,Capital Federal,-34.6132569,-58.5209311,62.35,51.79,,,1,,,,17642.34,Alquiler comercial PH 3 amb. Villa Devoto S/Expens,,,0,0,0,0,0,0,0,0,0,0,0,0,0,0,0,0,0,0,0,0,0,0
remax,ee2f3e9b-c90d-4028-a393-7a395f039000,https://www.remax.com.ar/listings/alquiler-departamento-4-ambientes-cochera-flores,2026-08-13T22:31:29+00:00,alquiler,departamento_estandar,1400000.0,ARS,ARS 1400000.0,190000.0,ARS,Avenida Varela 800,Avenida Varela,800,,flores,Flores,7.0,Capital Federal,-34.6391896,-58.4591826,77.82,72.6,4.0,,1,1.0,,,17990.23,Alquiler departamento 4 ambientes + cochera Flores,,,0,0,0,0,0,0,0,0,0,1,0,0,0,0,0,0,0,0,0,0,0,0
remax,ee0a1dc7-a7c7-4796-bbfe-a138e055ef72,https://www.remax.com.ar/listings/alquiler-depto-2-amb-amplio-en-belgrano-r,2026-08-13T22:31:29+00:00,alquiler,departamento_estandar,690000.0,ARS,ARS 690000.0,120000.0,ARS,Mendoza 3100,Mendoza,3100,,belgrano,Belgrano R,13.0,Capital Federal,-34.5652839,-58.4649329,44.22,42.48,2.0,,1,,,,15603.8,Alquiler Depto 2 amb amplio en Belgrano R,,,0,0,0,0,0,0,0,0,0,0,0,0,0,0,0,0,0,0,0,0,0,0
remax,ede94ad4-4eaa-400e-a1b3-4dda01b157a5,https://www.remax.com.ar/listings/alquiler-departamento-3-ambientes-palermo-piscinas,2026-08-13T22:31:29+00:00,alquiler,departamento_estandar,1790.0,USD,USD 1790.0,430000.0,ARS,Calle Silvio L. Ruggeri 2900,Calle Silvio L. Ruggeri,2900,,palermo,Palermo,14.0,Capital Federal,-34.580255,-58.4071605,127.0,67.0,3.0,,2,,,,14.09,ALQUILER DEPARTAMENTO 3 AMBIENTES PALERMO PISCINAS,,,1,1,0,0,0,0,0,0,0,0,0,0,0,0,0,0,0,0,0,0,0,0
remax,edddab64-68a9-40c8-be53-594595ade21a,https://www.remax.com.ar/listings/departamento-2-amb-en-alquiler-en-palermo-luminoso,2026-08-13T22:31:29+00:00,alquiler,departamento_estandar,650000.0,ARS,ARS 650000.0,250000.0,ARS,Avenida Jorge Newbery 2500,Avenida Jorge Newbery,2500,,palermo,Palermo,14.0,Capital Federal,-34.5732525,-58.4417875,41.0,37.0,2.0,,1,,,,15853.66,DEPARTAMENTO 2 AMB EN ALQUILER EN PALERMO LUMINOSO,,,0,0,0,0,0,0,0,0,0,0,0,0,1,0,0,0,0,0,0,0,0,0
remax,edcbbb6c-48a1-4462-b932-b19f40925111,https://www.remax.com.ar/listings/alquiler-departamento-4-ambientes-microcentro,2026-08-13T22:31:33+00:00,alquiler,departamento_estandar,2900.0,USD,USD 2900.0,0.0,ARS,Reconquista 600,Reconquista,600,,san nicolas,San Nicolás,1.0,Capital Federal,-34.6000622,-58.3724215,115.15,110.15,4.0,,2,,,,25.18,ALQUILER DEPARTAMENTO 4 AMBIENTES MICROCENTRO,,,0,0,0,0,0,0,0,0,0,0,0,0,0,0,0,0,0,0,0,0,0,0
remax,edba4196-e1f7-4c77-ae76-c8b7f820c946,https://www.remax.com.ar/listings/alquiler-monoambiente-microcentro-apto-oficina,2026-08-13T22:31:33+00:00,alquiler,departamento_monoambiente,480.0,USD,USD 480.0,130000.0,ARS,Esmeralda 400,Esmeralda,400,,san nicolas,San Nicolás,1.0,Capital Federal,-34.6026129,-58.3781722,28.0,28.0,1.0,,1,,,,17.14,ALQUILER MONOAMBIENTE MICROCENTRO APTO OFICINA,,,0,0,0,0,0,0,0,0,0,0,0,0,0,0,0,0,0,0,0,0,0,0
remax,ed92f227-fa70-4d9a-a89c-81ae0209b281,https://www.remax.com.ar/listings/alquiler-local-comercial-av-garay-y-boedo-120m2,2026-08-13T22:31:33+00:00,alquiler,local,1900000.0,ARS,ARS 1900000.0,0.0,ARS,Avenida Juan de Garay 3600,Avenida Juan de Garay,3600,,boedo,Boedo,5.0,Capital Federal,-34.6315172,-58.4157919,120.65,120.65,,,1,,,,15748.03,ALQUILER LOCAL COMERCIAL AV GARAY Y BOEDO 120m2,,,0,0,0,0,0,0,0,0,0,0,0,0,0,0,0,0,0,0,0,0,0,0
remax,ed667537-ac25-4c93-9f15-3628cee84a37,https://www.remax.com.ar/listings/alquiler-3-amb-con-cochera-palermo-patio-luminoso,2026-08-13T22:31:33+00:00,alquiler,departamento_estandar,1700000.0,ARS,ARS 1700000.0,445000.0,ARS,General Lucio Norberto Mansilla 3700,General Lucio Norberto Mansilla,3700,,palermo,Palermo,14.0,Capital Federal,-34.5901984,-58.4159811,82.36,63.0,3.0,,2,1.0,,,20641.09,ALQUILER 3 AMB CON COCHERA PALERMO PATIO LUMINOSO,,,0,0,0,0,0,0,0,0,0,1,0,0,1,0,0,0,0,0,0,1,0,0
remax,ed5b0f75-5e86-47bc-a5a6-584baa4a6d53,https://www.remax.com.ar/listings/alquiler-2-ambientes-oportunidad-flores,2026-08-13T22:31:33+00:00,alquiler,departamento_estandar,600000.0,ARS,ARS 600000.0,75000.0,ARS,Avenida Varela 300,Avenida Varela,300,,flores,Flores,7.0,Capital Federal,-34.6339065,-58.4635261,41.88,41.88,2.0,,1,,,,14326.65,ALQUILER 2 AMBIENTES OPORTUNIDAD | FLORES,,,0,0,0,0,0,0,0,0,0,0,0,0,0,0,0,0,0,0,0,0,0,0
remax,ed47c73d-6925-460b-b476-9ba903c56fc9,https://www.remax.com.ar/listings/alquiler-monoambiente-balcon-subte-balvanera,2026-08-13T22:31:33+00:00,alquiler,departamento_monoambiente,550000.0,ARS,ARS 550000.0,112000.0,ARS,Doctor Tomás Manuel de Anchorena 0,Doctor Tomás Manuel de Anchorena,0,,balvanera,Balvanera,3.0,Capital Federal,-34.6094244,-58.4118543,34.0,30.0,1.0,,1,,,,16176.47,Alquiler monoambiente - balcón - subte - Balvanera,,,0,0,0,0,0,0,0,0,0,0,0,0,0,1,0,0,0,0,0,0,0,0
remax,ed3651a5-8b5b-4a0d-b0cd-a7da6a9ea6de,https://www.remax.com.ar/listings/alquiler-oficina-comercial-de-tres-plantas-en-caba,2026-08-13T22:31:33+00:00,alquiler,oficina,12500.0,USD,USD 12500.0,1.0,ARS,Teniente General Juan Domingo Perón 1700,Teniente General Juan Domingo Perón,1700,,san nicolas,San Nicolás,1.0,Capital Federal,-34.6067089,-58.3917276,1563.0,1535.0,,,5,,,,8.0,ALQUILER OFICINA COMERCIAL DE TRES PLANTAS EN CABA,,,0,0,0,0,0,0,0,0,0,0,0,0,0,0,0,0,0,0,0,0,0,0
remax,ecf866e1-d01b-4ca7-9966-fcd5ea1a8327,https://www.remax.com.ar/listings/casa-2-ph-en-bloque-gran-potencial,2026-08-13T22:31:33+00:00,alquiler,local,3400000.0,ARS,ARS 3400000.0,,ARS,José A. Cabrera 3900,José A. Cabrera,3900,,palermo,Palermo,14.0,Capital Federal,-34.596328,-58.4219185,409.0,248.0,7.0,,4,,,,8312.96,Casa / 2 PH en bloque Gran potencial,,,0,0,0,0,0,0,0,0,0,0,0,0,0,0,0,0,0,0,0,0,0,0
remax,ecdb623e-ddf4-4043-a56b-9aefb13f45c5,https://www.remax.com.ar/listings/depto-2-amb-amoblado-alquiler-palermo-amenities,2026-08-13T22:31:36+00:00,alquiler,departamento_estandar,850.0,USD,USD 850.0,300000.0,ARS,Avenida Dorrego 2400,Avenida Dorrego,2400,,palermo,Palermo,14.0,Capital Federal,-34.575570863409,-58.436492362796,45.66,43.37,2.0,,1,,,,18.62,Depto 2 AMB. AMOBLADO ALQUILER - Palermo AMENITIES,,,1,0,0,0,0,0,0,0,0,0,0,0,0,0,0,0,0,0,1,0,0,0
remax,ecc25099-71de-4a41-8597-20701481822b,https://www.remax.com.ar/listings/alquiler-departamento-2-ambientes-canitas,2026-08-13T22:31:36+00:00,alquiler,departamento_estandar,1090.0,USD,USD 1090.0,320000.0,ARS,Migueletes 600,Migueletes,600,,palermo,Palermo,14.0,Capital Federal,-34.5672466,-58.432698,49.84,45.92,3.0,,1,,,,21.87,ALQUILER DEPARTAMENTO 2 AMBIENTES CAÑITAS,,,0,0,0,0,0,0,0,0,0,0,0,0,0,0,0,0,0,0,0,0,0,0
remax,ecc0a567-a81c-462b-b901-c624647fb0bf,https://www.remax.com.ar/listings/alquiler-oficina-en-san-nicolas,2026-08-13T22:31:36+00:00,alquiler,oficina,400000.0,ARS,ARS 400000.0,110000.0,ARS,Libertad 400,Libertad,400,,san nicolas,San Nicolás,1.0,Capital Federal,-34.6034233,-58.3838605,46.4,46.4,,,1,,,,8620.69,ALQUILER OFICINA EN SAN NICOLAS,,,0,0,0,0,0,0,0,0,0,0,0,0,0,0,0,0,0,0,0,0,0,0
remax,ec6fbc4d-7a95-42c5-b592-376dde24ddfa,https://www.remax.com.ar/listings/alquiler-depto-2-amb-con-balcon-en-palermo,2026-08-13T22:31:36+00:00,alquiler,departamento_estandar,650000.0,ARS,ARS 650000.0,250000.0,ARS,Guise 1800,Guise,1800,,palermo,Palermo,14.0,Capital Federal,-34.5915786,-58.4135122,33.0,33.0,2.0,,1,,,,19696.97,ALQUILER DEPTO 2 AMB. CON BALCON EN PALERMO,,,0,0,0,0,0,0,0,0,0,0,0,0,0,1,0,0,0,0,0,0,0,0
remax,ec6a0c69-63c6-4915-a560-df3297b36dec,https://www.remax.com.ar/listings/oficina-monoambiente-alquiler-colegiales,2026-08-13T22:31:36+00:00,alquiler,oficina,650000.0,ARS,ARS 650000.0,90000.0,ARS,Alvarez Thomas 800,Alvarez Thomas,800,,colegiales,Colegiales,13.0,Capital Federal,-34.579491254109,-58.454132080078,30.0,30.0,1.0,,1,,,,21666.67,OFICINA MONOAMBIENTE ALQUILER COLEGIALES,,,0,0,0,0,0,0,0,0,0,0,0,0,0,0,0,0,0,0,0,0,0,0
remax,ec50f514-e5a9-4391-8695-6c3e387c8d67,https://www.remax.com.ar/listings/monoambiente-a-estrenar-balcon-palermo-zona-up,2026-08-13T22:31:36+00:00,alquiler,departamento_monoambiente,690000.0,ARS,ARS 690000.0,65000.0,ARS,Mario Bravo 1100,Mario Bravo,1100,,palermo,Palermo,14.0,Capital Federal,-34.5959482,-58.4154139,33.18,30.16,1.0,,1,,,,20795.66,MONOAMBIENTE A ESTRENAR BALCON PALERMO ZONA UP,,,0,0,0,0,0,0,0,0,0,0,0,0,0,1,0,0,0,0,0,0,0,0
remax,ec1a7c4e-82b8-4df5-a19d-85fa77db1c37,https://www.remax.com.ar/listings/alquiler-monoambiente-amueblado-canitas-c-balcon,2026-08-13T22:31:36+00:00,alquiler,departamento_monoambiente,700000.0,ARS,ARS 700000.0,200000.0,ARS,Maure 1600,Maure,1600,,palermo,Palermo,14.0,Capital Federal,-34.5661883,-58.435402,46.37,28.74,1.0,,1,,,,15095.97,ALQUILER MONOAMBIENTE AMUEBLADO CAÑITAS C/BALCON,,,0,0,0,0,0,0,0,0,0,0,0,0,0,1,0,0,0,0,1,0,0,0
remax,ebfcdad4-4efb-456e-a00f-10958502766c,https://www.remax.com.ar/listings/alquiler-piso-oficina-ubic-estrategica-oportunidad,2026-08-13T22:31:36+00:00,alquiler,oficina,900.0,USD,USD 900.0,,ARS,Reconquista 500,Reconquista,500,,san nicolas,San Nicolás,1.0,Capital Federal,-34.6017272,-58.3726838,127.64,127.64,,,0,,,,7.05,ALQUILER PISO OFICINA UBIC ESTRATEGICA OPORTUNIDAD,,,0,0,0,0,0,0,0,0,0,0,0,0,0,0,0,0,0,0,0,0,0,0
remax,ebe4a19b-9e99-4077-985e-f83719269785,https://www.remax.com.ar/listings/alq-departamento-3-amb-palermo-amenities-balcon,2026-08-13T22:31:39+00:00,alquiler,departamento_estandar,1500.0,USD,USD 1500.0,770280.0,ARS,Sinclair 3200,Sinclair,3200,,palermo,Palermo,14.0,Capital Federal,-34.572530184118,-58.422439098358,76.89,70.89,3.0,,2,,,,19.51,ALQ DEPARTAMENTO 3 AMB PALERMO AMENITIES BALCÓN,,,1,0,0,0,0,0,0,0,0,0,0,0,0,1,0,0,0,0,0,0,0,0
remax,ebd5f4d8-01a9-4426-93b1-9d7e58c3bc09,https://www.remax.com.ar/listings/alquiler-monoambiente-balcon-palermo-chacarita,2026-08-13T22:31:39+00:00,alquiler,departamento_monoambiente,750000.0,ARS,ARS 750000.0,100000.0,ARS,Ángel Justiniano Carranza 1000,Ángel Justiniano Carranza,1000,,chacarita,Chacarita,15.0,Capital Federal,-34.5878971,-58.444926,26.52,23.64,1.0,,1,,,,28280.54,ALQUILER MONOAMBIENTE BALCÓN PALERMO/CHACARITA,,,0,0,0,0,0,0,0,0,0,0,0,0,0,1,0,0,0,0,0,0,0,0
remax,ebcff6dd-bb48-4137-b03b-a9e69af74298,https://www.remax.com.ar/listings/alquiler-dpto-3-amb-recoleta-apto-prof-63-m2,2026-08-13T22:31:39+00:00,alquiler,departamento_estandar,980000.0,ARS,ARS 980000.0,160000.0,ARS,Paraguay 2600,Paraguay,2600,,recoleta,Recoleta,2.0,Capital Federal,-34.596917873516,-58.405401706696,63.0,57.0,3.0,,1,,,,15555.56,ALQUILER DPTO 3 AMB. RECOLETA APTO PROF. 63 m2,,,0,0,0,0,0,0,0,0,0,0,0,0,0,0,0,0,0,0,0,0,0,0
remax,eb91781b-b098-47f7-92af-8b4825796d48,https://www.remax.com.ar/listings/alquiler-oficina-libertad-y-corrientes,2026-08-13T22:31:39+00:00,alquiler,oficina,280000.0,ARS,ARS 280000.0,143946.0,ARS,Libertad 300,Libertad,300,,san nicolas,San Nicolás,1.0,Capital Federal,-34.6043304,-58.3836176,35.94,35.94,,,2,,,,7790.76,Alquiler Oficina Libertad y Corrientes,,,0,0,0,0,0,0,0,0,0,0,0,0,0,0,0,0,0,0,0,0,0,0
remax,eb5e73c9-0f5e-415a-bb4b-b6b204751afa,https://www.remax.com.ar/listings/departamento-en-alquiler-2-amb-con-balcon-flores,2026-08-13T22:31:39+00:00,alquiler,departamento_estandar,700000.0,ARS,ARS 700000.0,170000.0,ARS,Avenida San Pedrito 0,Avenida San Pedrito,0,,flores,Flores,7.0,Capital Federal,-34.6305893,-58.4694427,46.05,42.21,2.0,,1,,,,15200.87,Departamento en Alquiler – 2 Amb con Balcón FLORES,,,0,0,0,0,0,0,0,0,0,0,0,0,0,1,0,0,0,0,0,0,0,0
remax,eb340209-f8cb-49f4-a468-6b8349473488,https://www.remax.com.ar/listings/alquiler-dpto-2-amb-en-caballito-primera-junta,2026-08-13T22:31:39+00:00,alquiler,departamento_estandar,550000.0,ARS,ARS 550000.0,275000.0,ARS,Yerbal 700,Yerbal,700,,caballito,Caballito,6.0,Capital Federal,-34.61901287571,-58.442317485024,37.28,28.91,2.0,,1,,,,14753.22,ALQUILER DPTO 2 AMB EN CABALLITO - PRIMERA JUNTA,,,0,0,0,0,0,0,0,0,0,0,0,0,0,0,0,0,0,0,0,0,0,0
remax,eb1c1cf1-ca1a-4abb-ade1-8b899837ef32,https://www.remax.com.ar/listings/alquiler-2-amb-floresta-cocina-separada-lavadero,2026-08-13T22:31:43+00:00,alquiler,departamento_estandar,500000.0,ARS,ARS 500000.0,150000.0,ARS,Mercedes 200,Mercedes,200,,floresta,Floresta,10.0,Capital Federal,-34.6312839,-58.4838697,34.0,34.0,2.0,,1,,,,14705.88,ALQUILER 2 AMB FLORESTA COCINA SEPARADA LAVADERO,,,0,0,0,0,0,0,0,0,0,0,0,0,0,0,0,0,0,0,0,0,0,0
remax,eab53699-4624-4f47-be1c-96fb28ff1b2c,https://www.remax.com.ar/listings/alquiler-oficinas-microcentro-excelente-ubicacion,2026-08-13T22:31:43+00:00,alquiler,oficina,400.0,USD,USD 400.0,,ARS,Perú 200,Perú,200,,monserrat,Monserrat,1.0,Capital Federal,-34.6111983,-58.3748631,40.0,40.0,,,3,,,,10.0,Alquiler Oficinas Microcentro Excelente Ubicación,,,0,0,0,0,0,0,0,0,0,0,0,0,0,0,0,0,0,0,0,0,0,0
remax,ea9c384c-d32b-4f9d-ac95-2fe831c27e05,https://www.remax.com.ar/listings/alquiler-lavadero-de-ropa-llave-en-mano-habilitado,2026-08-13T22:31:43+00:00,alquiler,local,800000.0,ARS,ARS 800000.0,86000.0,ARS,Humahuaca 4200,Humahuaca,4200,,almagro,Almagro,5.0,Capital Federal,-34.601653,-58.424301,28.6,28.6,,,1,,,,27972.03,Alquiler Lavadero de ropa llave en mano habilitado,,,0,0,0,0,0,0,0,0,0,0,0,0,0,0,0,0,0,0,0,0,0,0
remax,ea970f82-d996-4b32-bca5-2e641b8dff07,https://www.remax.com.ar/listings/monoambiente-tranquilo-al-contrafrente-balcon,2026-08-13T22:31:43+00:00,alquiler,departamento_monoambiente,700000.0,ARS,ARS 700000.0,110000.0,ARS,Billinghurst 2000,Billinghurst,2000,,recoleta,Recoleta,2.0,Capital Federal,-34.587396838493,-58.407762050629,37.0,31.0,1.0,,1,,,,18918.92,MONOAMBIENTE TRANQUILO AL CONTRAFRENTE BALCON,,,0,0,0,0,0,0,0,0,0,0,0,0,0,1,0,0,0,1,0,0,0,0
remax,ea34103b-e36c-4a3b-9de5-6cb8a2dd4418,https://www.remax.com.ar/listings/alquiler-2-amb-recoleta-balcon-amenities,2026-08-13T22:31:46+00:00,alquiler,departamento_estandar,800000.0,ARS,ARS 800000.0,250000.0,ARS,José A. Cabrera 3400,José A. Cabrera,3400,,recoleta,Recoleta,2.0,Capital Federal,-34.5966604,-58.4145816,58.61,53.69,2.0,,1,,,,13649.55,ALQUILER 2 AMB RECOLETA BALCON AMENITIES,,,1,0,0,0,0,0,0,0,0,0,0,0,0,1,0,0,0,0,0,0,0,0
remax,ea0f8f9b-f8dc-49cf-bfda-ea6ed632a438,https://www.remax.com.ar/listings/tres-ambientes-para-alquilar-en-mendoza-al-2200,2026-08-13T22:31:46+00:00,alquiler,departamento_estandar,1200000.0,ARS,ARS 1200000.0,150000.0,ARS,Mendoza 2200,Mendoza,2200,,belgrano,Belgrano,13.0,Capital Federal,-34.559860445971,-58.455902338028,60.0,57.0,3.0,,1,,,,20000.0,TRES AMBIENTES para alquilar en Mendoza al 2200,,,0,0,0,0,0,0,0,0,0,0,0,0,0,0,0,0,0,0,0,0,0,0
remax,ea061ab1-e420-4e1a-aebc-fcdac462fab3,https://www.remax.com.ar/listings/alquiler-local-en-esquina-mataderos-162m2,2026-08-13T22:31:46+00:00,alquiler,local,2500000.0,ARS,ARS 2500000.0,0.0,ARS,Avenida de los Corrales 7200,Avenida de los Corrales,7200,,,Naón,,Capital Federal,-34.6661132,-58.5045559,162.45,158.5,,,2,,,,15389.35,ALQUILER LOCAL EN ESQUINA MATADEROS 162m2,,,0,0,0,0,0,0,0,0,0,0,0,0,0,0,0,0,0,0,0,0,0,0
remax,e9de918e-fde5-4889-94d8-b1e8bfaef9d9,https://www.remax.com.ar/listings/dpto-apto-profesional-2-amb-alquiler-belgrano,2026-08-13T22:31:46+00:00,alquiler,departamento_duplex,750000.0,ARS,ARS 750000.0,155000.0,ARS,Soldado de la Independencia 1200,Soldado de la Independencia,1200,,palermo,Palermo,14.0,Capital Federal,-34.5642123,-58.4399148,44.72,44.72,2.0,,1,,,,16771.02,Dpto apto profesional 2 amb alquiler Belgrano,,,0,0,0,0,0,0,0,0,1,0,0,0,0,0,0,0,0,0,0,0,0,0
remax,e9dde24d-f404-4a8b-9ead-0a9022e6485e,https://www.remax.com.ar/listings/alquiler-local-comercial-700mts,2026-08-13T22:31:46+00:00,alquiler,local,7500.0,USD,USD 7500.0,,ARS,Avenida Medrano 1000,Avenida Medrano,1000,,palermo,Palermo,14.0,Capital Federal,-34.5972248,-58.4198493,690.0,690.0,,,0,,,,10.87,ALQUILER LOCAL COMERCIAL 700MTS,,,0,0,0,0,0,0,0,0,0,0,0,0,0,0,0,0,0,0,0,0,0,0
remax,e9dd9ace-c8b4-4f9d-a7d2-0dd213628c1e,https://www.remax.com.ar/listings/alquiler-departamento-2-ambientes-caballito,2026-08-13T22:31:46+00:00,alquiler,departamento_estandar,650000.0,ARS,ARS 650000.0,76000.0,ARS,Avenida Curapaligüe 100,Avenida Curapaligüe,100,,caballito,Caballito,6.0,Capital Federal,-34.6270175,-58.4530145,36.02,36.02,2.0,,1,,,,18045.53,ALQUILER DEPARTAMENTO | 2 AMBIENTES | CABALLITO,,,0,0,0,0,0,0,0,0,0,0,0,0,0,0,0,0,0,0,0,0,0,0
remax,e9b9c26e-3d00-4385-94a4-90706fad607f,https://www.remax.com.ar/listings/ph-en-alquiler-en-nunez-3-ambientes-terraza,2026-08-13T22:31:46+00:00,alquiler,casa,1400.0,USD,USD 1400.0,0.0,ARS,José Pascual Tamborini 2700,José Pascual Tamborini,2700,,nunez,Nuñez,13.0,Capital Federal,-34.5545183,-58.4681871,118.0,58.0,3.0,,1,,,,11.86,Ph en Alquiler en Nuñez 3 ambientes Terraza,,,0,0,0,0,0,0,0,0,0,0,0,0,0,1,0,0,0,0,0,0,0,0
remax,e9b8e923-7d64-4e70-8427-24603baba74e,https://www.remax.com.ar/listings/departamento-2-amb-9-lat-en-alquiler-flores,2026-08-13T22:31:46+00:00,alquiler,departamento_estandar,550000.0,ARS,ARS 550000.0,132000.0,ARS,Terrada 0,Terrada,0,,flores,Flores,7.0,Capital Federal,-34.629801072271,-58.468455076218,29.41,29.41,2.0,,1,,,,18701.12,DEPARTAMENTO 2 AMB 9º LAT EN ALQUILER FLORES,,,0,0,0,0,0,0,0,0,0,0,0,0,0,0,0,0,0,0,0,0,0,0
remax,e9a71257-3b73-4e03-b031-8c4357f3dff4,https://www.remax.com.ar/listings/alquiler-2-ambientes-a-estrenar-amenities-flores,2026-08-13T22:31:46+00:00,alquiler,departamento_estandar,800.0,USD,USD 800.0,263000.0,ARS,Avenida Nazca 600,Avenida Nazca,600,,flores,Flores,7.0,Capital Federal,-34.6245465,-58.4721605,54.11,48.37,2.0,,1,,,,14.78,ALQUILER 2 AMBIENTES A ESTRENAR AMENITIES FLORES,,,1,0,0,0,0,0,0,0,0,0,0,0,0,0,0,0,0,0,0,0,0,0
remax,e97d1d47-1e5b-4e24-a9c6-c3d9e6bc3a1b,https://www.remax.com.ar/listings/excelente-oficina-ubicada-en-microcentro,2026-08-13T22:31:46+00:00,alquiler,oficina,750000.0,ARS,ARS 750000.0,550000.0,ARS,Avenida Córdoba 600,Avenida Córdoba,600,,san nicolas,San Nicolás,1.0,Capital Federal,-34.598866,-58.3753152,105.0,105.0,,,2,,,,7142.86,Excelente oficina ubicada en microcentro,,,0,0,0,0,0,0,0,0,0,0,0,0,0,0,0,0,0,0,0,0,0,0
remax,e9733a0b-56ab-4ec5-b899-7b64c309d0ae,https://www.remax.com.ar/listings/alquiler-importante-deposito-liniers,2026-08-13T22:31:46+00:00,alquiler,deposito,2990000.0,ARS,ARS 2990000.0,0.0,ARS,Carhue 1100,Carhue,1100,,liniers,Liniers,9.0,Capital Federal,-34.6513466,-58.5225768,329.0,329.0,,,0,,,,9088.15,ALQUILER IMPORTANTE DEPOSITO - LINIERS,,,0,0,0,0,0,0,0,0,0,0,0,0,0,0,0,0,0,0,0,0,0,0
remax,e970b53b-4be7-4b52-ba8a-1cbc808c57b8,https://www.remax.com.ar/listings/alquiler-depto-2-amb-luminoso-nunez,2026-08-13T22:31:46+00:00,alquiler,departamento_estandar,720000.0,ARS,ARS 720000.0,130000.0,ARS,Crisólogo Larralde 2400,Crisólogo Larralde,2400,,nunez,Nuñez,13.0,Capital Federal,-34.5493018,-58.4689911,30.64,30.64,2.0,,1,,,,23498.69,ALQUILER DEPTO 2 AMB LUMINOSO - NUÑEZ,,,0,0,0,0,0,0,0,0,0,0,0,0,1,0,0,0,0,0,0,0,0,0
remax,e969245a-5fec-46b8-8cea-dc989aa465c2,https://www.remax.com.ar/listings/monoambiente-alquiler-parque-chacabuco-con-balcon,2026-08-13T22:31:46+00:00,alquiler,departamento_monoambiente,500.0,USD,USD 500.0,220000.0,ARS,Zelarrayán 1600,Zelarrayán,1600,,parque chacabuco,Parque Chacabuco,7.0,Capital Federal,-34.6420628,-58.4389885,46.81,40.75,1.0,,1,,,,10.68,Monoambiente Alquiler Parque Chacabuco con balcón,,,0,0,0,0,0,0,0,0,0,0,0,0,0,1,0,0,0,0,0,0,0,0
remax,e964cc91-4029-496c-8a0d-e3dada427add,https://www.remax.com.ar/listings/departamento-2-ambientes-alquiler-caballito-balcon,2026-08-13T22:31:46+00:00,alquiler,departamento_estandar,1100000.0,ARS,ARS 1100000.0,105000.0,ARS,La Plata 400,La Plata,400,,caballito,Caballito,6.0,Capital Federal,-34.61991223554,-58.428393602371,47.0,40.0,2.0,,1,,,,23404.26,Departamento 2 ambientes Alquiler Caballito Balcon,,,0,0,0,0,0,0,0,0,0,0,0,0,0,1,0,0,0,0,0,0,0,0
remax,e95b07ec-5806-4ff1-98a8-c97592510741,https://www.remax.com.ar/listings/2-amb-c-patio-c-parrilla-propia-pb-a-estrenar-1,2026-08-13T22:31:49+00:00,alquiler,departamento_estandar,800000.0,ARS,ARS 800000.0,165000.0,ARS,Avenida Chiclana 3000,Avenida Chiclana,3000,,parque patricios,Parque Patricios,4.0,Capital Federal,-34.6313503,-58.4075744,80.0,47.0,2.0,,1,,,,10000.0,2 AMB C/PATIO C/PARRILLA PROPIA! PB. A ESTRENAR!,,,0,0,1,0,0,0,0,0,0,0,0,0,0,0,0,0,0,0,0,1,0,0
remax,e93ad474-c7d7-4758-ae74-75efd9fe7c50,https://www.remax.com.ar/listings/alquiler-departamento-2-ambientes-nunez-1,2026-08-13T22:31:49+00:00,alquiler,departamento_estandar,900000.0,ARS,ARS 900000.0,328000.0,ARS,Avenida Congreso 2100,Avenida Congreso,2100,,nunez,Nuñez,13.0,Capital Federal,-34.5540574,-58.4603347,44.5,38.21,2.0,,1,,,,20224.72,ALQUILER DEPARTAMENTO 2 AMBIENTES NUÑEZ,,,0,0,0,0,0,0,0,0,0,0,0,0,0,0,0,0,0,0,0,0,0,0
remax,e91f0ed1-638f-479e-b5a4-984153dc7345,https://www.remax.com.ar/listings/ph-tipo-casa-alquiler,2026-08-13T22:31:49+00:00,alquiler,ph,1100000.0,ARS,ARS 1100000.0,0.0,ARS,Jose Barros Pazos 1800,Jose Barros Pazos,1800,,nueva pompeya,Nueva Pompeya,4.0,Capital Federal,-34.646888,-58.432206,200.0,80.0,4.0,,2,,,,5500.0,PH TIPO CASA ALQUILER,,,0,0,0,0,0,0,0,0,0,0,0,0,0,0,0,0,0,0,0,0,0,0
remax,e919d64e-b7fb-4bc5-894b-28392f3ab5e2,https://www.remax.com.ar/listings/alquiler-dpto-3-amb-cochera-villa-urquiza,2026-08-13T22:31:49+00:00,alquiler,departamento_estandar,1500000.0,ARS,ARS 1500000.0,167000.0,ARS,Avenida Congreso 4900,Avenida Congreso,4900,,villa urquiza,Villa Urquiza,12.0,Capital Federal,-34.568119105281,-58.488447195487,61.71,53.87,3.0,,1,1.0,,,24307.24,ALQUILER DPTO 3 AMB + COCHERA VILLA URQUIZA,,,0,0,0,0,0,0,0,0,0,1,0,0,0,0,0,0,0,0,0,0,0,0
remax,e8fee8ba-2853-456e-ac2e-18337688e48f,https://www.remax.com.ar/listings/dto-alquiler-2-amb-nunez-c-amenities-estrenar,2026-08-13T22:31:49+00:00,alquiler,departamento_estandar,1300000.0,ARS,ARS 1300000.0,246000.0,ARS,Vuelta de Obligado 2900,Vuelta de Obligado,2900,,nunez,Nuñez,13.0,Capital Federal,-34.5537209,-58.4630415,49.0,43.0,2.0,,1,,,,26530.61,DTO ALQUILER 2 AMB NUÑEZ C/AMENITIES ESTRENAR,,,1,0,0,0,0,0,0,0,0,0,0,0,0,0,0,0,0,0,0,0,0,0
remax,e8f01b7a-9d73-4675-87c4-6d1d04abf7cd,https://www.remax.com.ar/listings/depto-2-amb-alquiler-amoblado-barracas-balcon-luz,2026-08-13T22:31:49+00:00,alquiler,departamento_estandar,750000.0,ARS,ARS 750000.0,185300.0,ARS,Piedras 1700,Piedras,1700,,barracas,Barracas,4.0,Capital Federal,-34.6297004,-58.373755,40.02,36.82,2.0,,1,,,,18740.63,Depto 2 amb alquiler amoblado Barracas balcón luz,,,0,0,0,0,0,0,0,0,0,0,0,0,0,1,0,0,0,0,1,0,0,0
remax,e8c76dc3-b024-4aaf-ae69-e745eed02458,https://www.remax.com.ar/listings/alquiler-dpto-4-amb-2-piso-devoto,2026-08-13T22:31:49+00:00,alquiler,departamento_estandar,3000.0,USD,USD 3000.0,0.0,ARS,Navarro 3500,Navarro,3500,,villa devoto,Villa Devoto,11.0,Capital Federal,-34.5994774,-58.5030941,149.0,132.8,4.0,,2,,,,20.13,"AlQUILER DPTO. 4 amb. 2º PISO, DEVOTO",,,0,0,0,0,0,0,0,0,0,0,0,0,0,0,0,0,0,0,0,0,0,0
remax,e8821a9b-b0b7-43ea-a846-4076b9a24bfb,https://www.remax.com.ar/listings/alquiler-local-comercial-deposito-o-galpon,2026-08-13T22:31:53+00:00,alquiler,local,5500.0,USD,USD 5500.0,,ARS,Avenida Francisco Beiró 2100,Avenida Francisco Beiró,2100,,agronomia,Agronomía,15.0,Capital Federal,-34.5894553,-58.4856775,523.0,523.0,,,2,,,,10.52,"Alquiler local comercial, deposito o galpón",,,0,0,0,0,0,0,0,0,0,0,0,0,0,0,0,0,0,0,0,0,0,0
remax,e877b922-909d-46be-98f0-5d38641dbca2,https://www.remax.com.ar/listings/alquiler-departamento-monoambiente-balcon-liniers,2026-08-13T22:31:53+00:00,alquiler,departamento_monoambiente,750000.0,ARS,ARS 750000.0,50000.0,ARS,Ulrico Schmidl 6000,Ulrico Schmidl,6000,,liniers,Liniers,9.0,Capital Federal,-34.647322302784,-58.507915735245,34.0,31.0,1.0,,1,,,,22058.82,Alquiler Departamento Monoambiente Balcón Liniers,,,0,0,0,0,0,0,0,0,0,0,0,0,0,1,0,0,0,0,0,0,0,0
remax,e7be44b9-2474-4528-8df1-1dfe8c18e554,https://www.remax.com.ar/listings/edificio-de-oficinas-deposito-y-cocheras,2026-08-13T22:31:53+00:00,alquiler,edificio,18000.0,USD,USD 18000.0,,ARS,Avenida Don Pedro de Mendoza 400,Avenida Don Pedro de Mendoza,400,,la boca,La Boca,4.0,Capital Federal,-34.627717,-58.3582031,3105.0,3105.0,,,0,1.0,,,5.8,EDIFICIO DE OFICINAS DEPOSITO Y COCHERAS,,,0,0,0,0,0,0,0,0,0,1,0,0,0,0,0,0,0,0,0,0,0,0
remax,e75327dd-d112-4ba5-b628-f368a2e2e011,https://www.remax.com.ar/listings/alquiler-floresta-depto-2-amb-con-balcon-frances,2026-08-13T22:31:56+00:00,alquiler,departamento_estandar,595000.0,ARS,ARS 595000.0,130000.0,ARS,Ensenada 100,Ensenada,100,,floresta,Floresta,10.0,Capital Federal,-34.634640623031,-58.478295564455,34.54,34.54,2.0,,1,,,,17226.4,Alquiler Floresta Depto 2 Amb Con Balcón Francés,,,0,0,0,0,0,0,0,0,0,0,0,0,0,1,0,0,0,0,0,0,0,0
remax,e73b8bb3-d3e2-4249-98f4-6f8947d8897b,https://www.remax.com.ar/listings/importante-local-comercial-en-excelente-zona,2026-08-13T22:31:56+00:00,alquiler,local,2000.0,USD,USD 2000.0,0.0,ARS,San Martin 300,San Martin,300,,san nicolas,San Nicolás,1.0,Capital Federal,-34.603726775646,-58.373757004738,464.0,445.0,,,3,,,,4.31,Importante local comercial en excelente zona,,,0,0,0,0,0,0,0,0,0,0,0,0,0,0,0,0,0,0,0,0,0,0
remax,e72706ce-0056-4120-b7af-190d024f788e,https://www.remax.com.ar/listings/alquiler-dto-2-amb-amoblado-san-telmo-cerca-uade,2026-08-13T22:31:56+00:00,alquiler,departamento_estandar,800.0,USD,USD 800.0,120000.0,ARS,Estados Unidos 900,Estados Unidos,900,,san telmo,San Telmo,1.0,Capital Federal,-34.6185532,-58.3793697,38.98,36.42,2.0,,1,,,,20.52,ALQUILER DTO 2 AMB AMOBLADO SAN TELMO CERCA UADE,,,0,0,0,0,0,0,0,0,0,0,0,0,0,0,0,0,0,0,1,0,0,0
remax,e7100d4d-2c1a-40ac-a0e7-e5eb7e5937d7,https://www.remax.com.ar/listings/local-comercial-en-alquiler-en-balvanera,2026-08-13T22:31:56+00:00,alquiler,local,1200000.0,ARS,ARS 1200000.0,180000.0,ARS,Boulogne Sur Mer 900,Boulogne Sur Mer,900,,balvanera,Balvanera,3.0,Capital Federal,-34.5987518,-58.4048782,78.36,78.36,,,2,,,,15313.94,Local Comercial en Alquiler en Balvanera,,,0,0,0,0,0,0,0,0,0,0,0,0,0,0,0,0,0,0,0,0,0,0
remax,e707a933-2186-47f6-a012-822bb3b09368,https://www.remax.com.ar/listings/alquiler-depto-2-ambientes-a-estrenar-en-saavedra,2026-08-13T22:31:56+00:00,alquiler,departamento_estandar,950000.0,ARS,ARS 950000.0,0.0,ARS,Avenida Doctor Ricardo Balbín 4000,Avenida Doctor Ricardo Balbín,4000,,saavedra,Saavedra,12.0,Capital Federal,-34.5547345,-58.4878662,55.0,45.0,2.0,,1,,,,17272.73,ALQUILER DEPTO 2 AMBIENTES A ESTRENAR EN SAAVEDRA,,,0,0,0,0,0,0,0,0,0,0,0,0,0,0,0,0,0,0,0,0,0,0
remax,e6e35223-5339-4431-badb-13114475a393,https://www.remax.com.ar/listings/alquiler-en-recoleta-de-monoambiente,2026-08-13T22:31:56+00:00,alquiler,departamento_monoambiente,530000.0,ARS,ARS 530000.0,160000.0,ARS,Peña 2000,Peña,2000,,recoleta,Recoleta,2.0,Capital Federal,-34.592168813958,-58.395562591141,24.0,24.0,1.0,,1,,,,22083.33,Alquiler en Recoleta de Monoambiente,,,0,0,0,0,0,0,0,0,0,0,0,0,0,0,0,0,0,0,0,0,0,0
remax,e6c2cf3d-fa26-44cd-a5b3-6a3a4576df1b,https://www.remax.com.ar/listings/semipiso-impecable-cuatro-ambientes,2026-08-13T22:31:56+00:00,alquiler,departamento_semipiso,1200.0,USD,USD 1200.0,450000.0,ARS,Libertad 1600,Libertad,1600,,retiro,Retiro,1.0,Capital Federal,-34.5888946,-58.3832757,117.55,109.31,4.0,,3,,,,10.21,Semipiso Impecable Cuatro Ambientes,,,0,0,0,0,0,0,0,0,0,0,0,0,0,0,0,0,0,0,0,0,0,0
remax,e6b94786-44d3-4bd8-9374-50291a2d2767,https://www.remax.com.ar/listings/alquiler-departamento-3-ambientes-recoleta,2026-08-13T22:31:56+00:00,alquiler,departamento_estandar,1100000.0,ARS,ARS 1100000.0,240000.0,ARS,José Andrés Pacheco de Melo 2100,José Andrés Pacheco de Melo,2100,,recoleta,Recoleta,2.0,Capital Federal,-34.5901065,-58.396372,56.0,48.0,3.0,,1,,,,19642.86,Alquiler Departamento 3 Ambientes Recoleta,,,0,0,0,0,0,0,0,0,0,0,0,0,0,0,0,0,0,0,0,0,0,0
remax,e68f1e8a-07ac-4894-a93e-8365ee68cb38,https://www.remax.com.ar/listings/alquiler-deposito-y-oficinas-en-barracas-mixtura-2,2026-08-13T22:31:58+00:00,alquiler,deposito,8500.0,USD,USD 8500.0,,ARS,Santa Elena 300,Santa Elena,300,,barracas,Barracas,4.0,Capital Federal,-34.647072396255,-58.38463783286,1100.0,1100.0,,,0,,,,7.73,ALQUILER DEPÓSITO Y OFICINAS EN BARRACAS MIXTURA 2,,,0,0,0,0,0,0,0,0,0,0,0,0,0,0,0,0,0,0,0,0,0,0
remax,e68268d6-9c52-48f1-a777-d3f5071ceabd,https://www.remax.com.ar/listings/alquiler-local-sin-expensas-paternal,2026-08-13T22:31:58+00:00,alquiler,local,700000.0,ARS,ARS 700000.0,0.0,ARS,Añasco 2500,Añasco,2500,,la paternal,La Paternal,15.0,Capital Federal,-34.5987301,-58.4618998,28.0,28.0,,,1,,,,25000.0,Alquiler LOCAL SIN expensas Paternal,,,0,0,0,0,0,0,0,0,0,0,0,0,0,0,0,0,0,0,0,0,0,0
remax,e65286a3-d177-40eb-8ec4-82e4bf1e0fcd,https://www.remax.com.ar/listings/alquiler-departamento-2-ambientes-recoleta-4,2026-08-13T22:31:58+00:00,alquiler,departamento_estandar,1150000.0,ARS,ARS 1150000.0,170000.0,ARS,Arenales 2200,Arenales,2200,,recoleta,Barrio Norte,2.0,Capital Federal,-34.5944287,-58.3987977,50.73,38.43,2.0,,1,,,,22669.03,ALQUILER DEPARTAMENTO 2 AMBIENTES RECOLETA,,,0,0,0,0,0,0,0,0,0,0,0,0,0,0,0,0,0,0,0,0,0,0
remax,e60fd9c2-d6d5-4ecf-8d0d-609fd82142c6,https://www.remax.com.ar/listings/alquiler-3-ambientes-san-cristobal,2026-08-13T22:31:58+00:00,alquiler,departamento_estandar,900000.0,ARS,ARS 900000.0,200000.0,ARS,Avenida San Juan 2700,Avenida San Juan,2700,,san cristobal,San Cristobal,3.0,Capital Federal,-34.6236675,-58.4028224,68.0,65.0,3.0,,1,,,,13235.29,Alquiler 3 ambientes San Cristobal,,,0,0,0,0,0,0,0,0,0,0,0,0,0,0,0,0,0,0,0,0,0,0
remax,e602271e-ac1a-4e35-82f0-8a060069526b,https://www.remax.com.ar/listings/2-amb-almagro-alquiler,2026-08-13T22:31:58+00:00,alquiler,departamento_duplex,700000.0,ARS,ARS 700000.0,230000.0,ARS,Avenida Boedo 400,Avenida Boedo,400,,almagro,Almagro,5.0,Capital Federal,-34.6174959,-58.4166814,43.0,40.0,2.0,,1,,,,16279.07,2 amb. ALMAGRO ALQUILER!!!,,,0,0,0,0,0,0,0,0,0,0,0,0,0,0,0,0,0,0,0,0,0,0
remax,e5f24e47-db99-4eae-a28a-56e6d1542dec,https://www.remax.com.ar/listings/monoambiente-alquiler-villa-pueyrredon-con-balcon,2026-08-13T22:31:58+00:00,alquiler,departamento_estandar,550000.0,ARS,ARS 550000.0,190000.0,ARS,Gabriela Mistral 3100,Gabriela Mistral,3100,,villa pueyrredon,Villa Pueyrredón,12.0,Capital Federal,-34.5892494,-58.5052366,28.5,25.5,1.0,,1,,,,19298.25,MONOAMBIENTE ALQUILER VILLA PUEYRREDON CON BALCÓN,,,0,0,0,0,0,0,0,0,0,0,0,0,0,1,0,0,0,0,0,0,0,0
remax,e5e99ebf-a151-46d8-b87e-40d7d3b14a06,https://www.remax.com.ar/listings/alquiler-monoambiente-con-balcon-villa-luro-1,2026-08-13T22:32:01+00:00,alquiler,departamento_estandar,600000.0,ARS,ARS 600000.0,80000.0,ARS,Cortina 1100,Cortina,1100,,villa luro,Villa Luro,10.0,Capital Federal,-34.6296663,-58.5123782,35.67,26.75,1.0,,1,,,,16820.86,ALQUILER MONOAMBIENTE CON BALCON VILLA LURO,,,0,0,0,0,0,0,0,0,0,0,0,0,0,1,0,0,0,0,0,0,0,0
remax,e5c491c2-57ed-4dda-8cba-e822ce02ca27,https://www.remax.com.ar/listings/alquiler-monoambiente-divisible-en-flores-2,2026-08-13T22:32:01+00:00,alquiler,departamento_monoambiente,600000.0,ARS,ARS 600000.0,155000.0,ARS,Varela 200,Varela,200,,flores,Flores,7.0,Capital Federal,-34.632868731208,-58.464218234145,32.5,27.77,1.0,,1,,,,18461.54,ALQUILER MONOAMBIENTE DIVISIBLE EN FLORES,,,0,0,0,0,0,0,0,0,0,0,0,0,0,0,0,0,0,0,0,0,0,0
remax,e53244cc-8a3b-400d-bd86-cde25c93eb5c,https://www.remax.com.ar/listings/alquiler-3-amb-amplio-balcon-mejor-zona-recoleta,2026-08-13T22:32:01+00:00,alquiler,departamento_estandar,1500000.0,ARS,ARS 1500000.0,280000.0,ARS,Billinghurst 2000,Billinghurst,2000,,recoleta,Recoleta,2.0,Capital Federal,-34.587573,-58.407914,113.0,110.0,3.0,,1,,,,13274.34,ALQUILER 3 AMB. AMPLIO BALCON MEJOR ZONA RECOLETA,,,0,0,0,0,0,0,0,0,0,0,0,0,0,1,0,0,0,0,0,0,0,0
remax,e5255a91-e141-4e56-a678-ac516e3c167f,https://www.remax.com.ar/listings/alquiler-departamento-2-ambientes-caballito-balcon,2026-08-13T22:32:04+00:00,alquiler,departamento_estandar,890000.0,ARS,ARS 890000.0,220000.0,ARS,Avellaneda 0,Avellaneda,0,,caballito,Caballito,6.0,Capital Federal,-34.610695479161,-58.4309449188,42.35,38.47,2.0,,1,,,,21015.35,ALQUILER DEPARTAMENTO 2 AMBIENTES CABALLITO BALCON,,,0,0,0,0,0,0,0,0,0,0,0,0,0,1,0,0,0,0,0,0,0,0
remax,e51050ed-0e85-47e5-9f1e-a96f84140aa8,https://www.remax.com.ar/listings/se-alquila-semipiso-3-ambientes-palermo,2026-08-13T22:32:04+00:00,alquiler,departamento_estandar,1300000.0,ARS,ARS 1300000.0,370000.0,ARS,Charcas 5100,Charcas,5100,,palermo,Palermo,14.0,Capital Federal,-34.5783915,-58.4304007,76.7,63.7,3.0,,1,,,,16949.15,SE ALQUILA SEMIPISO - 3 AMBIENTES - PALERMO,,,0,0,0,0,0,0,0,0,0,0,0,0,0,0,0,0,0,0,0,0,0,0
remax,e4bc9a7d-81e4-4782-8eaa-30d8fea41648,https://www.remax.com.ar/listings/departamento-3-amb-alquiler-barrio-parque-cochera,2026-08-13T22:32:04+00:00,alquiler,departamento_piso,1700.0,USD,USD 1700.0,485624.0,ARS,Avenida Presidente Figueroa Alcorta 3000,Avenida Presidente Figueroa Alcorta,3000,,palermo,Palermo,14.0,Capital Federal,-34.5804884,-58.3984727,100.0,100.0,3.0,,1,1.0,,,17.0,DEPARTAMENTO 3 AMB. ALQUILER BARRIO PARQUE COCHERA,,,0,0,0,0,0,0,0,0,0,1,0,0,0,0,0,0,0,0,0,0,0,0
remax,e4a7e812-280f-4178-82e0-b40751144f2e,https://www.remax.com.ar/listings/alquiler-2-ambientes-luminoso-con-balcon-retiro,2026-08-13T22:32:04+00:00,alquiler,departamento_estandar,650000.0,ARS,ARS 650000.0,230000.0,ARS,Talcahuano 800,Talcahuano,800,,san nicolas,San Nicolás,1.0,Capital Federal,-34.599333,-58.3855907,41.0,38.0,2.0,,1,,,,15853.66,"ALQUILER 2 AMBIENTES LUMINOSO, CON BALCÓN, RETIRO",,,0,0,0,0,0,0,0,0,0,0,0,0,1,1,0,0,0,0,0,0,0,0
remax,e4964e23-6ad5-4850-ada0-8c8b17254987,https://www.remax.com.ar/listings/alquiler-2-amb-amoblado-balcon-almagro-amenities,2026-08-13T22:32:04+00:00,alquiler,departamento_estandar,750000.0,ARS,ARS 750000.0,130000.0,ARS,Valentín Gómez 3700,Valentín Gómez,3700,,almagro,Almagro,5.0,Capital Federal,-34.6043554,-58.4176191,46.23,41.2,2.0,,1,,,,16223.23,ALQUILER 2 AMB AMOBLADO-BALCON -ALMAGRO-AMENITIES,,,1,0,0,0,0,0,0,0,0,0,0,0,0,1,0,0,0,0,1,0,0,0
remax,e48a43f1-1f3d-4d1e-ac15-8b5b86478458,https://www.remax.com.ar/listings/alquiler-depto-en-recoleta-3-y-4-amb-balcon-frente,2026-08-13T22:32:04+00:00,alquiler,departamento_estandar,1800000.0,ARS,ARS 1800000.0,500000.0,ARS,Avenida Callao 2000,Avenida Callao,2000,,recoleta,Recoleta,2.0,Capital Federal,-34.5872246,-58.386473,117.0,107.0,3.0,,1,,,,15384.62,ALQUILER DEPTO EN RECOLETA 3 y 4 AMB BALCON FRENTE,,,0,0,0,0,0,0,0,0,0,0,0,0,0,1,0,0,0,0,0,0,0,0
remax,e47c2879-be9b-4634-b5b7-0a6de750e04a,https://www.remax.com.ar/listings/increible-oficina-en-pleno-centro-porteno,2026-08-13T22:32:04+00:00,alquiler,oficina,1000000.0,ARS,ARS 1000000.0,1600000.0,ARS,25 de Mayo 200,25 de Mayo,200,,san nicolas,San Nicolás,1.0,Capital Federal,-34.6046204,-58.3709175,272.0,272.0,,,2,,,,3676.47,INCREIBLE OFICINA EN PLENO CENTRO PORTEÑO,,,0,0,0,0,0,0,0,0,0,0,0,0,0,0,0,0,0,0,0,0,0,0
remax,e46ad0e3-cc10-4f18-948e-cc84bcadd5cc,https://www.remax.com.ar/listings/alquiler-departamento-2-amb-devoto-con-amenities,2026-08-13T22:32:04+00:00,alquiler,departamento_estandar,1000000.0,ARS,ARS 1000000.0,200000.0,ARS,Concordia 4200,Concordia,4200,,villa devoto,Villa Devoto,11.0,Capital Federal,-34.5947767,-58.506954,57.1,50.4,2.0,,1,,,,17513.13,"ALQUILER DEPARTAMENTO 2 AMB, DEVOTO CON AMENITIES",,,1,0,0,0,0,0,0,0,0,0,0,0,0,0,0,0,0,0,0,0,0,0
remax,e4504b7f-284a-43d5-b6d8-d952fe055c29,https://www.remax.com.ar/listings/alquiler-departamento-2-ambientes-en-villa-urquiza,2026-08-13T22:32:04+00:00,alquiler,departamento_estandar,920000.0,ARS,ARS 920000.0,197000.0,ARS,Lugones 2300,Lugones,2300,,villa urquiza,Villa Urquiza,12.0,Capital Federal,-34.570932983248,-58.479122425379,48.0,41.0,2.0,,1,,,,19166.67,Alquiler departamento 2 ambientes en Villa Urquiza,,,0,0,0,0,0,0,0,0,0,0,0,0,0,0,0,0,0,0,0,0,0,0
remax,e43f3b2a-7f6f-406c-bb0a-feb8d48ca6fb,https://www.remax.com.ar/listings/alquiler-residencial-villa-crespo-dpto-2-ambientes,2026-08-13T22:32:07+00:00,alquiler,departamento_estandar,800000.0,ARS,ARS 800000.0,140000.0,ARS,Vera 0,Vera,0,,villa crespo,Villa Crespo,15.0,Capital Federal,-34.6026198,-58.4343603,42.0,42.0,2.0,,1,,,,19047.62,ALQUILER RESIDENCIAL VILLA CRESPO DPTO 2 AMBIENTES,,,0,0,0,0,0,0,0,0,0,0,0,0,0,0,0,0,0,0,0,0,0,0
remax,e41f7559-9155-424d-b733-48759f98bce6,https://www.remax.com.ar/listings/alquiler-oficinas-corrientes-y-callao-opc-cocheras,2026-08-13T22:32:07+00:00,alquiler,oficina,610000.0,ARS,ARS 610000.0,370000.0,ARS,Avenida Corrientes 1800,Avenida Corrientes,1800,,balvanera,Balvanera,3.0,Capital Federal,-34.604602,-58.3927125,62.5,60.0,,,1,1.0,,,9760.0,Alquiler oficinas Corrientes y Callao opc cocheras,,,0,0,0,0,0,0,0,0,0,1,0,0,0,0,0,0,0,0,0,0,0,0
remax,e41e6c0a-aeb9-4ddb-869b-b9d997290668,https://www.remax.com.ar/listings/alquiler-depto-belgrano-2-amb-muy-luminoso,2026-08-13T22:32:07+00:00,alquiler,departamento_estandar,870000.0,ARS,ARS 870000.0,110000.0,ARS,Avenida Olazábal 2600,Avenida Olazábal,2600,,belgrano,Belgrano,13.0,Capital Federal,-34.561274,-58.4610709,41.0,41.0,2.0,,1,,,,21219.51,Alquiler depto Belgrano 2 amb. muy luminoso,,,0,0,0,0,0,0,0,0,0,0,0,0,1,0,0,0,0,0,0,0,0,0
remax,e400a7e8-2e4d-425f-b3b4-44ad1b7d4eb3,https://www.remax.com.ar/listings/monoambiente-en-alquiler-a-estrenar,2026-08-13T22:32:07+00:00,alquiler,departamento_monoambiente,550000.0,ARS,ARS 550000.0,112000.0,ARS,Adolfo Alsina 2100,Adolfo Alsina,2100,,balvanera,Balvanera,3.0,Capital Federal,-34.6119084,-58.396558,29.0,29.0,1.0,,1,,,,18965.52,MONOAMBIENTE EN ALQUILER A ESTRENAR,,,0,0,0,0,0,0,0,0,0,0,0,0,0,0,0,0,0,0,0,0,0,0
remax,e3f94e32-5076-4483-8beb-68c4d9f7d94a,https://www.remax.com.ar/listings/departamento-2-ambientes-en-alquiler-almagro-1,2026-08-13T22:32:07+00:00,alquiler,departamento_estandar,550000.0,ARS,ARS 550000.0,226000.0,ARS,Francisco Acuña de Figueroa 100,Francisco Acuña de Figueroa,100,,almagro,Almagro,5.0,Capital Federal,-34.6093944,-58.4227194,35.0,35.0,2.0,,1,,,,15714.29,Departamento 2 ambientes en alquiler Almagro,,,0,0,0,0,0,0,0,0,0,0,0,0,0,0,0,0,0,0,0,0,0,0
remax,e3e04c46-8fe1-4e22-87ea-1c1b481c9c20,https://www.remax.com.ar/listings/alquiler-4-ambientes-excelente-ubicacion,2026-08-13T22:32:07+00:00,alquiler,departamento_estandar,2300000.0,ARS,ARS 2300000.0,484000.0,ARS,Bulnes 1900,Bulnes,1900,,palermo,Palermo,14.0,Capital Federal,-34.588842,-58.4126534,117.45,107.28,4.0,,2,,,,19582.8,"ALQUILER 4 AMBIENTES, EXCELENTE UBICACION",,,0,0,0,0,0,0,0,0,0,0,0,0,0,0,0,0,0,0,0,0,0,0
remax,e3d2ff60-ce3e-4d5a-8712-38a403d2b91f,https://www.remax.com.ar/listings/ph-en-alquiler-3-ambientes-mataderos,2026-08-13T22:32:07+00:00,alquiler,ph,750000.0,ARS,ARS 750000.0,0.0,ARS,Araujo 1100,Araujo,1100,,mataderos,Mataderos,9.0,Capital Federal,-34.648192,-58.4961767,50.0,50.0,3.0,,1,,,,15000.0,PH en Alquiler 3 ambientes - Mataderos,,,0,0,0,0,0,0,0,0,0,0,0,0,0,0,0,0,0,0,0,0,0,0
remax,e3d2b4be-e890-44cd-a1f9-c281c0e52bf4,https://www.remax.com.ar/listings/alquiler-departamento-2-ambientes-en-colegiales,2026-08-13T22:32:07+00:00,alquiler,departamento_estandar,700000.0,ARS,ARS 700000.0,100000.0,ARS,Amenábar 600,Amenábar,600,,colegiales,Colegiales,13.0,Capital Federal,-34.5727531,-58.4459828,42.35,42.35,2.0,,1,,,,16528.93,ALQUILER DEPARTAMENTO 2 AMBIENTES EN COLEGIALES,,,0,0,0,0,0,0,0,0,0,0,0,0,0,0,0,0,0,0,0,0,0,0
remax,e3a6258b-491d-496e-81bd-365f6dd90deb,https://www.remax.com.ar/listings/alquiler-dpto-5-amb-torre-chateau-libertador-nunez,2026-08-13T22:32:07+00:00,alquiler,departamento_estandar,8500.0,USD,USD 8500.0,2500000.0,ARS,Avenida del Libertador 7000,Avenida del Libertador,7000,,nunez,Nuñez,13.0,Capital Federal,-34.547911,-58.4565325,289.11,270.71,5.0,,4,,,,29.4,ALQUILER DPTO 5 AMB TORRE CHATEAU LIBERTADOR NUÑEZ,,,0,0,0,0,0,0,0,0,0,0,0,0,0,0,0,0,0,0,0,0,0,0
remax,e3a2f512-c99a-482f-8c23-bf7e03de298e,https://www.remax.com.ar/listings/alquiler-local-43-mt-congreso,2026-08-13T22:32:07+00:00,alquiler,local,500000.0,ARS,ARS 500000.0,0.0,ARS,Solís 100,Solís,100,,monserrat,Monserrat,1.0,Capital Federal,-34.6111185,-58.3902683,43.31,43.31,,,1,,,,11544.68,ALQUILER LOCAL 43 MT CONGRESO,,,0,0,0,0,0,0,0,0,0,0,0,0,0,0,0,0,0,0,0,0,0,0
remax,e39a802d-dbbf-49c5-b01d-cc1d4adfab7c,https://www.remax.com.ar/listings/alquiler-2-ambientes-san-telmo-bajas-expensas,2026-08-13T22:32:07+00:00,alquiler,departamento_estandar,700000.0,ARS,ARS 700000.0,140000.0,ARS,Cochabamba 700,Cochabamba,700,,san telmo,San Telmo,1.0,Capital Federal,-34.6233274,-58.3757159,39.97,39.97,2.0,,1,,,,17513.13,ALQUILER - 2 ambientes San Telmo - Bajas expensas.,,,0,0,0,0,0,0,0,0,0,0,0,0,0,0,0,0,0,0,0,0,0,0
remax,e38f7f57-1c39-46bf-9759-2957231982a4,https://www.remax.com.ar/listings/alquiler-depto-semipiso-3-amb-con-patio,2026-08-13T22:32:07+00:00,alquiler,departamento_estandar,1150000.0,ARS,ARS 1150000.0,230000.0,ARS,Jean Jaures 900,Jean Jaures,900,,balvanera,Balvanera,3.0,Capital Federal,-34.5994923,-58.4072502,77.8,59.0,3.0,,1,,,,14781.49,Alquiler depto semipiso 3 amb con patio.,,,0,0,0,0,0,0,0,0,0,0,0,0,0,0,0,0,0,0,0,1,0,0
remax,e354c6ec-a87b-4be2-b4f1-0cebb76caa30,https://www.remax.com.ar/listings/alquiler-depto-2-amb-c-patio-en-almagro-subte-a,2026-08-13T22:32:10+00:00,alquiler,departamento_estandar,850000.0,ARS,ARS 850000.0,164000.0,ARS,Avenida Rivadavia 3700,Avenida Rivadavia,3700,,almagro,Almagro,5.0,Capital Federal,-34.6112094,-58.4191864,90.66,60.92,2.0,,1,,,,9375.69,"ALQUILER DEPTO 2 AMB C/PATIO EN ALMAGRO, SUBTE A",,,0,0,0,0,0,0,0,0,0,0,0,0,0,0,0,0,0,0,0,1,0,0
remax,e30170e3-da3f-42f9-b1c9-72c6d683b2d7,https://www.remax.com.ar/listings/departamento-en-alquiler-palermo-2-ambientes-1,2026-08-13T22:32:10+00:00,alquiler,departamento_estandar,900.0,USD,USD 900.0,235200.0,ARS,Avenida Raúl Scalabrini Ortiz 1500,Avenida Raúl Scalabrini Ortiz,1500,,palermo,Palermo,14.0,Capital Federal,-34.5910635,-58.4254527,58.84,51.29,2.0,,1,,,,15.3,DEPARTAMENTO EN ALQUILER PALERMO 2 AMBIENTES,,,0,0,0,0,0,0,0,0,0,0,0,0,0,0,0,0,0,0,0,0,0,0
remax,e2fea984-6fa0-423c-baef-da272701464c,https://www.remax.com.ar/listings/alquiler-monoambiente-amoblado-en-balvanera,2026-08-13T22:32:10+00:00,alquiler,departamento_estandar,700000.0,ARS,ARS 700000.0,190000.0,ARS,Avenida Corrientes 3100,Avenida Corrientes,3100,,balvanera,Balvanera,3.0,Capital Federal,-34.6042102,-58.4092194,32.0,28.0,1.0,,1,,,,21875.0,Alquiler MonoAmbiente Amoblado en Balvanera,,,0,0,0,0,0,0,0,0,0,0,0,0,0,0,0,0,0,0,1,0,0,0
remax,e2e90a98-1b87-4741-bcf2-006a6259484c,https://www.remax.com.ar/listings/alquiler-departamernto-monoambiente-palermo-balcon,2026-08-13T22:32:10+00:00,alquiler,departamento_monoambiente,840000.0,ARS,ARS 840000.0,237200.0,ARS,Paraguay 3900,Paraguay,3900,,palermo,Palermo,14.0,Capital Federal,-34.5887714,-58.4191208,38.26,35.0,1.0,,1,,,,21955.04,ALQUILER DEPARTAMERNTO MONOAMBIENTE PALERMO BALCÓN,,,0,0,0,0,0,0,0,0,0,0,0,0,0,1,0,0,0,0,0,0,0,0
remax,e2ad882c-93ab-4a3e-8eff-d2c91ae7dfa9,https://www.remax.com.ar/listings/alquiler-monoambiente-en-palermo-2,2026-08-13T22:32:10+00:00,alquiler,departamento_estandar,600000.0,ARS,ARS 600000.0,90000.0,ARS,Fray Justo Santa María de Oro 2700,Fray Justo Santa María de Oro,2700,,palermo,Palermo Viejo,14.0,Capital Federal,-34.576317,-58.4218616,33.84,30.87,1.0,,1,,,,17730.5,Alquiler monoambiente en Palermo,,,0,0,0,0,0,0,0,0,0,0,0,0,0,0,0,0,0,0,0,0,0,0
remax,e25d4cfc-e420-4288-83fc-9428d56f3741,https://www.remax.com.ar/listings/alquiler-depto-2-amb-caballito-luminoso-balcon,2026-08-13T22:32:13+00:00,alquiler,departamento_estandar,750000.0,ARS,ARS 750000.0,200000.0,ARS,Almirante Francisco Juan Seguí 1100,Almirante Francisco Juan Seguí,1100,,caballito,Caballito,6.0,Capital Federal,-34.6119076,-58.4575956,43.0,37.27,2.0,,1,,,,17441.86,ALQUILER DEPTO 2 AMB -CABALLITO-LUMINOSO-BALCON,,,0,0,0,0,0,0,0,0,0,0,0,0,1,1,0,0,0,0,0,0,0,0
remax,e20cebb1-a17c-447e-87df-d3397a8d68a1,https://www.remax.com.ar/listings/alquila-mono-amb-con-balcon-urquiza,2026-08-13T22:32:13+00:00,alquiler,departamento_estandar,570000.0,ARS,ARS 570000.0,177000.0,ARS,Avenida Olazábal 4700,Avenida Olazábal,4700,,villa urquiza,Villa Urquiza,12.0,Capital Federal,-34.5741602,-58.4822317,36.9,32.33,1.0,,1,,,,15447.15,Alquila Mono amb con balcon URQUIZA,,,0,0,0,0,0,0,0,0,0,0,0,0,0,1,0,0,0,0,0,0,0,0
remax,e1bb107f-0b33-4459-9ff0-5d05305f9de7,https://www.remax.com.ar/listings/departamento-2-ambientes-en-alquiler-en-villa-luro,2026-08-13T22:32:13+00:00,alquiler,departamento_estandar,750000.0,ARS,ARS 750000.0,140000.0,ARS,Manzoni 100,Manzoni,100,,villa luro,Villa Luro,10.0,Capital Federal,-34.639125216182,-58.49933481295,54.0,50.0,2.0,,1,,,,13888.89,Departamento 2 ambientes en alquiler en Villa Luro,,,0,0,0,0,0,0,0,0,0,0,0,0,0,0,0,0,0,0,0,0,0,0
remax,e15fbd85-198a-4598-9792-0f1751a2499f,https://www.remax.com.ar/listings/alquiler-2-ambientes-palermo-con-terraza,2026-08-13T22:32:15+00:00,alquiler,departamento_estandar,1200000.0,ARS,ARS 1200000.0,230000.0,ARS,Santos Dumont 2300,Santos Dumont,2300,,palermo,Palermo,14.0,Capital Federal,-34.572854104346,-58.437967300852,84.52,44.07,2.0,,1,,,,14197.82,Alquiler 2 ambientes Palermo con terraza,,,0,0,0,0,0,0,0,0,0,0,0,0,0,1,0,0,0,0,0,0,0,0
remax,e15d6bb5-4da7-4731-91b1-85e850857e2d,https://www.remax.com.ar/listings/alquiler-dpto-2-amb-balcon-y-amenities-v-urquiza,2026-08-13T22:32:15+00:00,alquiler,departamento_estandar,850000.0,ARS,ARS 850000.0,195000.0,ARS,Miller 2300,Miller,2300,,villa urquiza,Villa Urquiza,12.0,Capital Federal,-34.572588,-58.4798161,47.0,40.0,2.0,,1,,,,18085.11,"ALQUILER DPTO 2 AMB BALCON Y AMENITIES, V. URQUIZA",,,1,0,0,0,0,0,0,0,0,0,0,0,0,1,0,0,0,0,0,0,0,0
remax,e1538717-e77e-42af-a416-e05a9e15b0ef,https://www.remax.com.ar/listings/alquiler-depto-3-amb-en-la-mejor-zona-de-recoleta,2026-08-13T22:32:15+00:00,alquiler,departamento_estandar,1200000.0,ARS,ARS 1200000.0,450000.0,ARS,Ayacucho 2100,Ayacucho,2100,,recoleta,Recoleta,2.0,Capital Federal,-34.5863794,-58.3878301,73.0,73.0,3.0,,1,,,,16438.36,ALQUILER DEPTO 3 AMB EN LA MEJOR ZONA DE RECOLETA,,,0,0,0,0,0,0,0,0,0,0,0,0,0,0,0,0,0,0,0,0,0,0
remax,e142c26f-bd51-4172-95a0-2b9367c25985,https://www.remax.com.ar/listings/depto-2-ambientes-en-alquiler-en-villa-del-parque,2026-08-13T22:32:15+00:00,alquiler,departamento_estandar,750000.0,ARS,ARS 750000.0,0.0,ARS,Avenida San Martín 4900,Avenida San Martín,4900,,villa del parque,Villa del Parque,11.0,Capital Federal,-34.5975265,-58.4881256,29.55,29.55,2.0,,1,,,,25380.71,Depto 2 ambientes en ALQUILER en Villa Del Parque,,,0,0,0,0,0,0,0,0,0,0,0,0,0,0,0,0,0,0,0,0,0,0
remax,e1371f14-93bb-4750-afc6-2238a48ab04d,https://www.remax.com.ar/listings/alq-2-ambi-con-muebles-seguridad-y-amenities,2026-08-13T22:32:15+00:00,alquiler,departamento_estandar,1400000.0,ARS,ARS 1400000.0,300000.0,ARS,Avenida Paseo Colón 1100,Avenida Paseo Colón,1100,,san telmo,San Telmo,1.0,Capital Federal,-34.6207722,-58.3679351,60.0,56.0,2.0,,1,,,,23333.33,ALQ 2 AMBI CON MUEBLES - SEGURIDAD Y AMENITIES,,,1,0,0,0,0,0,0,0,0,0,0,0,0,0,0,0,0,0,0,0,0,0
remax,e12af4ca-d77d-4594-9567-db494ccabe78,https://www.remax.com.ar/listings/alquiler-departamento-2-ambientes-balcon-liniers,2026-08-13T22:32:15+00:00,alquiler,departamento_estandar,800000.0,ARS,ARS 800000.0,160000.0,ARS,Ibarrola 6500,Ibarrola,6500,,liniers,Liniers,9.0,Capital Federal,-34.6413418,-58.5188248,60.0,60.0,2.0,,1,,,,13333.33,"Alquiler Departamento 2 ambientes balcon, Liniers",,,0,0,0,0,0,0,0,0,0,0,0,0,0,1,0,0,0,0,0,0,0,0
remax,e1192908-9657-4f8f-bbf1-f53b95ee9c95,https://www.remax.com.ar/listings/alquiler-3-amb-balcon-lavadero-caballito,2026-08-13T22:32:15+00:00,alquiler,departamento_estandar,1000000.0,ARS,ARS 1000000.0,250000.0,ARS,Valle 1400,Valle,1400,,caballito,Caballito,6.0,Capital Federal,-34.6268994,-58.4485506,63.0,63.0,3.0,,1,,,,15873.02,Alquiler 3 amb balcon lavadero Caballito,,,0,0,0,0,0,0,0,0,0,0,0,0,0,1,0,0,0,0,0,0,0,0
remax,e09645da-bbbf-42fc-b458-fd50b0fd2df6,https://www.remax.com.ar/listings/alquiler-depto-2-ambientes-floresta,2026-08-13T22:32:18+00:00,alquiler,departamento_estandar,600000.0,ARS,ARS 600000.0,157000.0,ARS,Mercedes 200,Mercedes,200,,floresta,Floresta,10.0,Capital Federal,-34.6312839,-58.4838697,34.0,34.0,2.0,,1,,,,17647.06,"Alquiler depto. 2 ambientes, Floresta",,,0,0,0,0,0,0,0,0,0,0,0,0,0,0,0,0,0,0,0,0,0,0
remax,e0934854-ee8a-4060-a049-0923ff57a50e,https://www.remax.com.ar/listings/alquila-monoambiente-divid-en-almagro-edif-pileta,2026-08-13T22:32:18+00:00,alquiler,departamento_penthouse,549000.0,ARS,ARS 549000.0,130000.0,ARS,Presidente Teniente General Juan Domingo Perón 4100,Presidente Teniente General Juan Domingo Perón,4100,,almagro,Almagro,5.0,Capital Federal,-34.6061139,-58.4244671,28.0,27.0,1.0,,1,,,,19607.14,Alquila monoambiente divid en Almagro edif. pileta,,,1,1,0,0,0,0,0,0,0,0,0,0,0,0,0,0,0,0,0,0,0,0
remax,e044bf7c-dcd4-4f14-bea7-e291ad632f50,https://www.remax.com.ar/listings/alquiler-oficina-microcentro-1,2026-08-13T22:32:20+00:00,alquiler,oficina,500.0,USD,USD 500.0,510000.0,ARS,Lavalle 600,Lavalle,600,,san nicolas,Centro / Microcentro,1.0,Capital Federal,-34.602335375697,-58.377592562319,100.0,100.0,,,1,,,,5.0,ALQUILER OFICINA MICROCENTRO,,,0,0,0,0,0,0,0,0,0,0,0,0,0,0,0,0,0,0,0,0,0,0
remax,e019e0b6-68a9-461b-ba99-84d4e1f31b4a,https://www.remax.com.ar/listings/alquiler-monoambiente-caballito-balcon,2026-08-13T22:32:20+00:00,alquiler,departamento_monoambiente,600000.0,ARS,ARS 600000.0,0.0,ARS,Avenida Avellaneda 0,Avenida Avellaneda,0,,caballito,Caballito,6.0,Capital Federal,-34.6113886,-58.431116,31.12,25.65,1.0,,1,,,,19280.21,ALQUILER MONOAMBIENTE CABALLITO BALCON,,,0,0,0,0,0,0,0,0,0,0,0,0,0,1,0,0,0,0,0,0,0,0
remax,dfdb4eab-3beb-4f42-a15a-385d3762b30d,https://www.remax.com.ar/listings/alquiler-depto-4-amb-c-guardacoches-en-colegiales,2026-08-13T22:32:20+00:00,alquiler,departamento_estandar,1800000.0,ARS,ARS 1800000.0,450000.0,ARS,Olleros 2500,Olleros,2500,,colegiales,Colegiales,13.0,Capital Federal,-34.5718574,-58.4445368,111.09,104.19,4.0,,1,,,,16203.08,Alquiler Depto 4 amb c/guardacoches en COLEGIALES,,,0,0,0,0,0,0,0,0,0,0,0,0,0,0,0,0,0,0,0,0,0,0
remax,dfce63e4-3048-4b61-b8c2-8536cb8b5fa1,https://www.remax.com.ar/listings/alquiler-4-amb-cochera-sin-muebles-barrancas-1,2026-08-13T22:32:20+00:00,alquiler,departamento_estandar,2650.0,USD,USD 2650.0,830000.0,ARS,Avenida Juramento 1900,Avenida Juramento,1900,,belgrano,Belgrano,13.0,Capital Federal,-34.5597329,-58.4524952,196.21,182.45,4.0,,2,1.0,,,13.51,Alquiler 4 amb. cochera SIN MUEBLES Barrancas,,,0,0,0,0,0,0,0,0,0,1,0,0,0,0,0,0,0,0,0,0,0,0
remax,dfb4adb2-d497-44f1-b666-3299a13cbf85,https://www.remax.com.ar/listings/alquiler-departamento-4-ambientes-en-nunez,2026-08-13T22:32:20+00:00,alquiler,departamento_estandar,2200.0,USD,USD 2200.0,750000.0,ARS,Crisologo Larralde 1600,Crisologo Larralde,1600,,nunez,Nuñez,13.0,Capital Federal,-34.549914028749,-58.469852943403,136.1,103.28,4.0,,2,,,,16.16,ALQUILER DEPARTAMENTO 4 AMBIENTES EN NUÑEZ,,,0,0,0,0,0,0,0,0,0,0,0,0,0,0,0,0,0,0,0,0,0,0
remax,df57be68-e8f2-429c-afe1-3b1716cfbc9f,https://www.remax.com.ar/listings/monoambiente-dividido-con-balcon-y-cocina-separada,2026-08-13T22:32:23+00:00,alquiler,departamento_monoambiente,640000.0,ARS,ARS 640000.0,120000.0,ARS,Campichuelo 600,Campichuelo,600,,caballito,Caballito,6.0,Capital Federal,-34.6091106,-58.4361157,44.4,39.4,1.0,,1,,,,14414.41,Monoambiente DIVIDIDO con BALCÓN y Cocina SEPARADA,,,0,0,0,0,0,0,0,0,0,0,0,0,0,1,0,0,0,0,0,0,0,0
remax,df3c2d9e-ceca-4bf3-b7d2-93ca93f90abc,https://www.remax.com.ar/listings/alquiler-monoambiente-monserrat-con-linda-vista,2026-08-13T22:32:23+00:00,alquiler,departamento_estandar,400000.0,ARS,ARS 400000.0,90000.0,ARS,Salta 300,Salta,300,,monserrat,Monserrat,1.0,Capital Federal,-34.6125526,-58.3832055,28.0,28.0,1.0,,1,,,,14285.71,Alquiler monoambiente Monserrat con linda vista,,,0,0,0,0,0,0,0,0,0,0,0,0,0,0,0,0,0,0,0,0,0,0
remax,df22e40b-5460-4523-94c2-3504408e9f45,https://www.remax.com.ar/listings/alquiler-monoambientes-belgrano-apto-profesional,2026-08-13T22:32:23+00:00,alquiler,departamento_monoambiente,470000.0,ARS,ARS 470000.0,124000.0,ARS,O'higgins 1800,O'higgins,1800,,belgrano,Belgrano,13.0,Capital Federal,-34.5626442,-58.4507329,22.57,22.57,1.0,,1,,,,20824.1,ALQUILER MONOAMBIENTES BELGRANO APTO PROFESIONAL,,,0,0,0,0,0,0,0,0,1,0,0,0,0,0,0,0,0,0,0,0,0,0
remax,df1a91df-d266-49e5-83ac-ca8435e88b17,https://www.remax.com.ar/listings/alquiler-departamento-puerto-madero,2026-08-13T22:32:23+00:00,alquiler,departamento_duplex,1200.0,USD,USD 1200.0,800000.0,ARS,Juana Manso 1600,Juana Manso,1600,,puerto madero,Puerto Madero,1.0,Capital Federal,-34.6169813,-58.3616245,90.0,78.0,2.0,,1,,,,13.33,ALQUILER DEPARTAMENTO PUERTO MADERO,,,0,0,0,0,0,0,0,0,0,0,0,0,0,0,0,0,0,0,0,0,0,0
remax,dee8b70e-6db4-4205-be74-c107a8cc62ab,https://www.remax.com.ar/listings/alquiler-2-ambientes-con-cochera-villa-urquiza,2026-08-13T22:32:23+00:00,alquiler,departamento_estandar,900000.0,ARS,ARS 900000.0,200000.0,ARS,Diaz Colodrero 2500,Diaz Colodrero,2500,,villa urquiza,Villa Urquiza,12.0,Capital Federal,-34.572806,-58.486347,48.0,45.0,2.0,,1,1.0,,,18750.0,"Alquiler 2 Ambientes con Cochera, villa urquiza",,,0,0,0,0,0,0,0,0,0,1,0,0,0,0,0,0,0,0,0,0,0,0
remax,dec1001f-fe0c-428c-9e10-46bd0a632fb2,https://www.remax.com.ar/listings/alquiler-monoamb-dividido-y-balcon-en-belgrano,2026-08-13T22:32:26+00:00,alquiler,departamento_monoambiente,580000.0,ARS,ARS 580000.0,100000.0,ARS,Avenida Doctor Ricardo Balbín 2500,Avenida Doctor Ricardo Balbín,2500,,belgrano,Belgrano,13.0,Capital Federal,-34.5619901,-58.4673191,37.0,33.0,1.0,,1,,,,15675.68,ALQUILER Monoamb. Dividido y balcón en BELGRANO,,,0,0,0,0,0,0,0,0,0,0,0,0,0,1,0,0,0,0,0,0,0,0
remax,dec0cca5-1062-4cce-bd2a-010e56f22f10,https://www.remax.com.ar/listings/alquiler-depto-3-amb-con-cochera-en-edificio-om,2026-08-13T22:32:26+00:00,alquiler,departamento_estandar,3200000.0,ARS,ARS 3200000.0,550000.0,ARS,Araoz 2500,Araoz,2500,,,Botánico,,Capital Federal,-34.607373331424,-58.44578133155,80.99,67.37,3.0,,2,1.0,,,39511.05,ALQUILER DEPTO 3 AMB CON COCHERA EN EDIFICIO OM,,,0,0,0,0,0,0,0,0,0,1,0,0,0,0,0,0,0,0,0,0,0,0
remax,de50b855-01f3-455b-9262-3cce55456267,https://www.remax.com.ar/listings/alquiler-3-ambientes-belgrano-c-cochera-luminoso,2026-08-13T22:32:26+00:00,alquiler,departamento_estandar,1550000.0,ARS,ARS 1550000.0,420000.0,ARS,Amenábar 2200,Amenábar,2200,,belgrano,Belgrano,13.0,Capital Federal,-34.5613161,-58.460024,73.85,68.32,3.0,,1,1.0,,,20988.49,ALQUILER 3 AMBIENTES BELGRANO C/COCHERA LUMINOSO,,,0,0,0,0,0,0,0,0,0,1,0,0,1,0,0,0,0,0,0,0,0,0
remax,de419d0e-ef40-4b3c-87a1-ab5542677cf1,https://www.remax.com.ar/listings/monoambiente-en-colegiales-alquiler-con-balcon,2026-08-13T22:32:26+00:00,alquiler,departamento_estandar,800000.0,ARS,ARS 800000.0,126000.0,ARS,Olleros 2600,Olleros,2600,,colegiales,Colegiales,13.0,Capital Federal,-34.5726231,-58.445458,36.89,30.58,1.0,,1,,,,21686.09,Monoambiente en Colegiales Alquiler con Balcon,,,0,0,0,0,0,0,0,0,0,0,0,0,0,1,0,0,0,0,0,0,0,0
remax,de3f9c4b-9ff6-4543-9075-7e130c53203c,https://www.remax.com.ar/listings/alquiler-galpon-doble-lote-parque-avellaneda-500m2,2026-08-13T22:32:26+00:00,alquiler,galpon,4200000.0,ARS,ARS 4200000.0,,ARS,Pasaje Alejandro Dumas 1900,Pasaje Alejandro Dumas,1900,,parque avellaneda,Parque Avellaneda,9.0,Capital Federal,-34.6560605,-58.4775114,500.0,500.0,6.0,,2,,,,8400.0,Alquiler Galpón doble lote Parque avellaneda 500m2,,,0,0,0,0,0,0,0,0,0,0,0,0,0,0,0,0,0,0,0,0,0,0
remax,de3bc7f5-e83c-453c-8387-804851e7788a,https://www.remax.com.ar/listings/departamento-alquiler-2-amb-palermo-cochera-patio,2026-08-13T22:32:26+00:00,alquiler,departamento_estandar,1350000.0,ARS,ARS 1350000.0,490000.0,ARS,Paraguay 5100,Paraguay,5100,,palermo,Palermo,14.0,Capital Federal,-34.5799948,-58.4306005,65.0,50.0,2.0,,1,1.0,,,20769.23,Departamento Alquiler 2 amb Palermo Cochera patio,,,0,0,0,0,0,0,0,0,0,1,0,0,0,0,0,0,0,0,0,1,0,0
remax,dde5ad16-7ba0-421b-89e8-0a112c7624c5,https://www.remax.com.ar/listings/oficina-en-alquiler-en-edificio-de-galeria-acoyte,2026-08-13T22:32:30+00:00,alquiler,oficina,800000.0,ARS,ARS 800000.0,135850.0,ARS,Avenida Acoyte 0,Avenida Acoyte,0,,caballito,Caballito,6.0,Capital Federal,-34.6178743,-58.4364546,29.54,29.54,1.0,,1,,,,27081.92,OFICINA EN ALQUILER EN EDIFICIO DE GALERIA ACOYTE,,,0,0,0,0,0,0,0,0,0,0,0,0,0,0,0,0,0,0,0,0,0,0
remax,ddc27ba6-2e7a-495b-8ef7-a48443e9f5ac,https://www.remax.com.ar/listings/departamento-4-ambientes-alquiler-congreso,2026-08-13T22:32:30+00:00,alquiler,departamento_estandar,1300000.0,ARS,ARS 1300000.0,260000.0,ARS,Bartolomé Mitre 1900,Bartolomé Mitre,1900,,balvanera,Balvanera,3.0,Capital Federal,-34.6082124,-58.3946181,107.0,107.0,4.0,,2,,,,12149.53,Departamento 4 Ambientes Alquiler Congreso,,,0,0,0,0,0,0,0,0,0,0,0,0,0,0,0,0,0,0,0,0,0,0
remax,ddbd56c4-973b-49b7-9959-bfa9029e2929,https://www.remax.com.ar/listings/alquiler-duplex-en-bajo-belgrano-100m2-con-cochera,2026-08-13T22:32:30+00:00,alquiler,departamento_estandar,1900.0,USD,USD 1900.0,330000.0,ARS,Avenida del Libertador 6400,Avenida del Libertador,6400,,belgrano,Bajo Belgrano,13.0,Capital Federal,-34.5527309,-58.4513046,104.0,100.0,3.0,,2,1.0,,,18.27,ALQUILER DUPLEX EN BAJO BELGRANO 100m2 CON COCHERA,,,0,0,0,0,0,0,0,0,0,1,0,0,0,0,0,0,0,0,0,0,0,0
remax,dd98919a-bb75-40ea-b524-9564bf65b3b1,https://www.remax.com.ar/listings/local-alquiler-recoleta,2026-08-13T22:32:30+00:00,alquiler,local,1900000.0,ARS,ARS 1900000.0,,ARS,Paraná 900,Paraná,900,,recoleta,Recoleta,2.0,Capital Federal,-34.5980705,-58.3881516,70.0,70.0,,,2,,,,27142.86,LOCAL ALQUILER RECOLETA,,,0,0,0,0,0,0,0,0,0,0,0,0,0,0,0,0,0,0,0,0,0,0
remax,dd988dc8-bff9-4796-9bfd-2f345a4d075a,https://www.remax.com.ar/listings/alquiler-2-ambientes-en-caballito-1,2026-08-13T22:32:30+00:00,alquiler,departamento_estandar,600000.0,ARS,ARS 600000.0,150000.0,ARS,Avenida Juan Bautista Alberdi 1500,Avenida Juan Bautista Alberdi,1500,,caballito,Caballito,6.0,Capital Federal,-34.6262704,-58.4499597,38.0,38.0,2.0,,1,,,,15789.47,ALQUILER 2 AMBIENTES EN CABALLITO,,,0,0,0,0,0,0,0,0,0,0,0,0,0,0,0,0,0,0,0,0,0,0
remax,dd918597-c0ea-4751-aabd-51b666175214,https://www.remax.com.ar/listings/alquiler-monoambiente-en-flores-c-balcon-al-frente,2026-08-13T22:32:30+00:00,alquiler,departamento_monoambiente,600000.0,ARS,ARS 600000.0,72000.0,ARS,Coronel Ramón Lorenzo Falcón 3300,Coronel Ramón Lorenzo Falcón,3300,,flores,Flores,7.0,Capital Federal,-34.6335708,-58.4743107,32.5,30.0,1.0,,1,,,,18461.54,Alquiler monoambiente en Flores C/balcon al frente,,,0,0,0,0,0,0,0,0,0,0,0,0,0,1,0,0,0,1,0,0,0,0
remax,dd88ca2b-794b-4df5-bb93-3de77545aab5,https://www.remax.com.ar/listings/alquiler-dos-ambientes-con-patio,2026-08-13T22:32:30+00:00,alquiler,departamento_estandar,750000.0,ARS,ARS 750000.0,90000.0,ARS,Juan Ramírez de Velasco 400,Juan Ramírez de Velasco,400,,villa crespo,Villa Crespo,15.0,Capital Federal,-34.5990046,-58.4362647,42.02,34.0,2.0,,1,,,,17848.64,ALQUILER dos ambientes con patio,,,0,0,0,0,0,0,0,0,0,0,0,0,0,0,0,0,0,0,0,1,0,0
remax,dd117b0c-dc4d-4fd9-90ad-30b2e25175e4,https://www.remax.com.ar/listings/alquiler-dpto-3-amb-constitucion-luminoso-subte,2026-08-13T22:32:32+00:00,alquiler,departamento_estandar,680000.0,ARS,ARS 680000.0,162000.0,ARS,Avenida San Juan 1400,Avenida San Juan,1400,,constitucion,Constitución,1.0,Capital Federal,-34.6226829,-58.3868594,42.54,42.54,3.0,,1,,,,15984.96,Alquiler dpto 3 amb Constitucion luminoso subte,,,0,0,0,0,0,0,0,0,0,0,0,0,1,0,0,0,0,0,0,0,0,0
remax,dcfe1969-e3e2-4c84-bc19-ae33dcd8a0e9,https://www.remax.com.ar/listings/departamento-2-ambientes-en-alquiler-en-caballito-2,2026-08-13T22:32:32+00:00,alquiler,departamento_estandar,750000.0,ARS,ARS 750000.0,148000.0,ARS,Espinosa 700,Espinosa,700,,caballito,Caballito,6.0,Capital Federal,-34.6143058,-58.4497459,40.46,36.74,2.0,,1,,,,18536.83,Departamento 2 ambientes en alquiler en Caballito,,,0,0,0,0,0,0,0,0,0,0,0,0,0,0,0,0,0,0,0,0,0,0
remax,dced7c18-25eb-4c57-9cb0-67652f1627e1,https://www.remax.com.ar/listings/departamento-2-ambientes-en-alquiler-caballito-1,2026-08-13T22:32:32+00:00,alquiler,departamento_estandar,780000.0,ARS,ARS 780000.0,190000.0,ARS,Doblas 100,Doblas,100,,caballito,Caballito,6.0,Capital Federal,-34.6178463,-58.431723,50.0,50.0,2.0,,1,,,,15600.0,DEPARTAMENTO 2 AMBIENTES EN ALQUILER CABALLITO,,,0,0,0,0,0,0,0,0,0,0,0,0,0,0,0,0,0,0,0,0,0,0
remax,dc9f2b06-1b21-41d7-9bb2-4d575385db36,https://www.remax.com.ar/listings/alquiler-monoambiente-balcon-flores-subte,2026-08-13T22:32:32+00:00,alquiler,departamento_monoambiente,500000.0,ARS,ARS 500000.0,95000.0,ARS,R. Falcón 2900,R. Falcón,2900,,flores,Flores,7.0,Capital Federal,-34.632479,-58.470118,25.0,21.0,1.0,,1,,,,20000.0,Alquiler monoambiente - balcón - Flores - Subte,,,0,0,0,0,0,0,0,0,0,0,0,0,0,1,0,0,0,0,0,0,0,0
remax,dc9da340-6685-4952-91ae-949547690dbe,https://www.remax.com.ar/listings/alquiler-consultorio-4-ambientes-san-telmo-patio,2026-08-13T22:32:32+00:00,alquiler,oficina,900000.0,ARS,ARS 900000.0,280000.0,ARS,Chacabuco 700,Chacabuco,700,,san telmo,San Telmo,1.0,Capital Federal,-34.6170804,-58.3758805,106.85,79.24,,,2,,,,8423.02,ALQUILER CONSULTORIO 4 AMBIENTES SAN TELMO PATIO,,,0,0,0,0,0,0,0,0,0,0,0,0,0,0,0,0,0,0,0,1,0,0
remax,dc714abc-50a3-4033-aea8-a5e41309f73f,https://www.remax.com.ar/listings/alquiler-monoambiente-con-balcon-en-villa-crespo,2026-08-13T22:32:34+00:00,alquiler,departamento_monoambiente,700000.0,ARS,ARS 700000.0,180431.0,ARS,Loyola 100,Loyola,100,,villa crespo,Villa Crespo,15.0,Capital Federal,-34.5991414,-58.4322546,36.0,32.47,1.0,,1,,,,19444.44,ALQUILER MONOAMBIENTE CON BALCON EN VILLA CRESPO,,,0,0,0,0,0,0,0,0,0,0,0,0,0,1,0,0,0,0,0,0,0,0
remax,dc5b484e-9028-45fc-99c8-62132caef47a,https://www.remax.com.ar/listings/alquiler-exclusivo-loft-silos-de-dorrego-palermo,2026-08-13T22:32:34+00:00,alquiler,departamento_loft,1800.0,USD,USD 1800.0,580000.0,ARS,Dorrego 1900,Dorrego,1900,,palermo,Palermo Hollywood,14.0,Capital Federal,-34.579310067925,-58.441313915009,67.46,67.46,3.0,,1,,,,26.68,Alquiler Exclusivo Loft Silos de Dorrego Palermo,,,0,0,0,0,0,0,0,0,0,0,0,0,0,0,0,0,0,0,0,0,0,0
remax,dc4c1d40-d181-4649-be83-127f1c5be107,https://www.remax.com.ar/listings/almagro-alquiler-4-amb-al-frente-balcon-cochera,2026-08-13T22:32:34+00:00,alquiler,departamento_estandar,1900000.0,ARS,ARS 1900000.0,380000.0,ARS,Bartolomé Mitre 4000,Bartolomé Mitre,4000,,almagro,Almagro,5.0,Capital Federal,-34.6095839,-58.4234856,109.0,100.0,4.0,,2,1.0,,,17431.19,ALMAGRO-ALQUILER 4 AMB AL FRENTE-BALCON-COCHERA,,,0,0,0,0,0,0,0,0,0,1,0,0,0,1,0,0,0,1,0,0,0,0
remax,dc3a1bb6-7c40-4774-b959-d6dae870cde5,https://www.remax.com.ar/listings/alquiler-departamento-monoambiente-constitucion,2026-08-13T22:32:34+00:00,alquiler,departamento_monoambiente,450000.0,ARS,ARS 450000.0,155000.0,ARS,Luis Saenz Peña 900,Luis Saenz Peña,900,,constitucion,Constitución,1.0,Capital Federal,-34.618993996017,-58.387345075607,33.0,31.0,1.0,,1,,,,13636.36,Alquiler departamento Monoambiente Constitucion,,,0,0,0,0,0,0,0,0,0,0,0,0,0,0,0,0,0,0,0,0,0,0
remax,dbb0e886-1674-4e28-afe6-0e69c475b26a,https://www.remax.com.ar/listings/alquiler-depto-4-amb-a-estrenar-c-cochera-devoto,2026-08-13T22:32:34+00:00,alquiler,departamento_estandar,1500.0,USD,USD 1500.0,100000.0,ARS,Avenida Salvador María del Carril 4600,Avenida Salvador María del Carril,4600,,villa devoto,Villa Devoto,11.0,Capital Federal,-34.6043175,-58.5204813,83.0,83.0,4.0,,2,1.0,,,18.07,ALQUILER DEPTO 4 AMB.A ESTRENAR C/COCHERA - DEVOTO,,,0,0,0,0,0,0,0,0,0,1,0,0,0,0,0,0,0,0,0,0,0,0
remax,db4d55ee-ef85-4f6d-9a02-4725d08c39c6,https://www.remax.com.ar/listings/local-alquiler-palermo-holywood-apto-gastronomia-1,2026-08-13T22:32:38+00:00,alquiler,local,1500.0,USD,USD 1500.0,,ARS,Humboldt 2400,Humboldt,2400,,palermo,Palermo Hollywood,14.0,Capital Federal,-34.5791503,-58.4286849,53.0,53.0,,,1,,,,28.3,LOCAL - ALQUILER PALERMO HOLYWOOD APTO GASTRONOMÍA,,,0,0,0,0,0,0,0,0,0,0,0,0,0,0,0,0,0,0,0,0,0,0
remax,db16c34a-da66-4a63-924e-2b6bb383b7e1,https://www.remax.com.ar/listings/alquiler-edif-corporativo-palermo-hollywood-7-coch,2026-08-13T22:32:38+00:00,alquiler,oficina,14000.0,USD,USD 14000.0,5.0,ARS,Honduras 5800,Honduras,5800,,palermo,Palermo Hollywood,14.0,Capital Federal,-34.58220284909,-58.438897439232,730.0,700.0,,,4,,,,19.18,ALQUILER EDIF CORPORATIVO PALERMO HOLLYWOOD 7 COCH,,,0,0,0,0,0,0,0,0,0,0,0,0,0,0,0,0,0,0,0,0,0,0
remax,dafd6bae-f60f-4be0-9bb4-970f62f0227b,https://www.remax.com.ar/listings/alquiler-depto-5-ambientes-y-cochera-caballito,2026-08-13T22:32:38+00:00,alquiler,departamento_estandar,2500000.0,ARS,ARS 2500000.0,660000.0,ARS,Doctor Nicolás Repetto 200,Doctor Nicolás Repetto,200,,caballito,Caballito,6.0,Capital Federal,-34.6182883,-58.4441246,171.38,163.63,5.0,,3,1.0,,,14587.47,ALQUILER DEPTO 5 AMBIENTES Y COCHERA CABALLITO,,,0,0,0,0,0,0,0,0,0,1,0,0,0,0,0,0,0,0,0,0,0,0
remax,daf6d171-fbab-4d5d-bc21-4113da90b843,https://www.remax.com.ar/listings/alquiler-departamento-3-amb-villa-urquiza-balcon,2026-08-13T22:32:38+00:00,alquiler,departamento_estandar,1600000.0,ARS,ARS 1600000.0,215000.0,ARS,Díaz Colodrero 3300,Díaz Colodrero,3300,,villa urquiza,Villa Urquiza,12.0,Capital Federal,-34.5654462,-58.4918882,74.0,65.0,3.0,,2,,,,21621.62,ALQUILER DEPARTAMENTO 3 AMB VILLA URQUIZA BALCON,,,0,0,0,0,0,0,0,0,0,0,0,0,0,1,0,0,0,0,0,0,0,0
remax,dacc7e59-d954-4cae-a50e-b05758149986,https://www.remax.com.ar/listings/alquiler-semipiso-monoambiente-a-estrenar-caba,2026-08-13T22:32:38+00:00,alquiler,departamento_monoambiente,650000.0,ARS,ARS 650000.0,80000.0,ARS,Avenida Juan Bautista Justo 4600,Avenida Juan Bautista Justo,4600,,villa gral. mitre,Villa General Mitre,11.0,Capital Federal,-34.609589,-58.4651031,46.8,40.0,1.0,,1,,,,13888.89,Alquiler Semipiso Monoambiente a estrenar CABA,,,0,0,0,0,0,0,0,0,0,0,0,0,0,0,0,0,0,0,0,0,0,0
remax,daaa0c7b-811e-4620-b22a-ac7451a7952e,https://www.remax.com.ar/listings/local-comercial-excelente-zona-centrica-de-urquiza,2026-08-13T22:32:41+00:00,alquiler,local,4700000.0,ARS,ARS 4700000.0,0.0,ARS,Avenida Triunvirato 4800,Avenida Triunvirato,4800,,villa urquiza,Villa Urquiza,12.0,Capital Federal,-34.5775314,-58.4809779,425.0,290.0,,,3,,,,11058.82,Local Comercial Excelente Zona Céntrica de URQUIZA,,,0,0,0,0,0,0,0,0,0,0,0,0,0,0,0,0,0,0,0,0,0,0
remax,daa00c79-6ce3-44d7-8541-123d788e3caa,https://www.remax.com.ar/listings/departamento-alquiler-2amb-recoleta-con-balcon,2026-08-13T22:32:41+00:00,alquiler,departamento_estandar,700000.0,ARS,ARS 700000.0,0.0,ARS,Paraguay 3000,Paraguay,3000,,recoleta,Recoleta,2.0,Capital Federal,-34.5956773,-58.410091,40.1,34.66,2.0,,1,,,,17456.36,DEPARTAMENTO ALQUILER 2AMB RECOLETA CON BALCON,,,0,0,0,0,0,0,0,0,0,0,0,0,0,1,0,0,0,0,0,0,0,0
remax,da99b2b7-d26a-4c6f-a0cb-d0088218d4bf,https://www.remax.com.ar/listings/alquiler-monoambiente-a-estrenar-mataderos-v-luro,2026-08-13T22:32:41+00:00,alquiler,departamento_monoambiente,450000.0,ARS,ARS 450000.0,103000.0,ARS,Martiniano Leguizamón 600,Martiniano Leguizamón,600,,,Naón,,Capital Federal,-34.6458503,-58.5176241,19.0,19.0,1.0,,1,,,,23684.21,ALQUILER MONOAMBIENTE A ESTRENAR MATADEROS/V. LURO,,,0,0,0,0,0,0,0,0,0,0,0,0,0,0,0,0,0,0,0,0,0,0
remax,da80cdcf-ddc6-45e1-a2d1-59f36d2e6cfe,https://www.remax.com.ar/listings/2-ambientes-villa-ortuzar-balcon-terraza-pileta-1,2026-08-13T22:32:41+00:00,alquiler,departamento_estandar,1100000.0,ARS,ARS 1100000.0,340000.0,ARS,Av. Triunvirato 3100,Av. Triunvirato,3100,,villa ortuzar,Villa Ortuzar,15.0,Capital Federal,-34.583722381077,-58.46706032753,64.47,49.73,2.0,,1,,,,17062.2,"2 ambientes Villa Ortuzar, balcón terraza. Pileta.",,,1,1,0,0,0,0,0,0,0,0,0,0,0,1,0,0,0,0,0,0,0,0
remax,da7c6d5c-3e97-4953-bd48-99cf0a287c2d,https://www.remax.com.ar/listings/alquiler-monoambiente-en-palermo-cocina-indpte,2026-08-13T22:32:41+00:00,alquiler,departamento_monoambiente,500000.0,ARS,ARS 500000.0,120000.0,ARS,General Lucio Norberto Mansilla 3600,General Lucio Norberto Mansilla,3600,,palermo,Palermo,14.0,Capital Federal,-34.5909287,-58.4146168,26.5,26.5,1.0,,1,,,,18867.92,Alquiler Monoambiente en Palermo Cocina Indpte.,,,0,0,0,0,0,0,0,0,0,0,0,0,0,0,0,0,0,0,0,0,0,0
remax,da64936d-4d3b-4ec8-b7f2-683a808eb737,https://www.remax.com.ar/listings/alquiler-de-departamento-2-ambientes-en-balvanera,2026-08-13T22:32:41+00:00,alquiler,departamento_estandar,650000.0,ARS,ARS 650000.0,209000.0,ARS,Avenida Belgrano 1900,Avenida Belgrano,1900,,balvanera,Balvanera,3.0,Capital Federal,-34.6141136,-58.3942656,37.31,36.17,2.0,,1,,,,17421.6,ALQUILER de DEPARTAMENTO 2 AMBIENTES EN BALVANERA,,,0,0,0,0,0,0,0,0,0,0,0,0,0,0,0,0,0,0,0,0,0,0
remax,da4e7ca7-459a-4483-8673-5af5e0cd99ee,https://www.remax.com.ar/listings/alquiler-2-amb-muy-luminoso-zona-alto-palermo-1,2026-08-13T22:32:41+00:00,alquiler,departamento_estandar,750000.0,ARS,ARS 750000.0,195780.0,ARS,Beruti 3400,Beruti,3400,,palermo,Palermo,14.0,Capital Federal,-34.5861997,-58.4109153,40.76,40.76,2.0,,1,,,,18400.39,ALQUILER 2 AMB. MUY LUMINOSO. ZONA ALTO PALERMO,,,0,0,0,0,0,0,0,0,0,0,0,0,1,0,0,0,0,0,0,0,0,0
remax,da20e297-520d-4f4a-b6b0-d722d1902367,https://www.remax.com.ar/listings/alquiler-residencial-2-amb-belgrano,2026-08-13T22:32:41+00:00,alquiler,departamento_estandar,900000.0,ARS,ARS 900000.0,150000.0,ARS,Superí 2400,Superí,2400,,belgrano,Belgrano,13.0,Capital Federal,-34.5649631,-58.4692281,31.35,29.78,2.0,,1,,,,28708.13,ALQUILER RESIDENCIAL 2 AMB. BELGRANO,,,0,0,0,0,0,0,0,0,0,0,0,0,0,0,0,0,0,0,0,0,0,0
remax,da0d587c-ddfc-4ce6-a0c5-1d63c2c9a6f6,https://www.remax.com.ar/listings/alquiler-de-2-ambientes-impec-1-ano-de-antiguedad,2026-08-13T22:32:41+00:00,alquiler,departamento_estandar,990000.0,ARS,ARS 990000.0,125000.0,ARS,Superí 3200,Superí,3200,,coghlan,Coghlan,12.0,Capital Federal,-34.5581557,-58.4750873,43.0,38.0,2.0,,1,,,,23023.26,Alquiler de 2 ambientes impec 1 año de antiguedad,,,0,0,0,0,0,0,0,0,0,0,0,0,0,0,0,0,0,0,0,0,0,0
remax,d9f47aa3-0176-4b73-b0b7-4ca285ed6a44,https://www.remax.com.ar/listings/propiedad-para-uso-comercial-en-alquiler-1,2026-08-13T22:32:41+00:00,alquiler,oficina,6000.0,USD,USD 6000.0,,ARS,Soler 4800,Soler,4800,,palermo,Palermo,14.0,Capital Federal,-34.5856964,-58.4266483,239.0,239.0,,,2,,,,25.1,PROPIEDAD PARA USO COMERCIAL EN ALQUILER,,,0,0,0,0,0,0,0,0,0,0,0,0,0,0,0,0,0,0,0,0,0,0
remax,d9e4fa3d-e3fa-4b31-9eaf-cc53053dbaec,https://www.remax.com.ar/listings/departamento-2-amb-en-alquiler-en-palermo,2026-08-13T22:32:41+00:00,alquiler,departamento_estandar,700000.0,ARS,ARS 700000.0,203000.0,ARS,Olleros 1700,Olleros,1700,,palermo,Palermo,14.0,Capital Federal,-34.5649927,-58.437494,52.0,52.0,2.0,,1,,,,13461.54,DEPARTAMENTO 2 AMB EN ALQUILER EN PALERMO,,,0,0,0,0,0,0,0,0,0,0,0,0,0,0,0,0,0,0,0,0,0,0
remax,d9c64753-4629-427e-ab14-2bd79bbb341b,https://www.remax.com.ar/listings/alquiler-oficina-comercial-edificio-lex-tower,2026-08-13T22:32:43+00:00,alquiler,oficina,2000.0,USD,USD 2000.0,250000.0,ARS,Avenida Corrientes 1400,Avenida Corrientes,1400,,san nicolas,San Nicolás,1.0,Capital Federal,-34.6041993,-58.3876003,93.0,93.0,,,2,,,,21.51,ALQUILER OFICINA COMERCIAL EDIFICIO LEX TOWER,,,0,0,0,0,0,0,0,0,0,0,0,0,0,0,0,0,0,0,0,0,0,0
remax,d9c49fa2-b922-48d1-9617-4989bcefb9bc,https://www.remax.com.ar/listings/monoambiente-en-alquiler-mansion-botanico,2026-08-13T22:32:43+00:00,alquiler,departamento_monoambiente,850000.0,ARS,ARS 850000.0,376316.0,ARS,Armenia 2400,Armenia,2400,,palermo,Palermo Soho,14.0,Capital Federal,-34.5836433,-58.4186459,44.0,38.0,1.0,,1,,,,19318.18,MONOAMBIENTE EN ALQUILER MANSION BOTANICO,,,0,0,0,0,0,0,0,0,0,0,0,0,0,0,0,0,0,0,0,0,0,0
remax,d9b80964-bba3-4b13-8747-3e0c510d1013,https://www.remax.com.ar/listings/alquiler-monoambiente-quartier-del-bajo-p-madero,2026-08-13T22:32:43+00:00,alquiler,departamento_monoambiente,850.0,USD,USD 850.0,150000.0,ARS,Avenida Ingeniero Huergo 500,Avenida Ingeniero Huergo,500,,puerto madero,Puerto Madero,1.0,Capital Federal,-34.614305518564,-58.367255330086,35.0,31.0,1.0,,1,,,,24.29,Alquiler Monoambiente Quartier del Bajo P. Madero,,,0,0,0,0,0,0,0,0,0,0,0,0,0,0,0,0,0,0,0,0,0,0
remax,d9b4a0dd-cf4e-44a6-ae07-ecf59ef6303f,https://www.remax.com.ar/listings/alquiler-2-ambientes-con-balcon-recoleta,2026-08-13T22:32:43+00:00,alquiler,departamento_estandar,800000.0,ARS,ARS 800000.0,73814.0,ARS,Avenida General Las Heras 2300,Avenida General Las Heras,2300,,recoleta,Recoleta,2.0,Capital Federal,-34.5870924,-58.3980799,42.32,33.5,2.0,,1,,,,18903.59,Alquiler 2 ambientes con balcón Recoleta,,,0,0,0,0,0,0,0,0,0,0,0,0,0,1,0,0,0,0,0,0,0,0
remax,d9a75863-e32b-4695-9e7c-febc96263a9c,https://www.remax.com.ar/listings/alquiler-local-comercial-recoleta,2026-08-13T22:32:43+00:00,alquiler,local,2100000.0,ARS,ARS 2100000.0,318400.0,ARS,Sánchez de Bustamante 1600,Sánchez de Bustamante,1600,,recoleta,Recoleta,2.0,Capital Federal,-34.5922081,-58.4102556,92.0,92.0,4.0,,2,,,,22826.09,ALQUILER LOCAL COMERCIAL RECOLETA,,,0,0,0,0,0,0,0,0,0,0,0,0,0,0,0,0,0,0,0,0,0,0
remax,d9a0d8b8-ea6d-41a0-90dd-8ffdf5b8884c,https://www.remax.com.ar/listings/alquiler-monoambiente-a-estrenar-en-coglhan,2026-08-13T22:32:43+00:00,alquiler,departamento_monoambiente,680000.0,ARS,ARS 680000.0,214000.0,ARS,Avenida Doctor Ricardo Balbín 3200,Avenida Doctor Ricardo Balbín,3200,,coghlan,Coghlan,12.0,Capital Federal,-34.5579741,-58.476185,37.0,33.0,1.0,,1,,,,18378.38,Alquiler Monoambiente a estrenar en Coglhan,,,0,0,0,0,0,0,0,0,0,0,0,0,0,0,0,0,0,0,0,0,0,0
remax,d998cc28-8e36-4b1e-a16e-ce5b566ace6e,https://www.remax.com.ar/listings/alquiler-monoambiente-iq-callao-recoleta,2026-08-13T22:32:43+00:00,alquiler,departamento_monoambiente,950000.0,ARS,ARS 950000.0,300000.0,ARS,José Andrés Pacheco de Melo 1800,José Andrés Pacheco de Melo,1800,,recoleta,Recoleta,2.0,Capital Federal,-34.591945,-58.3932748,45.54,42.1,1.0,,1,,,,20860.78,ALQUILER MONOAMBIENTE / IQ CALLAO RECOLETA,,,0,0,0,0,0,0,0,0,0,0,0,0,0,0,0,0,0,0,0,0,0,0
remax,d979dbfa-49cb-4867-98de-6152e5a070ed,https://www.remax.com.ar/listings/alquiler-depto-3-amb-balcon-y-amenities-recoleta,2026-08-13T22:32:43+00:00,alquiler,departamento_semipiso,1700000.0,ARS,ARS 1700000.0,258000.0,ARS,Juncal 2500,Juncal,2500,,recoleta,Recoleta,2.0,Capital Federal,-34.5908796,-58.4027404,88.0,78.0,3.0,,2,,,,19318.18,ALQUILER DEPTO 3 amb BALCON Y AMENITIES RECOLETA,,,1,0,0,0,0,0,0,0,0,0,0,0,0,1,0,0,0,0,0,0,0,0
remax,d952d176-3e9e-4d75-81cb-6cc3d74d294a,https://www.remax.com.ar/listings/alquiler-de-monoambiente-1,2026-08-13T22:32:43+00:00,alquiler,departamento_monoambiente,630000.0,ARS,ARS 630000.0,160000.0,ARS,Pumacahua 100,Pumacahua,100,,flores,Flores,7.0,Capital Federal,-34.6284759,-58.4542418,38.0,34.0,1.0,,1,,,,16578.95,ALQUILER DE MONOAMBIENTE,,,0,0,0,0,0,0,0,0,0,0,0,0,0,0,0,0,0,0,0,0,0,0
remax,d9258fd2-888a-479a-9e28-26d94d16d00b,https://www.remax.com.ar/listings/depto-3-amb-san-cristobal-c-dependencia-y-balcon,2026-08-13T22:32:47+00:00,alquiler,departamento_estandar,950000.0,ARS,ARS 950000.0,280000.0,ARS,Estados Unidos 1800,Estados Unidos,1800,,san cristobal,San Cristobal,3.0,Capital Federal,-34.6192692,-58.3929003,82.88,80.19,3.0,,1,,,,11462.36,DEPTO 3 AMB SAN CRISTOBAL C/ DEPENDENCIA Y BALCON,,,0,0,0,0,0,0,0,0,0,0,0,0,0,1,0,0,0,0,0,0,0,0
remax,d91c95a9-3aee-4f99-b435-7688590f1ccf,https://www.remax.com.ar/listings/alquiler-monoambiente-con-patio-villa-crespo,2026-08-13T22:32:47+00:00,alquiler,ph,600000.0,ARS,ARS 600000.0,75000.0,ARS,Lavalleja 900,Lavalleja,900,,villa crespo,Villa Crespo,15.0,Capital Federal,-34.5976343,-58.4295535,43.0,33.0,1.0,,1,,,,13953.49,Alquiler monoambiente con patio Villa Crespo,,,0,0,0,0,0,0,0,0,0,0,0,0,0,0,0,0,0,0,0,1,0,0
remax,d8daf89e-9850-4001-b834-11bb02bb4cd9,https://www.remax.com.ar/listings/monoambiente-en-alquiler-c-balcon-belgrano,2026-08-13T22:32:47+00:00,alquiler,departamento_monoambiente,650.0,USD,USD 650.0,200000.0,ARS,Amenábar 2700,Amenábar,2700,,belgrano,Belgrano,13.0,Capital Federal,-34.5576383,-58.4631703,34.0,29.0,1.0,,1,,,,19.12,"Monoambiente en alquiler c/balcon, Belgrano",,,0,0,0,0,0,0,0,0,0,0,0,0,0,1,0,0,0,0,0,0,0,0
remax,d8d53d70-0cb0-45a7-a11f-a93ff7ff4c61,https://www.remax.com.ar/listings/departamento-alquiler-2-amb-coch-colegiales-amobl-1,2026-08-13T22:32:47+00:00,alquiler,departamento_estandar,1450000.0,ARS,ARS 1450000.0,240000.0,ARS,Santos Dumont 3400,Santos Dumont,3400,,chacarita,Chacarita,15.0,Capital Federal,-34.582497525653,-58.447651863753,41.32,37.62,2.0,,1,,,,35091.97,DEPARTAMENTO ALQUILER 2 AMB COCH COLEGIALES AMOBL,,,0,0,0,0,0,0,0,0,0,0,0,0,0,0,0,0,0,0,0,0,0,0
remax,d86f1780-74ef-4b85-9970-291296752469,https://www.remax.com.ar/listings/alquiler-monoambiente-patio-y-balcon,2026-08-13T22:32:50+00:00,alquiler,departamento_estandar,800000.0,ARS,ARS 800000.0,330000.0,ARS,Manuela Pedraza 2100,Manuela Pedraza,2100,,nunez,Nuñez,13.0,Capital Federal,-34.549858498326,-58.463997244835,62.5,44.0,1.0,,1,,,,12800.0,Alquiler Monoambiente - Patio y Balcón,,,0,0,0,0,0,0,0,0,0,0,0,0,0,1,0,0,0,0,0,1,0,0
remax,d8682711-1597-48a4-8273-1b0323a7298d,https://www.remax.com.ar/listings/alquiler-tres-ambientes-con-balcon-y-patio-palermo-1,2026-08-13T22:32:50+00:00,alquiler,departamento_estandar,1100000.0,ARS,ARS 1100000.0,180000.0,ARS,Bulnes 1400,Bulnes,1400,,palermo,Palermo,14.0,Capital Federal,-34.5945833,-58.4162084,58.8,47.29,3.0,,1,,,,18707.48,ALQUILER TRES AMBIENTES CON BALCON Y PATIO PALERMO,,,0,0,0,0,0,0,0,0,0,0,0,0,0,1,0,0,0,0,0,1,0,0
remax,d8529d6a-34d8-44f2-bbe6-e005d2c94640,https://www.remax.com.ar/listings/alquiler-monoambiente-piso-alto-puerto-madero-1,2026-08-13T22:32:50+00:00,alquiler,departamento_monoambiente,900.0,USD,USD 900.0,140000.0,ARS,Calle República Bolivariana de Venezuela 0,Calle República Bolivariana de Venezuela,0,,puerto madero,Puerto Madero,1.0,Capital Federal,-34.6137199,-58.3671514,35.0,31.0,1.0,,1,,,,25.71,ALQUILER MONOAMBIENTE PISO ALTO PUERTO MADERO,,,0,0,0,0,0,0,0,0,0,0,0,0,0,0,0,0,0,0,0,0,0,0
remax,d83adc28-e073-44b3-b0d1-b1280cc6b60a,https://www.remax.com.ar/listings/departamento-2-ambientes-alquiler-belgrano-37-mts,2026-08-13T22:32:50+00:00,alquiler,departamento_estandar,700000.0,ARS,ARS 700000.0,130000.0,ARS,Moldes 1400,Moldes,1400,,belgrano,Belgrano C,13.0,Capital Federal,-34.568758164811,-58.454373772256,38.44,37.72,2.0,,1,,,,18210.2,DEPARTAMENTO 2 AMBIENTES ALQUILER BELGRANO 37 MTS,,,0,0,0,0,0,0,0,0,0,0,0,0,0,0,0,0,0,0,0,0,0,0
remax,d80713bf-a429-4161-8216-322b81016bc0,https://www.remax.com.ar/listings/alquiler-depto-3-ambientes-c-balcon-belgrano,2026-08-13T22:32:50+00:00,alquiler,departamento_estandar,1000000.0,ARS,ARS 1000000.0,210000.0,ARS,Céspedes 2500,Céspedes,2500,,belgrano,Belgrano,13.0,Capital Federal,-34.5703827,-58.4496132,52.65,50.0,3.0,,1,,,,18993.35,Alquiler Depto. 3 Ambientes C/Balcón - Belgrano,,,0,0,0,0,0,0,0,0,0,0,0,0,0,1,0,0,0,0,0,0,0,0
remax,d8035b3a-91e0-4d45-8db7-ed9debb8702c,https://www.remax.com.ar/listings/alquiler-2-ambientes-cochera-nunez-torre-amenities,2026-08-13T22:32:50+00:00,alquiler,departamento_estandar,1000.0,USD,USD 1000.0,0.0,ARS,Arribeños 3100,Arribeños,3100,,nunez,Nuñez,13.0,Capital Federal,-34.548506311376,-58.458009506576,47.34,40.9,2.0,,1,1.0,,,21.12,ALQUILER 2 AMBIENTES COCHERA NUÑEZ TORRE AMENITIES,,,1,0,0,0,0,0,0,0,0,1,0,0,0,0,0,0,0,0,0,0,0,0
remax,d7c426c9-38b3-437a-b4f4-c38d06aad09a,https://www.remax.com.ar/listings/casa-en-alquiler-en-palermo,2026-08-13T22:32:50+00:00,alquiler,casa,3500000.0,ARS,ARS 3500000.0,0.0,ARS,El Salvador 3900,El Salvador,3900,,palermo,Palermo,14.0,Capital Federal,-34.5926114,-58.4183897,200.0,200.0,4.0,,3,,,,17500.0,CASA EN ALQUILER EN PALERMO,,,0,0,0,0,0,0,0,0,0,0,0,0,0,0,0,0,0,0,0,0,0,0
remax,d7a3cae0-ad82-41cd-abdf-2e93abf3aa4a,https://www.remax.com.ar/listings/alquiler-departamento-monoamb-amoblado-palermo-1,2026-08-13T22:32:52+00:00,alquiler,departamento_monoambiente,850000.0,ARS,ARS 850000.0,220000.0,ARS,Darregueyra 2300,Darregueyra,2300,,palermo,Palermo,14.0,Capital Federal,-34.5810373,-58.4248288,43.15,39.3,1.0,,1,,,,19698.73,ALQUILER DEPARTAMENTO MONOAMB. AMOBLADO PALERMO,,,0,0,0,0,0,0,0,0,0,0,0,0,0,0,0,0,0,0,1,0,0,0
remax,d79b6f9c-b281-4a14-882c-e1c7b6cc3832,https://www.remax.com.ar/listings/alquiler-departamento-monoambiente-nunez-estrenar,2026-08-13T22:32:52+00:00,alquiler,departamento_monoambiente,650000.0,ARS,ARS 650000.0,170000.0,ARS,Ramallo 1700,Ramallo,1700,,nunez,Nuñez,13.0,Capital Federal,-34.5395525,-58.466216,38.0,38.0,1.0,,1,,,,17105.26,ALQUILER DEPARTAMENTO MONOAMBIENTE NUÑEZ ESTRENAR,,,0,0,0,0,0,0,0,0,0,0,0,0,0,0,0,0,0,0,0,0,0,0
remax,d798bb21-4a46-49c5-8c2c-7d610f5ed518,https://www.remax.com.ar/listings/3-amb-apto-prof-y-o-vivienda-microcentro,2026-08-13T22:32:52+00:00,alquiler,departamento_estandar,850.0,USD,USD 850.0,257000.0,ARS,Avenida Presidente Roque Sáenz Peña 800,Avenida Presidente Roque Sáenz Peña,800,,san nicolas,San Nicolás,1.0,Capital Federal,-34.6051042,-58.3786629,61.0,61.0,3.0,,1,,,,13.93,3 Amb Apto Prof y/o Vivienda Microcentro,,,0,0,0,0,0,0,0,0,0,0,0,0,0,0,0,0,0,0,0,0,0,0
remax,d78cdb4b-121e-40cf-a391-55c28f9d7dfc,https://www.remax.com.ar/listings/alq-mono-san-cristobal,2026-08-13T22:32:52+00:00,alquiler,departamento_monoambiente,510000.0,ARS,ARS 510000.0,53000.0,ARS,Carlos Calvo 2100,Carlos Calvo,2100,,san cristobal,San Cristobal,3.0,Capital Federal,-34.620575,-58.3965292,20.0,20.0,1.0,,1,,,,25500.0,ALQ. MONO SAN CRISTOBAL,,,0,0,0,0,0,0,0,0,0,0,0,0,0,0,0,0,0,0,0,0,0,0
remax,d7681ece-9ea1-4b88-b871-4d7b8d92b89a,https://www.remax.com.ar/listings/alquiler-residencial-dep-to-2-amb-en-palermo,2026-08-13T22:32:52+00:00,alquiler,departamento_estandar,650000.0,ARS,ARS 650000.0,75000.0,ARS,Julián Álvarez 2200,Julián Álvarez,2200,,palermo,Palermo,14.0,Capital Federal,-34.5883601,-58.4176156,39.31,39.31,2.0,,1,,,,16535.23,Alquiler Residencial Dep.to 2 Amb. en Palermo,,,0,0,0,0,0,0,0,0,0,0,0,0,0,0,0,0,0,0,0,0,0,0
remax,d74be2b9-be61-46d9-a9a4-e95ab3f5fe64,https://www.remax.com.ar/listings/alquiler-monoambiente-con-balcon-amoblado-categ,2026-08-13T22:32:52+00:00,alquiler,departamento_monoambiente,970000.0,ARS,ARS 970000.0,230000.0,ARS,Tomás A. Le Bretón 4200,Tomás A. Le Bretón,4200,,villa urquiza,Villa Urquiza,12.0,Capital Federal,-34.5653542,-58.4811664,47.6,39.6,1.0,,1,,,,20378.15,ALQUILER MONOAMBIENTE CON BALCON AMOBLADO CATEG.,,,0,0,0,0,0,0,0,0,0,0,0,0,0,1,0,0,0,0,1,0,0,0
remax,d747777a-c10e-4165-994f-c20e99c2d585,https://www.remax.com.ar/listings/alquila-dos-amb-piso-alto-en-torre-flores,2026-08-13T22:32:52+00:00,alquiler,departamento_estandar,1000000.0,ARS,ARS 1000000.0,250000.0,ARS,Pumacahua 300,Pumacahua,300,,flores,Flores,7.0,Capital Federal,-34.6306223,-58.4532749,50.86,43.92,2.0,,1,,,,19661.82,ALQUILA DOS AMB PISO ALTO EN TORRE FLORES,,,0,0,0,0,0,0,0,0,0,0,0,0,0,0,0,0,0,0,0,0,0,0
remax,d6e3f837-4062-4c5f-8b24-ec1cfb344930,https://www.remax.com.ar/listings/departamento-monoambiente-3-piso-al-frente-41m2,2026-08-13T22:32:55+00:00,alquiler,departamento_monoambiente,700000.0,ARS,ARS 700000.0,171000.0,ARS,Moldes 1800,Moldes,1800,,belgrano,Belgrano,13.0,Capital Federal,-34.5660144,-58.4571569,41.02,36.25,1.0,,1,,,,17064.85,Departamento monoambiente 3° piso al frente 41m2,,,0,0,0,0,0,0,0,0,0,0,0,0,0,0,0,0,0,1,0,0,0,0
remax,d6d37059-d633-4690-8c35-157f3c2b2243,https://www.remax.com.ar/listings/depto-3-ambientes-en-alquiler-belgrano,2026-08-13T22:32:55+00:00,alquiler,departamento_estandar,1300000.0,ARS,ARS 1300000.0,105000.0,ARS,Moldes 1400,Moldes,1400,,belgrano,Belgrano,13.0,Capital Federal,-34.5690519,-58.45444,59.5,56.0,3.0,,1,,,,21848.74,Depto. 3 ambientes en Alquiler - Belgrano,,,0,0,0,0,0,0,0,0,0,0,0,0,0,0,0,0,0,0,0,0,0,0
remax,d6d361ff-8ba9-40dc-9cfa-6124554b2846,https://www.remax.com.ar/listings/alquiler-ph-3-amb-duplex-bal-terraza-v-pueyrredon,2026-08-13T22:32:55+00:00,alquiler,departamento_duplex,1700000.0,ARS,ARS 1700000.0,150000.0,ARS,Salvador Maria del Carril 2600,Salvador Maria del Carril,2600,,villa pueyrredon,Villa Pueyrredón,12.0,Capital Federal,-34.588704,-58.49527,94.0,77.0,3.0,,2,,,,18085.11,ALQUILER PH 3 AMB DUPLEX BAL/TERRAZA V. PUEYRREDON,,,0,0,0,0,0,0,0,0,0,0,0,0,0,1,0,0,0,0,0,0,0,0
remax,d6cd2e64-698e-45a1-a473-2ccbceec0962,https://www.remax.com.ar/listings/alquiler-2-ambientes-en-ubicacion-privilegiada,2026-08-13T22:32:55+00:00,alquiler,departamento_estandar,650000.0,ARS,ARS 650000.0,126000.0,ARS,Valle 800,Valle,800,,caballito,Caballito,6.0,Capital Federal,-34.6248786,-58.4404412,32.83,32.83,2.0,,1,,,,19798.96,Alquiler 2 ambientes en ubicación privilegiada,,,0,0,0,0,0,0,0,0,0,0,0,0,0,0,0,0,0,0,0,0,0,0
remax,d6a6621f-96bb-4a54-861f-a727a7e03773,https://www.remax.com.ar/listings/alquiler-2-ambientes-en-caballito,2026-08-13T22:32:55+00:00,alquiler,departamento_estandar,650000.0,ARS,ARS 650000.0,110000.0,ARS,Yerbal 900,Yerbal,900,,caballito,Caballito,6.0,Capital Federal,-34.6202006,-58.4442907,51.0,45.0,2.0,,1,,,,12745.1,Alquiler 2 ambientes en Caballito,,,0,0,0,0,0,0,0,0,0,0,0,0,0,0,0,0,0,0,0,0,0,0
remax,d699267e-fb79-4e7d-bf7e-b0f24ef228a4,https://www.remax.com.ar/listings/alquiler-departamento-villa-urquiza-dos-ambientes,2026-08-13T22:32:55+00:00,alquiler,departamento_estandar,780000.0,ARS,ARS 780000.0,170000.0,ARS,Quesada 5300,Quesada,5300,,villa urquiza,Villa Urquiza,12.0,Capital Federal,-34.569333897512,-58.492382168661,36.2,32.45,2.0,,1,,,,21546.96,ALQUILER DEPARTAMENTO VILLA URQUIZA DOS AMBIENTES,,,0,0,0,0,0,0,0,0,0,0,0,0,0,0,0,0,0,0,0,0,0,0
remax,d6686919-4cb5-4431-a7cd-30f120a99704,https://www.remax.com.ar/listings/departamento-en-alquiler-monte-castro-2-ambientes,2026-08-13T22:32:58+00:00,alquiler,departamento_estandar,800000.0,ARS,ARS 800000.0,278000.0,ARS,Avenida Lope de Vega 1000,Avenida Lope de Vega,1000,,monte castro,Monte Castro,10.0,Capital Federal,-34.6293542,-58.5047169,43.0,39.0,2.0,,1,,,,18604.65,DEPARTAMENTO EN ALQUILER MONTE CASTRO 2 AMBIENTES,,,0,0,0,0,0,0,0,0,0,0,0,0,0,0,0,0,0,0,0,0,0,0
remax,d664120b-fcae-47cd-86cc-4cce70bea639,https://www.remax.com.ar/listings/alquiler-monoambiente-divido-en-almagro,2026-08-13T22:32:58+00:00,alquiler,departamento_monoambiente,500000.0,ARS,ARS 500000.0,140000.0,ARS,Guardia Vieja 4300,Guardia Vieja,4300,,almagro,Almagro,5.0,Capital Federal,-34.6000001,-58.4256656,25.6,23.65,1.0,,1,,,,19531.25,Alquiler Monoambiente Divido en Almagro,,,0,0,0,0,0,0,0,0,0,0,0,0,0,0,0,0,0,0,0,0,0,0
remax,d65e0dfa-73d7-418c-8ece-76b916437440,https://www.remax.com.ar/listings/alquiler-oficinas-corrientes-y-callao-opc-cocheras-1,2026-08-13T22:32:58+00:00,alquiler,oficina,550000.0,ARS,ARS 550000.0,280000.0,ARS,Avenida Corrientes 1800,Avenida Corrientes,1800,,balvanera,Balvanera,3.0,Capital Federal,-34.604602,-58.3927125,51.59,51.59,,,1,1.0,,,10660.98,Alquiler oficinas Corrientes y Callao opc Cocheras,,,0,0,0,0,0,0,0,0,0,1,0,0,0,0,0,0,0,0,0,0,0,0
remax,d63adb0c-7aaa-4d8f-b990-b98cb89a58dd,https://www.remax.com.ar/listings/depto-monoamb-amueblado-alquiler-balcon-almagro,2026-08-13T22:32:58+00:00,alquiler,departamento_monoambiente,650.0,USD,USD 650.0,220000.0,ARS,Avenida Rivadavia 3300,Avenida Rivadavia,3300,,almagro,Almagro,5.0,Capital Federal,-34.610791194221,-58.413791656494,35.23,30.62,1.0,,1,,,,18.45,DEPTO MONOAMB AMUEBLADO ALQUILER BALCÓN ALMAGRO,,,0,0,0,0,0,0,0,0,0,0,0,0,0,1,0,0,0,0,1,0,0,0
remax,d62c1a59-0028-49eb-9236-d458a612dcce,https://www.remax.com.ar/listings/alquiler-depto-3-4-ambientes-parque-chacabuco,2026-08-13T22:32:58+00:00,alquiler,departamento_estandar,1100000.0,ARS,ARS 1100000.0,250000.0,ARS,Malvinas Argentinas 900,Malvinas Argentinas,900,,parque chacabuco,Parque Chacabuco,7.0,Capital Federal,-34.6341553,-58.4473461,72.16,63.4,3.0,,1,,,,15243.9,ALQUILER DEPTO 3/4 AMBIENTES PARQUE CHACABUCO,,,0,0,0,0,0,0,0,0,0,0,0,0,0,0,0,0,0,0,0,0,0,0
remax,d6259b1c-109b-4496-b5ba-cc4135eef7b4,https://www.remax.com.ar/listings/depto-en-alquiler-2-amb-luminoso-excelente,2026-08-13T22:32:58+00:00,alquiler,departamento_estandar,540000.0,ARS,ARS 540000.0,290000.0,ARS,Guido 1700,Guido,1700,,recoleta,Recoleta,2.0,Capital Federal,-34.5905114,-58.3892183,36.8,36.8,2.0,,1,,,,14673.91,DEPTO EN ALQUILER 2 AMB LUMINOSO EXCELENTE,,,0,0,0,0,0,0,0,0,0,0,0,0,1,0,0,0,0,0,0,0,0,0
remax,d59792a7-028d-4be9-a4c7-16ef76249e1d,https://www.remax.com.ar/listings/alquiler-2-ambientes-amoblado-con-cochera-y-balcon,2026-08-13T22:33:02+00:00,alquiler,departamento_estandar,650.0,USD,USD 650.0,160000.0,ARS,Thames 600,Thames,600,,villa crespo,Villa Crespo,15.0,Capital Federal,-34.5941992,-58.4414653,43.6,40.83,2.0,,1,1.0,,,14.91,Alquiler 2 ambientes amoblado con cochera y balcon,,,0,0,0,0,0,0,0,0,0,1,0,0,0,1,0,0,0,0,1,0,0,0
remax,d577107f-7ad6-48d6-8bde-890b4c1a03ea,https://www.remax.com.ar/listings/alquiler-depto-2-ambientes-con-cochera-caballito,2026-08-13T22:33:02+00:00,alquiler,departamento_estandar,850000.0,ARS,ARS 850000.0,295000.0,ARS,Ramos Mejía 700,Ramos Mejía,700,,caballito,Caballito,6.0,Capital Federal,-34.607105,-58.4316838,45.0,45.0,2.0,,1,1.0,,,18888.89,ALQUILER DEPTO 2 AMBIENTES CON COCHERA CABALLITO,,,0,0,0,0,0,0,0,0,0,1,0,0,0,0,0,0,0,0,0,0,0,0
remax,d55ec9cb-0c97-4d64-b46d-1fb2e2d3c1ab,https://www.remax.com.ar/listings/alquiler-departamento-dos-ambientes-con-balcon,2026-08-13T22:33:02+00:00,alquiler,departamento_estandar,1050000.0,ARS,ARS 1050000.0,168000.0,ARS,Capitán General Ramón Freire 2500,Capitán General Ramón Freire,2500,,coghlan,Coghlan,12.0,Capital Federal,-34.562656,-58.4679691,57.67,49.0,2.0,,1,,,,18207.04,Alquiler departamento dos ambientes con balcón,,,0,0,0,0,0,0,0,0,0,0,0,0,0,1,0,0,0,0,0,0,0,0
remax,d542ed4e-111e-4312-ba2e-b8d538d3b445,https://www.remax.com.ar/listings/alquiler-4-ambientes-con-pileta-coch-y-balcon,2026-08-13T22:33:02+00:00,alquiler,departamento_estandar,1350.0,USD,USD 1350.0,339750.0,ARS,Fray Justo Santa María de Oro 2758 2700,Fray Justo Santa María de Oro 2758,2700,,palermo,Palermo,14.0,Capital Federal,-34.5803448,-58.4253453,78.0,72.0,4.0,,2,,,,17.31,"Alquiler 4 ambientes con pileta, coch. y balcón.",,,1,1,0,0,0,0,0,0,0,0,0,0,0,1,0,0,0,0,0,0,0,0
remax,d4d463b7-3bb1-4204-bbb9-4498d07072d6,https://www.remax.com.ar/listings/alquiler-monoambiente-balcon-san-cristobal,2026-08-13T22:33:02+00:00,alquiler,departamento_monoambiente,550000.0,ARS,ARS 550000.0,150000.0,ARS,Deán Funes 1000,Deán Funes,1000,,san cristobal,San Cristobal,3.0,Capital Federal,-34.622402,-58.4059941,34.47,30.35,1.0,,1,,,,15955.9,Alquiler Monoambiente - balcón San Cristobal,,,0,0,0,0,0,0,0,0,0,0,0,0,0,1,0,0,0,0,0,0,0,0
remax,d4a7ba66-5163-470e-828f-4db36849a8df,https://www.remax.com.ar/listings/alquiler-dto-2-amb-solo-apto-profesional-palermo,2026-08-13T22:33:05+00:00,alquiler,departamento_estandar,600000.0,ARS,ARS 600000.0,346000.0,ARS,El Salvador 6000,El Salvador,6000,,palermo,Palermo,14.0,Capital Federal,-34.5798788,-58.439737,59.0,50.0,2.0,,1,,,,10169.49,Alquiler Dto. 2 Amb. SOLO APTO PROFESIONAL Palermo,,,0,0,0,0,0,0,0,0,1,0,0,0,0,0,0,0,0,0,0,0,0,0
remax,d4a669c4-80ee-4985-8e14-0bbe90b59d26,https://www.remax.com.ar/listings/alquiler-departamento-2-ambientes-villa-luro-1,2026-08-13T22:33:05+00:00,alquiler,departamento_estandar,600000.0,ARS,ARS 600000.0,0.0,ARS,Acassuso 6100,Acassuso,6100,,villa luro,Villa Luro,10.0,Capital Federal,-34.6461232,-58.5112212,31.0,31.0,2.0,,1,,,,19354.84,ALQUILER Departamento 2 ambientes - Villa Luro,,,0,0,0,0,0,0,0,0,0,0,0,0,0,0,0,0,0,0,0,0,0,0
remax,d461052c-ea03-481f-a27f-10ea08f70058,https://www.remax.com.ar/listings/alquiler-3-ambientes-en-las-canitas-con-cochera,2026-08-13T22:33:05+00:00,alquiler,departamento_estandar,850.0,USD,USD 850.0,0.0,ARS,Avenida Luis María Campos 400,Avenida Luis María Campos,400,,palermo,Las Cañitas,14.0,Capital Federal,-34.5724694,-58.4334839,74.83,71.93,3.0,,2,1.0,,,11.36,ALQUILER 3 AMBIENTES EN LAS CAÑITAS CON COCHERA,,,0,0,0,0,0,0,0,0,0,1,0,0,0,0,0,0,0,0,0,0,0,0
remax,d44ef08b-dbc0-4492-b648-f9872b8e4d81,https://www.remax.com.ar/listings/departamento-2-ambientes-con-balcon-en-nunez,2026-08-13T22:33:05+00:00,alquiler,departamento_estandar,700000.0,ARS,ARS 700000.0,130000.0,ARS,Vuelta de Obligado 3100,Vuelta de Obligado,3100,,nunez,Nuñez,13.0,Capital Federal,-34.5522085,-58.464426,38.41,35.8,2.0,,1,,,,18224.42,Departamento 2 ambientes con balcón en Núñez,,,0,0,0,0,0,0,0,0,0,0,0,0,0,1,0,0,0,0,0,0,0,0
remax,d43872a1-f357-4fbc-a319-0f1f651ff03f,https://www.remax.com.ar/listings/alquiler-2-ambientes-palermo-1,2026-08-13T22:33:05+00:00,alquiler,departamento_estandar,600000.0,ARS,ARS 600000.0,150000.0,ARS,Paraguay 4300,Paraguay,4300,,palermo,Palermo,14.0,Capital Federal,-34.5856096,-58.422618,33.0,33.0,2.0,,1,,,,18181.82,Alquiler 2 Ambientes Palermo,,,0,0,0,0,0,0,0,0,0,0,0,0,0,0,0,0,0,0,0,0,0,0
remax,d436bdb0-a43e-42dd-bb04-9ad4c0ffb3db,https://www.remax.com.ar/listings/alquiler-3-amb-balcon-y-cochera-descub-caballito,2026-08-13T22:33:05+00:00,alquiler,departamento_estandar,1300000.0,ARS,ARS 1300000.0,280000.0,ARS,Juan B. Ambrosetti 0,Juan B. Ambrosetti,0,,caballito,Caballito,6.0,Capital Federal,-34.6168477,-58.4358782,76.0,66.0,3.0,,2,1.0,,,17105.26,ALQUILER 3 AMB. BALCON y COCHERA DESCUB. CABALLITO,,,0,0,0,0,0,0,0,0,0,1,0,0,0,1,0,0,0,0,0,0,0,0
remax,d4364cfa-235c-495e-b057-c1ca6c26843e,https://www.remax.com.ar/listings/alquiler-depto-inteligente-3amb-p19-full-amenities,2026-08-13T22:33:05+00:00,alquiler,departamento_estandar,1200.0,USD,USD 1200.0,480000.0,ARS,"Carlos Calvo, Caba 3000",Carlos Calvo,,,san cristobal,San Cristobal,3.0,Capital Federal,-34.622257100209,-58.408212453979,62.4,58.6,3.0,,2,,,,19.23,ALQUILER DEPTO INTELIGENTE 3AMB P19 FULL AMENITIES,,,1,0,0,0,0,0,0,0,0,0,0,0,0,0,0,0,0,0,0,0,0,0
remax,d431b7bd-df20-4afa-bfbe-ae534d4e6d16,https://www.remax.com.ar/listings/palermo-3-amb-atipicos-2-balcones-mucha-luz,2026-08-13T22:33:05+00:00,alquiler,departamento_estandar,1000000.0,ARS,ARS 1000000.0,215000.0,ARS,Gascon 1500,Gascon,1500,,palermo,Palermo,14.0,Capital Federal,-34.591982,-58.422708,55.42,45.0,3.0,,1,,,,18044.03,"PALERMO-3 AMB Atipicos, 2 balcones MUCHA LUZ",,,0,0,0,0,0,0,0,0,0,0,0,0,0,1,0,0,0,0,0,0,0,0
remax,d4270c70-d55e-417e-97e6-6b0575880639,https://www.remax.com.ar/listings/alquiler-departamento-monoambiente-constitucion-1,2026-08-13T22:33:05+00:00,alquiler,departamento_monoambiente,560000.0,ARS,ARS 560000.0,160000.0,ARS,Avenida Entre Ríos 1700,Avenida Entre Ríos,1700,,constitucion,Constitución,1.0,Capital Federal,-34.6285124,-58.3907715,28.33,23.39,1.0,,1,,,,19767.03,ALQUILER DEPARTAMENTO MONOAMBIENTE CONSTITUCION,,,0,0,0,0,0,0,0,0,0,0,0,0,0,0,0,0,0,0,0,0,0,0
remax,d4195f75-8496-4b22-a3d4-4613065d6a41,https://www.remax.com.ar/listings/oficina-a-estrenar-moderna-esquina-planta-abierta,2026-08-13T22:33:05+00:00,alquiler,oficina,2500.0,USD,USD 2500.0,1.0,ARS,Esmeralda 400,Esmeralda,400,,san nicolas,San Nicolás,1.0,Capital Federal,-34.6027155,-58.3780403,484.0,484.0,,,3,,,,5.17,OFICINA A ESTRENAR MODERNA ESQUINA PLANTA ABIERTA,,,0,0,0,0,0,0,0,0,0,0,0,0,0,0,0,0,0,0,0,0,0,0
remax,d3e89f75-80df-4c64-8ac7-9bcf67512856,https://www.remax.com.ar/listings/monoambiente-divisible-balcon-baulera-villa-devoto,2026-08-13T22:33:05+00:00,alquiler,departamento_monoambiente,590000.0,ARS,ARS 590000.0,115000.0,ARS,José Luis Cantilo 5000,José Luis Cantilo,5000,,villa devoto,Villa Devoto,11.0,Capital Federal,-34.6103881,-58.5224643,35.0,30.0,1.0,,1,,,,16857.14,MONOAMBIENTE DIVISIBLE BALCÓN BAULERA VILLA DEVOTO,,,0,0,0,0,0,0,0,0,0,0,1,0,0,1,0,0,0,0,0,0,0,0
remax,d3c5fcd3-3483-4e40-a81b-c350e00c1cc2,https://www.remax.com.ar/listings/alquiler-monoambiente-40m2-amenities-impecable,2026-08-13T22:33:07+00:00,alquiler,departamento_monoambiente,700000.0,ARS,ARS 700000.0,200000.0,ARS,Avenida Nazca 2800,Avenida Nazca,2800,,villa del parque,Villa del Parque,11.0,Capital Federal,-34.6030974,-58.488707,44.51,40.0,1.0,,1,,,,15726.8,Alquiler monoambiente 40m2 Amenities Impecable,,,1,0,0,0,0,0,0,0,0,0,0,0,0,0,0,0,0,0,0,0,0,0
remax,d39b692f-ad9b-46bc-ae8c-d583d35cb771,https://www.remax.com.ar/listings/alquiler-dpto-3-amb-balcon-amenities-villa-cresp0,2026-08-13T22:33:07+00:00,alquiler,departamento_estandar,1000.0,USD,USD 1000.0,0.0,ARS,Avenida Doctor Honorio Pueyrredón 1600,Avenida Doctor Honorio Pueyrredón,1600,,villa crespo,Villa Crespo,15.0,Capital Federal,-34.602825,-58.4500396,71.9,58.7,3.0,,2,,,,13.91,ALQUILER DPTO 3 AMB BALCON AMENITIES VILLA CRESP0,,,1,0,0,0,0,0,0,0,0,0,0,0,0,1,0,0,0,0,0,0,0,0
remax,d35e80ba-ef08-4a68-9fca-9b85206fb863,https://www.remax.com.ar/listings/alquiler-monoambiente-en-moca-2-barracas,2026-08-13T22:33:07+00:00,alquiler,departamento_monoambiente,550000.0,ARS,ARS 550000.0,80000.0,ARS,Doctor Enrique Finochietto 900,Doctor Enrique Finochietto,900,,barracas,Barracas,4.0,Capital Federal,-34.6304291,-58.3781592,27.3,25.2,1.0,,1,,,,20146.52,ALQUILER MONOAMBIENTE EN MOCA 2 BARRACAS,,,0,0,0,0,0,0,0,0,0,0,0,0,0,0,0,0,0,0,0,0,0,0
remax,d352cf1d-5a56-4090-b1ff-3f8edfbcf426,https://www.remax.com.ar/listings/alquiler-depto-2-amb-la-boca,2026-08-13T22:33:07+00:00,alquiler,departamento_estandar,420000.0,ARS,ARS 420000.0,120000.0,ARS,Avenida Almirante Brown 700,Avenida Almirante Brown,700,,la boca,La Boca,4.0,Capital Federal,-34.6314277,-58.361451,37.3,36.0,2.0,,1,,,,11260.05,ALQUILER DEPTO 2 AMB LA BOCA,,,0,0,0,0,0,0,0,0,0,0,0,0,0,0,0,0,0,0,0,0,0,0
remax,d34fb3db-9553-4c0d-b07f-22dd2b2e00bc,https://www.remax.com.ar/listings/alquiler-departamneto-3-ambientes-en-coghlan,2026-08-13T22:33:07+00:00,alquiler,departamento_estandar,1000000.0,ARS,ARS 1000000.0,160000.0,ARS,Doctor Pedro Ignacio Rivera 3800,Doctor Pedro Ignacio Rivera,3800,,coghlan,Coghlan,12.0,Capital Federal,-34.5647162,-58.4754566,59.0,59.0,3.0,,1,,,,16949.15,ALQUILER DEPARTAMNETO 3 AMBIENTES EN COGHLAN,,,0,0,0,0,0,0,0,0,0,0,0,0,0,0,0,0,0,0,0,0,0,0
remax,d34f6263-570e-4be6-be82-cd7a7f02133e,https://www.remax.com.ar/listings/alquiler-monoambiente-barrio-norte-con-balcon,2026-08-13T22:33:07+00:00,alquiler,departamento_monoambiente,650000.0,ARS,ARS 650000.0,140000.0,ARS,Charcas 3100,Charcas,3100,,recoleta,Barrio Norte,2.0,Capital Federal,-34.5925908,-58.4100027,32.85,29.4,1.0,,1,,,,19786.91,ALQUILER MONOAMBIENTE BARRIO NORTE CON BALCON,,,0,0,0,0,0,0,0,0,0,0,0,0,0,1,0,0,0,0,0,0,0,0
remax,d3404409-b262-4c66-a3c2-82380bdc1374,https://www.remax.com.ar/listings/alquler-depto-2-ambientes-palermo,2026-08-13T22:33:07+00:00,alquiler,departamento_estandar,800000.0,ARS,ARS 800000.0,100000.0,ARS,Avenida Coronel Díaz 1400,Avenida Coronel Díaz,1400,,palermo,Palermo,14.0,Capital Federal,-34.5934513,-58.4141594,40.74,40.74,2.0,,1,,,,19636.72,ALQULER DEPTO 2 AMBIENTES - PALERMO,,,0,0,0,0,0,0,0,0,0,0,0,0,0,0,0,0,0,0,0,0,0,0
remax,d316a5ed-70ca-4d36-a7f8-c2986b2ec0a6,https://www.remax.com.ar/listings/alquiler-monoambiente-en-pb-almagro-h-italiano-1,2026-08-13T22:33:10+00:00,alquiler,departamento_monoambiente,550000.0,ARS,ARS 550000.0,70000.0,ARS,Avenida Diaz Velez 4100,Avenida Diaz Velez,4100,,almagro,Almagro,5.0,Capital Federal,-34.608739366722,-58.425395809638,47.43,28.43,1.0,,1,,,,11596.04,ALQUILER MONOAMBIENTE EN PB ALMAGRO H ITALIANO,,,0,0,0,0,0,0,0,0,0,0,0,0,0,0,0,0,0,0,0,0,0,0
remax,d3053361-f7f4-48aa-bcd8-d6259a16918f,https://www.remax.com.ar/listings/alquiler-departamento-2-ambientes-en-palermo-4,2026-08-13T22:33:10+00:00,alquiler,departamento_estandar,800000.0,ARS,ARS 800000.0,160000.0,ARS,Ciudad de la Paz 200,Ciudad de la Paz,200,,palermo,Palermo,14.0,Capital Federal,-34.5745799,-58.440894,32.0,32.0,2.0,,1,,,,25000.0,Alquiler departamento 2 ambientes en Palermo,,,0,0,0,0,0,0,0,0,0,0,0,0,0,0,0,0,0,0,0,0,0,0
remax,d2fd5bf0-3fce-4272-bd9b-fa05dac7118e,https://www.remax.com.ar/listings/aquiler-3-ambientes-con-balcon-en-nunez,2026-08-13T22:33:10+00:00,alquiler,departamento_estandar,1200000.0,ARS,ARS 1200000.0,150000.0,ARS,Ciudad de la Paz 3100,Ciudad de la Paz,3100,,nunez,Nuñez,13.0,Capital Federal,-34.553955,-58.4656478,57.0,53.0,3.0,,1,,,,21052.63,AQUILER 3 AMBIENTES CON BALCÓN EN NUÑEZ,,,0,0,0,0,0,0,0,0,0,0,0,0,0,1,0,0,0,0,0,0,0,0
remax,d2d9759a-21e1-40ba-8e27-f97e2ebd6db5,https://www.remax.com.ar/listings/3-amb-c-dep-baulera-bajas-exp-en-alto-palermo,2026-08-13T22:33:10+00:00,alquiler,departamento_estandar,1200000.0,ARS,ARS 1200000.0,180000.0,ARS,Bulnes 2000,Bulnes,2000,,palermo,Palermo,14.0,Capital Federal,-34.5946252,-58.4165653,66.66,66.66,4.0,,2,,,,18001.8,3 amb. c/ dep. baulera.Bajas exp en Alto Palermo,,,0,0,0,0,0,0,0,0,0,0,1,0,0,0,0,0,0,0,0,0,0,0
remax,d2c7792a-3b10-420e-86b9-916c382fc4ed,https://www.remax.com.ar/listings/alquiler-local-comercial-en-esquina-avenidas,2026-08-13T22:33:10+00:00,alquiler,local,6000.0,USD,USD 6000.0,0.0,ARS,Avenida Jujuy 1200,Avenida Jujuy,1200,,san cristobal,San Cristobal,3.0,Capital Federal,-34.6242726,-58.4017515,528.0,528.0,,,3,,,,11.36,ALQUILER LOCAL COMERCIAL EN ESQUINA/AVENIDAS,,,0,0,0,0,0,0,0,0,0,0,0,0,0,0,0,0,0,0,0,0,0,0
remax,d2c4fbb9-a112-4289-97e9-9510842ef31f,https://www.remax.com.ar/listings/alquiler-departamento-3-ambientes-almagro,2026-08-13T22:33:10+00:00,alquiler,departamento_estandar,900000.0,ARS,ARS 900000.0,255000.0,ARS,Gascón 800,Gascón,800,,almagro,Almagro,5.0,Capital Federal,-34.6009452,-58.4239142,67.0,64.0,3.0,,1,,,,13432.84,ALQUILER DEPARTAMENTO 3 AMBIENTES ALMAGRO,,,0,0,0,0,0,0,0,0,0,0,0,0,0,0,0,0,0,0,0,0,0,0
remax,d28af2a9-8f5d-4fbd-be2d-b3c0084de6c1,https://www.remax.com.ar/listings/alquiler-4-ambientes-con-dependencia-barrio-norte,2026-08-13T22:33:10+00:00,alquiler,departamento_estandar,1350000.0,ARS,ARS 1350000.0,450000.0,ARS,Junín 1100,Junín,1100,,recoleta,Barrio Norte,2.0,Capital Federal,-34.5951782,-58.3971758,88.59,81.2,4.0,,3,,,,15238.74,Alquiler 4 ambientes con dependencia Barrio Norte,,,0,0,0,0,0,0,0,0,0,0,0,0,0,0,0,0,0,0,0,0,0,0
remax,d25bee06-e784-4f8f-a458-8fbc2c947b8d,https://www.remax.com.ar/listings/alquiler-2-ambientes-belgrano-1,2026-08-13T22:33:10+00:00,alquiler,departamento_estandar,500000.0,ARS,ARS 500000.0,122500.0,ARS,Zabala 2400,Zabala,2400,,belgrano,Belgrano,13.0,Capital Federal,-34.568737719525,-58.449779933433,35.0,35.0,2.0,,1,,,,14285.71,Alquiler 2 ambientes Belgrano,,,0,0,0,0,0,0,0,0,0,0,0,0,0,0,0,0,0,0,0,0,0,0
remax,d2576cf8-702f-4f6b-9e6c-f76fb9712189,https://www.remax.com.ar/listings/dpto-2-amb-alquiler-palermo-balcon-pileta-gimnasio,2026-08-13T22:33:10+00:00,alquiler,departamento_estandar,1200.0,USD,USD 1200.0,314945.0,ARS,Avenida del Libertador 3500,Avenida del Libertador,3500,,palermo,Palermo,14.0,Capital Federal,-34.5734908,-58.4189387,65.74,65.74,2.0,,1,,,,18.25,DPTO 2 AMB ALQUILER PALERMO BALCON PILETA GIMNASIO,,,1,1,0,1,0,0,0,0,0,0,0,0,0,1,0,0,0,0,0,0,0,0
remax,d2571771-e0da-4411-b275-3f40e85a7062,https://www.remax.com.ar/listings/alquiler-mono-canitas-belgrano-apto-profesional,2026-08-13T22:33:10+00:00,alquiler,departamento_estandar,590000.0,ARS,ARS 590000.0,100000.0,ARS,3 de Febrero 1100,3 de Febrero,1100,,palermo,Palermo,14.0,Capital Federal,-34.5684333,-58.4444019,25.27,25.27,1.0,,1,,,,23347.84,ALQUILER MONO CAÑITAS BELGRANO APTO PROFESIONAL,,,0,0,0,0,0,0,0,0,1,0,0,0,0,0,0,0,0,0,0,0,0,0
remax,d25463da-97aa-45ca-8143-e39080cce926,https://www.remax.com.ar/listings/alquiler-monoambiente-caballito-full-amenities,2026-08-13T22:33:10+00:00,alquiler,departamento_estandar,899000.0,ARS,ARS 899000.0,270000.0,ARS,Malvinas Argentinas 400,Malvinas Argentinas,400,,caballito,Caballito,6.0,Capital Federal,-34.629680391834,-58.44935989393,40.0,36.0,1.0,,1,,,,22475.0,ALQUILER MONOAMBIENTE- CABALLITO- FULL AMENITIES,,,1,0,0,0,0,0,0,0,0,0,0,0,0,0,0,0,0,0,0,0,0,0
remax,d2477eec-f3f4-4b8a-a64a-42d271297277,https://www.remax.com.ar/listings/departamento-de-dos-ambientes-con-balcon-y-patio,2026-08-13T22:33:10+00:00,alquiler,departamento_estandar,800000.0,ARS,ARS 800000.0,210000.0,ARS,Ampere 800,Ampere,800,,,Cid Campeador,,Capital Federal,-34.6089091,-58.4463602,49.0,39.0,2.0,,1,,,,16326.53,DEPARTAMENTO DE DOS AMBIENTES CON BALCON Y PATIO,,,0,0,0,0,0,0,0,0,0,0,0,0,0,1,0,0,0,0,0,1,0,0
remax,d236fb9a-64b8-4e9d-af17-fc66c8ce7506,https://www.remax.com.ar/listings/oficina-consultorio-en-alquiler-en-tribunales,2026-08-13T22:33:12+00:00,alquiler,oficina,800.0,USD,USD 800.0,0.0,ARS,Tucumán 1500,Tucumán,1500,,san nicolas,San Nicolás,1.0,Capital Federal,-34.6018675,-58.3882925,52.8,52.8,,,0,,,,15.15,OFICINA / CONSULTORIO EN ALQUILER EN TRIBUNALES,,,0,0,0,0,0,0,0,0,0,0,0,0,0,0,0,0,0,0,0,0,0,0
remax,d230b5a5-7162-41b9-b719-37db2627abc0,https://www.remax.com.ar/listings/alquiler-depto-monoambiente-recoleta,2026-08-13T22:33:12+00:00,alquiler,departamento_monoambiente,600000.0,ARS,ARS 600000.0,125000.0,ARS,Viamonte 1800,Viamonte,1800,,recoleta,Recoleta,2.0,Capital Federal,-34.6009328,-58.393725,20.23,20.23,1.0,,1,,,,29658.92,ALQUILER DEPTO MONOAMBIENTE RECOLETA,,,0,0,0,0,0,0,0,0,0,0,0,0,0,0,0,0,0,0,0,0,0,0
remax,d22f871b-3292-4c22-bbfd-05acfd240437,https://www.remax.com.ar/listings/alquiler-ph-en-pb-con-gran-jardin-sin-expensas,2026-08-13T22:33:12+00:00,alquiler,ph,2000000.0,ARS,ARS 2000000.0,0.0,ARS,José A. Cabrera 3900,José A. Cabrera,3900,,palermo,Palermo,14.0,Capital Federal,-34.596328,-58.4219185,285.0,145.0,4.0,,1,,,,7017.54,Alquiler PH en PB con gran jardín Sin expensas,,,0,0,0,0,0,0,0,0,0,0,0,0,0,0,0,0,0,0,0,1,0,0
remax,d20d96ac-63a3-4753-a1dc-d799a7bbf14b,https://www.remax.com.ar/listings/alquiler-semipiso-4-amb-c-dep-cochera-baulera,2026-08-13T22:33:12+00:00,alquiler,departamento_semipiso,2800.0,USD,USD 2800.0,1900000.0,ARS,Avenida del Libertador 2400,Avenida del Libertador,2400,,palermo,Palermo,14.0,Capital Federal,-34.5798774,-58.4059391,212.11,198.79,4.0,,3,1.0,,,13.2,Alquiler Semipiso 4 amb. c/ dep - Cochera-Baulera,,,0,0,0,0,0,0,0,0,0,1,1,0,0,0,0,0,0,0,0,0,0,0
remax,d204a561-016b-4c1a-ab32-4fe3a6e01cc8,https://www.remax.com.ar/listings/alquiler-2-ambientes-premium-aminitie-villa-luro,2026-08-13T22:33:12+00:00,alquiler,departamento_estandar,800.0,USD,USD 800.0,150000.0,ARS,Virgilio 900,Virgilio,900,,villa luro,Villa Luro,10.0,Capital Federal,-34.629409,-58.5064731,71.0,58.0,2.0,,2,,,,11.27,ALQUILER 2 AMBIENTES PREMIUM AMINITIE VILLA LURO,,,0,0,0,0,0,0,0,0,0,0,0,0,0,0,0,0,0,0,0,0,0,0
remax,d20094b9-dcc3-48b7-807e-426e696922be,https://www.remax.com.ar/listings/barrio-norte-3ambientes-contrafrente-reciclado,2026-08-13T22:33:12+00:00,alquiler,departamento_estandar,800000.0,ARS,ARS 800000.0,167000.0,ARS,Avenida Santa Fe 2400,Avenida Santa Fe,2400,,recoleta,Barrio Norte,2.0,Capital Federal,-34.5944765,-58.4016182,44.0,44.0,3.0,,1,,,,18181.82,BARRIO NORTE 3AMBIENTES CONTRAFRENTE RECICLADO,,,0,0,0,0,0,0,0,0,0,0,0,0,0,0,0,1,0,1,0,0,0,0
remax,d1fdc6dd-b2a4-45ba-8d97-7904b0d33c43,https://www.remax.com.ar/listings/alquiler-departamento-2-amb-parque-chacabuco,2026-08-13T22:33:12+00:00,alquiler,departamento_estandar,700000.0,ARS,ARS 700000.0,100000.0,ARS,Avenida Curapaligüe 1200,Avenida Curapaligüe,1200,,parque chacabuco,Parque Chacabuco,7.0,Capital Federal,-34.6370527,-58.4456678,42.0,42.0,2.0,,1,,,,16666.67,Alquiler Departamento 2 amb. Parque Chacabuco,,,0,0,0,0,0,0,0,0,0,0,0,0,0,0,0,0,0,0,0,0,0,0
remax,d1d06753-c433-4f70-892b-969f9ea046da,https://www.remax.com.ar/listings/alquiler-loft-luminoso-en-caballito,2026-08-13T22:33:12+00:00,alquiler,departamento_loft,600.0,USD,USD 600.0,236526.0,ARS,Avenida Pedro Goyena 1000,Avenida Pedro Goyena,1000,,caballito,Caballito,6.0,Capital Federal,-34.6268723,-58.4423729,58.87,58.87,1.0,,1,,,,10.19,ALQUILER LOFT LUMINOSO EN CABALLITO,,,0,0,0,0,0,0,0,0,0,0,0,0,1,0,0,0,0,0,0,0,0,0
remax,d1cf52f2-98f2-4121-b74d-d33e9079fcab,https://www.remax.com.ar/listings/alquiler-espacio-multirubros-nazca-y-rivadavia,2026-08-13T22:33:12+00:00,alquiler,local,3500.0,USD,USD 3500.0,,ARS,Avenida Nazca 0,Avenida Nazca,0,,flores,Flores,7.0,Capital Federal,-34.630133,-58.469669,332.36,126.91,,,3,,,,10.53,Alquiler Espacio multirubros Nazca y Rivadavia.,,,0,0,0,0,0,0,0,0,0,0,0,0,0,0,0,0,0,0,0,0,0,0
remax,d1a4b64f-9b28-4f5d-a6d2-edfd2c61f293,https://www.remax.com.ar/listings/alquiler-2-amb-con-cochera-en-belgrano,2026-08-13T22:33:12+00:00,alquiler,departamento_estandar,1200.0,USD,USD 1200.0,300000.0,ARS,Ciudad de la Paz 2300,Ciudad de la Paz,2300,,belgrano,Belgrano,13.0,Capital Federal,-34.5603046,-58.4592797,48.0,44.0,2.0,,1,1.0,,,25.0,"ALQUILER 2 Amb. Con Cochera en ""BELGRANO""",,,0,0,0,0,0,0,0,0,0,1,0,0,0,0,0,0,0,0,0,0,0,0
remax,d193e1a3-0616-459e-9838-38410378e835,https://www.remax.com.ar/listings/alquiler-2-ambientes-terraza-exclusiva-amenities,2026-08-13T22:33:12+00:00,alquiler,departamento_estandar,1100.0,USD,USD 1100.0,0.0,ARS,Virgilio 900,Virgilio,900,,villa luro,Villa Luro,10.0,Capital Federal,-34.6294914,-58.5066318,128.0,58.0,2.0,,1,,,,8.59,ALQUILER 2 AMBIENTES TERRAZA EXCLUSIVA AMENITIES,,,1,0,0,0,0,0,0,0,0,0,0,0,0,1,0,0,0,0,0,0,0,0
remax,d179705c-cd1e-4820-9859-4ca665b0077a,https://www.remax.com.ar/listings/departamento-en-alquiler-2-ambientes-en-congreso,2026-08-13T22:33:12+00:00,alquiler,departamento_estandar,900000.0,ARS,ARS 900000.0,155000.0,ARS,Rodríguez Peña 100,Rodríguez Peña,100,,san nicolas,San Nicolás,1.0,Capital Federal,-34.6074155,-58.3906281,41.0,41.0,2.0,,1,,,,21951.22,Departamento en alquiler 2 ambientes en Congreso,,,0,0,0,0,0,0,0,0,0,0,0,0,0,0,0,0,0,0,0,0,0,0
remax,d163275b-e515-4a3a-8bdc-18e985f960b5,https://www.remax.com.ar/listings/alquiler-caballito-depto-4-amb-balcon-baulera,2026-08-13T22:33:15+00:00,alquiler,departamento_estandar,1400000.0,ARS,ARS 1400000.0,270000.0,ARS,Avenida Juan Bautista Alberdi 1400,Avenida Juan Bautista Alberdi,1400,,caballito,Caballito,6.0,Capital Federal,-34.6258853,-58.4485489,99.81,88.93,4.0,,2,,,,14026.65,Alquiler Caballito Depto 4 amb balcón baulera,,,0,0,0,0,0,0,0,0,0,0,1,0,0,1,0,0,0,0,0,0,0,0
remax,d154f009-c8a4-4004-91ad-aa1c0f25513f,https://www.remax.com.ar/listings/alquiler-local-apto-gastronomico-liniers,2026-08-13T22:33:15+00:00,alquiler,local,3000000.0,ARS,ARS 3000000.0,,ARS,Acassuso 6400,Acassuso,6400,,liniers,Liniers,9.0,Capital Federal,-34.64913361958,-58.514395058291,238.0,238.0,,,3,,,,12605.04,ALQUILER LOCAL APTO GASTRONOMICO LINIERS,,,0,0,0,0,0,0,0,0,0,0,0,0,0,0,0,0,0,0,0,0,0,0
remax,d1516c59-5e3a-4930-b12b-292cd7277630,https://www.remax.com.ar/listings/departamento-monoambiente-en-alquiler-en-palermo,2026-08-13T22:33:15+00:00,alquiler,departamento_monoambiente,620000.0,ARS,ARS 620000.0,230000.0,ARS,Ángel Justiniano Carranza 1300,Ángel Justiniano Carranza,1300,,palermo,Palermo Hollywood,14.0,Capital Federal,-34.5856554,-58.4422104,34.0,32.0,1.0,,1,,,,18235.29,Departamento monoambiente en alquiler en Palermo,,,0,0,0,0,0,0,0,0,0,0,0,0,0,0,0,0,0,0,0,0,0,0
remax,d14e35c5-53e8-4fb6-baa1-d0f724817a19,https://www.remax.com.ar/listings/alquiler-departamentro-2-amb-en-palermo,2026-08-13T22:33:15+00:00,alquiler,departamento_estandar,650000.0,ARS,ARS 650000.0,145500.0,ARS,Aráoz 2000,Aráoz,2000,,palermo,Palermo,14.0,Capital Federal,-34.588644,-58.4194467,33.0,33.0,2.0,,1,,,,19696.97,ALQUILER DEPARTAMENTRO 2 AMB. EN PALERMO,,,0,0,0,0,0,0,0,0,0,0,0,0,0,0,0,0,0,0,0,0,0,0
remax,d1418889-b126-42d1-b8bb-0040bff962da,https://www.remax.com.ar/listings/ph-de-2-ambientes-con-patio-parrilla-balcon,2026-08-13T22:33:15+00:00,alquiler,ph,900000.0,ARS,ARS 900000.0,30000.0,ARS,Saavedra 1100,Saavedra,1100,,san cristobal,San Cristobal,3.0,Capital Federal,-34.622649,-58.4010854,74.0,55.0,2.0,,1,,,,12162.16,PH de 2 ambientes con Patio & Parrilla & Balcón,,,0,0,1,0,0,0,0,0,0,0,0,0,0,1,0,0,0,0,0,1,0,0
remax,d1074857-b266-437b-8fe0-9e1eb511f6fc,https://www.remax.com.ar/listings/alq-depto-3-amb-cochera-en-palermo-torre-ruggieri,2026-08-13T22:33:15+00:00,alquiler,departamento_estandar,1850.0,USD,USD 1850.0,545000.0,ARS,Calle Silvio L. Ruggeri 2900,Calle Silvio L. Ruggeri,2900,,palermo,Palermo Chico,14.0,Capital Federal,-34.5806143,-58.406772,72.0,65.5,3.0,,2,1.0,,,25.69,ALQ DEPTO 3 AMB COCHERA EN PALERMO TORRE RUGGIERI,,,0,0,0,0,0,0,0,0,0,1,0,0,0,0,0,0,0,0,0,0,0,0
remax,d0c110a4-4dbb-4bcf-ad57-b179422fcd16,https://www.remax.com.ar/listings/monoambiente-c-balcon-luminoso-nunez,2026-08-13T22:33:18+00:00,alquiler,departamento_estandar,740000.0,ARS,ARS 740000.0,130000.0,ARS,Juana Azurduy 2400,Juana Azurduy,2400,,nunez,Nuñez,13.0,Capital Federal,-34.5512131,-58.4677222,34.0,31.0,1.0,,1,,,,21764.71,MONOAMBIENTE C/BALCON | LUMINOSO | NUÑEZ,,,0,0,0,0,0,0,0,0,0,0,0,0,1,1,0,0,0,0,0,0,0,0
remax,d0c0d2cf-29b4-4fc4-a9b5-1e94f21a1fd6,https://www.remax.com.ar/listings/casa-con-fines-comerciales-en-esquina-palermo,2026-08-13T22:33:18+00:00,alquiler,local,2200.0,USD,USD 2200.0,0.0,ARS,Fitz Roy 1800,Fitz Roy,1800,,palermo,Palermo,14.0,Capital Federal,-34.5828581,-58.4346982,70.0,70.0,3.0,,1,,,,31.43,CASA con fines Comerciales en ESQUINA PALERMO,,,0,0,0,0,0,0,0,0,0,0,0,0,0,0,0,0,0,0,0,0,0,0
remax,d09eabf0-7a90-4a33-8d48-ea2b7c4f3821,https://www.remax.com.ar/listings/alquiler-recoleta-4-amb-con-balcon,2026-08-13T22:33:18+00:00,alquiler,departamento_estandar,1250000.0,ARS,ARS 1250000.0,180000.0,ARS,Azcuénaga 1900,Azcuénaga,1900,,recoleta,Recoleta,2.0,Capital Federal,-34.5871615,-58.3948374,78.0,70.0,4.0,,1,,,,16025.64,Alquiler Recoleta 4 Amb con Balcon,,,0,0,0,0,0,0,0,0,0,0,0,0,0,1,0,0,0,0,0,0,0,0
remax,d095a46a-f1e3-4137-be0a-f99d609c2ace,https://www.remax.com.ar/listings/alquiler-monoambiente-amoblado-palermo-x-escalera,2026-08-13T22:33:18+00:00,alquiler,departamento_monoambiente,500.0,USD,USD 500.0,72901.0,ARS,Av Luis Maria Campos 1200,Av Luis Maria Campos,1200,,palermo,Palermo,14.0,Capital Federal,-34.565079380964,-58.440873026739,29.68,29.68,1.0,,1,,,,16.85,ALQUILER MONOAMBIENTE AMOBLADO PALERMO X ESCALERA,,,0,0,0,0,0,0,0,0,0,0,0,0,0,0,0,0,0,0,1,0,0,0
remax,d0644d74-ea4b-42b3-b1dd-06b36e9da345,https://www.remax.com.ar/listings/alquiler-monoambiente-parrilla-propia-caballito,2026-08-13T22:33:18+00:00,alquiler,departamento_estandar,550000.0,ARS,ARS 550000.0,208000.0,ARS,Avenida Avellaneda 1000,Avenida Avellaneda,1000,,caballito,Caballito,6.0,Capital Federal,-34.6172785,-58.4461336,30.0,27.0,1.0,,1,,,,18333.33,ALQUILER MONOAMBIENTE PARRILLA PROPIA CABALLITO,,,0,0,1,0,0,0,0,0,0,0,0,0,0,0,0,0,0,0,0,0,0,0
remax,d0479ddb-c323-466c-86df-68e491c19cb1,https://www.remax.com.ar/listings/monoambiente-ubicacion-inmejorable,2026-08-13T22:33:18+00:00,alquiler,departamento_monoambiente,700000.0,ARS,ARS 700000.0,300000.0,ARS,Fray Justo Santa María de Oro 2100,Fray Justo Santa María de Oro,2100,,palermo,Palermo Nuevo,14.0,Capital Federal,-34.5824917,-58.4275151,34.78,30.59,1.0,,1,,,,20126.51,MONOAMBIENTE UBICACIÓN INMEJORABLE,,,0,0,0,0,0,0,0,0,0,0,0,0,0,0,0,0,0,0,0,0,0,0
remax,d0399764-21e4-452d-8e86-7ea35fa31291,https://www.remax.com.ar/listings/alquiler-ph-de-dos-ambientes-pb-frente-urquiza,2026-08-13T22:33:18+00:00,alquiler,ph,850000.0,ARS,ARS 850000.0,0.0,ARS,Mariano Acha 2300,Mariano Acha,2300,,villa urquiza,Villa Urquiza,12.0,Capital Federal,-34.5716098,-58.4778313,51.5,39.95,2.0,,1,,,,16504.85,ALQUILER PH DE DOS AMBIENTES PB FRENTE URQUIZA,,,0,0,0,0,0,0,0,0,0,0,0,0,0,0,0,0,0,0,0,0,0,0
remax,d01ea340-c75f-4b6c-8977-416540ce1f9a,https://www.remax.com.ar/listings/alquiler-dpto-2-ambientes-flores,2026-08-13T22:33:18+00:00,alquiler,departamento_estandar,680000.0,ARS,ARS 680000.0,180000.0,ARS,Francisco Bilbao 2300,Francisco Bilbao,2300,,flores,Flores,7.0,Capital Federal,-34.6338535,-58.4592308,56.0,56.0,2.0,,1,,,,12142.86,ALQUILER DPTO 2 AMBIENTES FLORES,,,0,0,0,0,0,0,0,0,0,0,0,0,0,0,0,0,0,0,0,0,0,0
remax,d00646f4-5fb4-4339-96d2-de4c7ce4fc5e,https://www.remax.com.ar/listings/departamento-2-ambientes-en-alquiler-almagro,2026-08-13T22:33:18+00:00,alquiler,departamento_estandar,550000.0,ARS,ARS 550000.0,70000.0,ARS,Estado de Palestina 600,Estado de Palestina,600,,almagro,Almagro,5.0,Capital Federal,-34.603593277185,-58.425603266805,33.25,33.25,2.0,,1,,,,16541.35,Departamento 2 ambientes en Alquiler Almagro,,,0,0,0,0,0,0,0,0,0,0,0,0,0,0,0,0,0,0,0,0,0,0
remax,cffff7a4-d6a3-4c3a-9833-22e97350c991,https://www.remax.com.ar/listings/departamento-4-ambientes-alquiler-palermo-depende,2026-08-13T22:33:18+00:00,alquiler,departamento_semipiso,1500000.0,ARS,ARS 1500000.0,550000.0,ARS,Avenida Santa Fe 4000,Avenida Santa Fe,4000,,palermo,Palermo,14.0,Capital Federal,-34.5823602,-58.4204501,96.15,89.0,5.0,,3,,,,15600.62,DEPARTAMENTO 4 AMBIENTES ALQUILER PALERMO +DEPENDE,,,0,0,0,0,0,0,0,0,0,0,0,0,0,0,0,0,0,0,0,0,0,0
remax,cfcc2998-a1c2-4349-9ce9-f26944abeac1,https://www.remax.com.ar/listings/alquiler-2-ambientes-con-balcon-cfte-botanico-1,2026-08-13T22:33:21+00:00,alquiler,departamento_estandar,590.0,USD,USD 590.0,135000.0,ARS,Malabia 2300,Malabia,2300,,,Botánico,,Capital Federal,-34.585543879362,-58.419079903979,38.0,35.0,2.0,,1,,,,15.53,ALQUILER 2 ambientes con balcón Cfte. Botánico,,,0,0,0,0,0,0,0,0,0,0,0,0,0,1,0,0,0,0,0,0,0,0
remax,cfc72116-0c42-452f-be8c-0003df9b8eeb,https://www.remax.com.ar/listings/alquiler-departamento-de-3-ambientes-almagro,2026-08-13T22:33:21+00:00,alquiler,departamento_estandar,1200.0,USD,USD 1200.0,373000.0,ARS,Gallo 600,Gallo,600,,almagro,Almagro,5.0,Capital Federal,-34.6021313,-58.412949,58.46,54.71,3.0,,1,,,,20.53,ALQUILER DEPARTAMENTO DE 3 AMBIENTES - ALMAGRO,,,0,0,0,0,0,0,0,0,0,0,0,0,0,0,0,0,0,0,0,0,0,0
remax,cfbfba52-c68d-44c4-a5e6-7c0935eecb7c,https://www.remax.com.ar/listings/dos-ambientes-luminoso-con-balcon-almagro-norte,2026-08-13T22:33:21+00:00,alquiler,departamento_estandar,750000.0,ARS,ARS 750000.0,205000.0,ARS,Estado de Israel 4300,Estado de Israel,4300,,almagro,Almagro,5.0,Capital Federal,-34.5980638,-58.4266206,42.0,40.0,2.0,,1,,,,17857.14,DOS AMBIENTES LUMINOSO CON BALCON - Almagro Norte,,,0,0,0,0,0,0,0,0,0,0,0,0,1,1,0,0,0,0,0,0,0,0
remax,cfbbb5bb-866d-45bd-bf37-5149ddfd8995,https://www.remax.com.ar/listings/alquiler-dpto-3-amb-amoblado-almagro,2026-08-13T22:33:21+00:00,alquiler,departamento_estandar,1300000.0,ARS,ARS 1300000.0,340000.0,ARS,Avenida Medrano 300,Avenida Medrano,300,,almagro,Almagro,5.0,Capital Federal,-34.6070502,-58.421237,46.17,40.27,3.0,,1,,,,28156.81,ALQUILER DPTO 3 AMB- AMOBLADO -ALMAGRO,,,0,0,0,0,0,0,0,0,0,0,0,0,0,0,0,0,0,0,1,0,0,0
remax,cfa981f1-7d20-4957-b3fe-e065fcaeafbd,https://www.remax.com.ar/listings/alquiler-departamento-3-amb-caballito,2026-08-13T22:33:21+00:00,alquiler,departamento_estandar,1200000.0,ARS,ARS 1200000.0,350000.0,ARS,Avenida San Martín 2100,Avenida San Martín,2100,,caballito,Caballito,6.0,Capital Federal,-34.6048625,-58.4575593,73.61,69.0,3.0,,1,,,,16302.13,ALQUILER / DEPARTAMENTO / 3 AMB. / CABALLITO,,,0,0,0,0,0,0,0,0,0,0,0,0,0,0,0,0,0,0,0,0,0,0
remax,cf74f134-d221-4a6b-813d-e70b6986d842,https://www.remax.com.ar/listings/alquiler-monoambiente-apto-profesional-san-nicolas,2026-08-13T22:33:21+00:00,alquiler,departamento_monoambiente,500000.0,ARS,ARS 500000.0,150000.0,ARS,Montevideo 500,Montevideo,500,,san nicolas,San Nicolás,1.0,Capital Federal,-34.6021132,-58.3893552,37.51,37.51,1.0,,1,,,,13329.78,ALQUILER MONOAMBIENTE APTO PROFESIONAL SAN NICOLAS,,,0,0,0,0,0,0,0,0,1,0,0,0,0,0,0,0,0,0,0,0,0,0
remax,cf695989-0d56-4623-982c-689eb6e971ca,https://www.remax.com.ar/listings/alquiler-en-belgrano-3-ambientes,2026-08-13T22:33:21+00:00,alquiler,departamento_estandar,1580000.0,ARS,ARS 1580000.0,300000.0,ARS,Iberá 2400,Iberá,2400,,belgrano,Belgrano,13.0,Capital Federal,-34.553783880257,-58.465221403458,77.99,62.02,3.0,,2,,,,20259.01,Alquiler en Belgrano 3 ambientes,,,0,0,0,0,0,0,0,0,0,0,0,0,0,0,0,0,0,0,0,0,0,0
remax,cf3b9cc0-83e3-45a0-b8a6-137979f210b0,https://www.remax.com.ar/listings/monoambiente-en-alquiler-belgrano-amenities-full,2026-08-13T22:33:25+00:00,alquiler,departamento_estandar,650000.0,ARS,ARS 650000.0,260000.0,ARS,Capitán General Ramón Freire 2400,Capitán General Ramón Freire,2400,,belgrano,Belgrano,13.0,Capital Federal,-34.563348667757,-58.467099679638,36.0,32.0,1.0,,1,,,,18055.56,MONOAMBIENTE EN ALQUILER BELGRANO AMENITIES FULL,,,1,0,0,0,0,0,0,0,0,0,0,0,0,0,0,0,0,0,0,0,0,0
remax,cf1f26e9-4bad-4461-bf8e-dcb1a53e8d35,https://www.remax.com.ar/listings/monoambiente-en-alquiler-balvanera-subtes-1,2026-08-13T22:33:25+00:00,alquiler,departamento_monoambiente,490000.0,ARS,ARS 490000.0,130000.0,ARS,Bartolomé Mitre 3200,Bartolomé Mitre,3200,,balvanera,Balvanera,3.0,Capital Federal,-34.6094201,-58.4121529,22.0,18.0,1.0,,1,,,,22272.73,Monoambiente en alquiler - Balvanera - Subtes,,,0,0,0,0,0,0,0,0,0,0,0,0,0,0,0,0,0,0,0,0,0,0
remax,cf1e9fed-be75-4034-aef1-1018120d4280,https://www.remax.com.ar/listings/alquiler-comercial-galpon-deposito-taller-oficina,2026-08-13T22:33:25+00:00,alquiler,oficina,5900.0,USD,USD 5900.0,,ARS,Potosí 3800,Potosí,3800,,almagro,Almagro,5.0,Capital Federal,-34.6076052,-58.4203792,1500.0,1500.0,,,7,,,,3.93,Alquiler comercial galpón depósito taller oficina,,,0,0,0,0,0,0,0,0,0,0,0,0,0,0,0,0,0,0,0,0,0,0
remax,cefd7ac3-0b11-4f9b-a494-092f53da2d00,https://www.remax.com.ar/listings/alquiler-3amb-luminoso-flores-norte,2026-08-13T22:33:25+00:00,alquiler,departamento_estandar,750000.0,ARS,ARS 750000.0,237208.0,ARS,Fray Cayetano Rodríguez 800,Fray Cayetano Rodríguez,800,,flores,Flores,7.0,Capital Federal,-34.620672,-58.4670194,63.11,61.11,3.0,,1,,,,11884.01,ALQUILER 3AMB LUMINOSO FLORES NORTE,,,0,0,0,0,0,0,0,0,0,0,0,0,1,0,0,0,0,0,0,0,0,0
remax,cefcad1c-6f2b-4341-9c0a-874a5884f703,https://www.remax.com.ar/listings/alquiler-depto-2-amb-c-cochera-amenities,2026-08-13T22:33:25+00:00,alquiler,departamento_estandar,1300000.0,ARS,ARS 1300000.0,330000.0,ARS,Franklin 2100,Franklin,2100,,flores,Flores,7.0,Capital Federal,-34.6169028,-58.4650496,50.2,43.8,2.0,,1,1.0,,,25896.41,ALQUILER DEPTO. 2 AMB. C/COCHERA - AMENITIES,,,1,0,0,0,0,0,0,0,0,1,0,0,0,0,0,0,0,0,0,0,0,0
remax,cef2f232-affb-4371-8b49-28f32ebefd54,https://www.remax.com.ar/listings/alquiler-monoambiente-san-cristobal,2026-08-13T22:33:25+00:00,alquiler,departamento_monoambiente,650000.0,ARS,ARS 650000.0,140000.0,ARS,Avenida San Juan 2400,Avenida San Juan,2400,,san cristobal,San Cristobal,3.0,Capital Federal,-34.6233186,-58.3995704,34.88,32.21,1.0,,1,,,,18635.32,Alquiler monoambiente San Cristobal,,,0,0,0,0,0,0,0,0,0,0,0,0,0,0,0,0,0,0,0,0,0,0
remax,cee906ca-c85d-48c9-8272-5eb734cc6f54,https://www.remax.com.ar/listings/alquiler-monoambiente-con-balcon-villa-urquiza-1,2026-08-13T22:33:25+00:00,alquiler,departamento_monoambiente,780000.0,ARS,ARS 780000.0,116000.0,ARS,Doctor Pedro Ignacio Rivera 5500,Doctor Pedro Ignacio Rivera,5500,,villa urquiza,Villa Urquiza,12.0,Capital Federal,-34.5747495,-58.4934914,33.0,30.0,1.0,,1,,,,23636.36,ALQUILER MONOAMBIENTE CON BALCÓN VILLA URQUIZA,,,0,0,0,0,0,0,0,0,0,0,0,0,0,1,0,0,0,0,0,0,0,0
remax,ceb8ed0f-7642-4a3e-93f4-4564cd2e24f4,https://www.remax.com.ar/listings/alquiler-oficinas-bs-as-plaza-puerto-madero-coche,2026-08-13T22:33:25+00:00,alquiler,oficina,5000.0,USD,USD 5000.0,1400000.0,ARS,Manuela Saenz 300,Manuela Saenz,300,,puerto madero,Puerto Madero,1.0,Capital Federal,-34.606882289795,-58.363482962012,186.0,186.0,,,2,,,,26.88,ALQUILER OFICINAS BS AS PLAZA PUERTO MADERO COCHE,,,0,0,0,0,0,0,0,0,0,0,0,0,0,0,0,0,0,0,0,0,0,0
remax,ceb1a619-7a32-4b78-a8c4-116fdb3a329d,https://www.remax.com.ar/listings/departamento-monoambiente-alquiler-nunez-reciclado,2026-08-13T22:33:29+00:00,alquiler,departamento_estandar,650000.0,ARS,ARS 650000.0,121000.0,ARS,Arcos 3500,Arcos,3500,,nunez,Nuñez,13.0,Capital Federal,-34.5476839,-58.4651906,23.13,20.52,1.0,,1,,,,28102.03,DEPARTAMENTO MONOAMBIENTE ALQUILER NUÑEZ RECICLADO,,,0,0,0,0,0,0,0,0,0,0,0,0,0,0,0,1,0,0,0,0,0,0
remax,ce990213-6986-444e-bcf9-4bbb724db7d0,https://www.remax.com.ar/listings/alquiler-monoambiente-dividido-quartier-del-bajo,2026-08-13T22:33:29+00:00,alquiler,departamento_monoambiente,1100.0,USD,USD 1100.0,350000.0,ARS,Venezuela 0,Venezuela,0,,monserrat,Monserrat,1.0,Capital Federal,-34.6132954,-58.3674318,58.0,51.0,1.0,,1,,,,18.97,"ALQUILER Monoambiente Dividido ""QUARTIER DEL BAJO""",,,0,0,0,0,0,0,0,0,0,0,0,0,0,0,0,0,0,0,0,0,0,0
remax,ce7f9d58-05fb-4e7d-b61d-6f03a8469d4f,https://www.remax.com.ar/listings/alquiler-local-comercial-2256-m2-en-puerto-madero,2026-08-13T22:33:29+00:00,alquiler,local,38000.0,USD,USD 38000.0,20000000.0,ARS,Alicia Moreau de Justo 1900,Alicia Moreau de Justo,1900,,puerto madero,Puerto Madero,1.0,Capital Federal,-34.621070573975,-58.365249433022,2256.0,2256.0,,,10,,,,16.84,Alquiler local comercial 2256 m2 en Puerto Madero,,,0,0,0,0,0,0,0,0,0,0,0,0,0,0,0,0,0,0,0,0,0,0
remax,ce607ee8-dfc1-43bf-86b1-ad4fd0c1d857,https://www.remax.com.ar/listings/2-amb-con-balcon-super-luminoso-palermo-1,2026-08-13T22:33:29+00:00,alquiler,departamento_estandar,650000.0,ARS,ARS 650000.0,156000.0,ARS,Charcas 4100,Charcas,4100,,palermo,Palermo Soho,14.0,Capital Federal,-34.584529,-58.4217889,37.31,36.0,2.0,,1,,,,17421.6,2 AMB CON BALCON SUPER LUMINOSO PALERMO!,,,0,0,0,0,0,0,0,0,0,0,0,0,1,1,0,0,0,0,0,0,0,0
remax,ce4e7881-6404-4165-953f-c4f8b79cd5f7,https://www.remax.com.ar/listings/alquiler-local-comercial-barrio-norte,2026-08-13T22:33:29+00:00,alquiler,local,500000.0,ARS,ARS 500000.0,75000.0,ARS,Paraguay 1300,Paraguay,1300,,retiro,Retiro,1.0,Capital Federal,-34.598129,-58.3859531,25.0,25.0,,,1,,,,20000.0,"ALQUILER LOCAL COMERCIAL, BARRIO NORTE",,,0,0,0,0,0,0,0,0,0,0,0,0,0,0,0,0,0,0,0,0,0,0
remax,ce41d579-6ffc-48d3-a430-3400031bd328,https://www.remax.com.ar/listings/alquiler-departamento-2-ambientes-baulera-caballit,2026-08-13T22:33:29+00:00,alquiler,departamento_estandar,680000.0,ARS,ARS 680000.0,135000.0,ARS,Avenida Juan Bautista Alberdi 200,Avenida Juan Bautista Alberdi,200,,caballito,Caballito,6.0,Capital Federal,-34.6224733,-58.4312085,41.0,40.0,2.0,,1,,,,16585.37,ALQUILER DEPARTAMENTO 2 AMBIENTES BAULERA CABALLIT,,,0,0,0,0,0,0,0,0,0,0,1,0,0,0,0,0,0,0,0,0,0,0
remax,ce293e4f-ec43-4443-b332-3d9f6c6a52c1,https://www.remax.com.ar/listings/alquiler-monoambiente-microcentro-bajas-expensas,2026-08-13T22:33:29+00:00,alquiler,departamento_estandar,560000.0,ARS,ARS 560000.0,120000.0,ARS,Esmeralda 700,Esmeralda,700,,san nicolas,Centro / Microcentro,1.0,Capital Federal,-34.5999514,-58.3780915,24.41,24.41,1.0,,1,,,,22941.42,Alquiler Monoambiente Microcentro | Bajas Expensas,,,0,0,0,0,0,0,0,0,0,0,0,0,0,0,0,0,0,0,0,0,0,0
remax,cdfaa481-aec2-458a-8a69-47b108166058,https://www.remax.com.ar/listings/alquiler-departamento-2-ambientes-lateral,2026-08-13T22:33:32+00:00,alquiler,departamento_estandar,700000.0,ARS,ARS 700000.0,121000.0,ARS,Blanco Encalada 4300,Blanco Encalada,4300,,villa urquiza,Villa Urquiza,12.0,Capital Federal,-34.5708729,-58.4790596,32.63,31.71,2.0,,1,,,,21452.65,ALQUILER DEPARTAMENTO 2 AMBIENTES LATERAL,,,0,0,0,0,0,0,0,0,0,0,0,0,0,0,0,0,0,0,0,0,0,0
remax,cde74877-0d2d-46fa-b98d-ff15200bf9a6,https://www.remax.com.ar/listings/alquilermonoambiente-a-estrenar-palermo-h,2026-08-13T22:33:32+00:00,alquiler,departamento_estandar,480.0,USD,USD 480.0,160000.0,ARS,Humboldt 1800,Humboldt,1800,,palermo,Palermo Hollywood,14.0,Capital Federal,-34.583617793153,-58.433987612516,35.6,32.0,1.0,,1,,,,13.48,AlquilerMonoambiente a Estrenar Palermo H.,,,0,0,0,0,0,0,0,0,0,0,0,0,0,0,0,0,0,0,0,0,0,0
remax,cdc093cc-4a92-41c5-a8c2-cabb681ae559,https://www.remax.com.ar/listings/monoamb-amoblado-c-amenities-palermo-hollywood-1,2026-08-13T22:33:32+00:00,alquiler,departamento_estandar,700.0,USD,USD 700.0,396000.0,ARS,Avenida Dorrego 1700,Avenida Dorrego,1700,,palermo,Palermo Hollywood,14.0,Capital Federal,-34.5812627,-58.4427133,38.0,35.0,1.0,,1,,,,18.42,Monoamb. Amoblado c/ Amenities - Palermo Hollywood,,,1,0,0,0,0,0,0,0,0,0,0,0,0,0,0,0,0,0,1,0,0,0
remax,cdbee01e-6ea2-4e6c-9dd3-06df7ca9288e,https://www.remax.com.ar/listings/venta-local-289-m2-s-telmo-varios-usos-4-vientos,2026-08-13T22:33:32+00:00,alquiler,local,5000.0,USD,USD 5000.0,,ARS,Bolívar 200,Bolívar,200,,san telmo,San Telmo,1.0,Capital Federal,-34.6108228,-58.3733433,288.5,288.5,,,3,,,,17.33,VENTA LOCAL 289 m2 S. TELMO VARIOS USOS 4 VIENTOS,,,0,0,0,0,0,0,0,0,0,0,0,0,0,0,0,0,0,0,0,0,0,0
remax,cdb8f605-a7a5-4906-a149-12b251b90e03,https://www.remax.com.ar/listings/alquiler-oficinas-corrientes-y-callao-opc-cocheras-2,2026-08-13T22:33:32+00:00,alquiler,oficina,1200000.0,ARS,ARS 1200000.0,820000.0,ARS,Avenida Corrientes 1800,Avenida Corrientes,1800,,balvanera,Balvanera,3.0,Capital Federal,-34.6046089,-58.392767,151.3,151.3,,,2,1.0,,,7931.26,Alquiler oficinas Corrientes y Callao opc Cocheras,,,0,0,0,0,0,0,0,0,0,1,0,0,0,0,0,0,0,0,0,0,0,0
remax,cdb3f2b0-8874-4b9c-a4b6-3cffb7dd6fb5,https://www.remax.com.ar/listings/alquiler-belgrano-local-sobre-av-libertador,2026-08-13T22:33:32+00:00,alquiler,local,14000.0,USD,USD 14000.0,3500000.0,ARS,Avenida del Libertador 6300,Avenida del Libertador,6300,,belgrano,Belgrano,13.0,Capital Federal,-34.5535728,-58.4507219,309.0,309.0,,,2,,,,45.31,Alquiler - BELGRANO - LOCAL SOBRE AV. LIBERTADOR,,,0,0,0,0,0,0,0,0,0,0,0,0,0,0,0,0,0,0,0,0,0,0
remax,cd98825d-3b50-491a-9317-4e64599848d7,https://www.remax.com.ar/listings/alquiler-cochera-cubierta-belgrano-centro,2026-08-13T22:33:32+00:00,alquiler,cochera,150000.0,ARS,ARS 150000.0,,ARS,Moldes 2200,Moldes,2200,,belgrano,Belgrano,13.0,Capital Federal,-34.5621241,-58.4609307,12.46,12.46,,,0,1.0,,,12038.52,ALQUILER COCHERA CUBIERTA BELGRANO CENTRO,,,0,0,0,0,0,0,0,0,0,1,0,0,0,0,0,0,0,0,0,0,0,0
remax,cd983b8e-cc52-4683-a088-9c4a4317f78f,https://www.remax.com.ar/listings/oficina-2-amb-alq-prof-belgrano-edif-be-libertador,2026-08-13T22:33:32+00:00,alquiler,oficina,1140.0,USD,USD 1140.0,210000.0,ARS,Avenida del Libertador 6200,Avenida del Libertador,6200,,belgrano,Belgrano,13.0,Capital Federal,-34.5537446,-58.4497125,48.51,44.22,2.0,,1,,,,23.5,OFICINA 2 AMB ALQ PROF BELGRANO EDIF BE LIBERTADOR,,,0,0,0,0,0,0,0,0,0,0,0,0,0,0,0,0,0,0,0,0,0,0
remax,cd2dcb75-ce7a-4777-a850-f3e01b787b7e,https://www.remax.com.ar/listings/alquiler-monoambiente-con-balcon-en-versalles,2026-08-13T22:33:35+00:00,alquiler,departamento_estandar,550000.0,ARS,ARS 550000.0,73000.0,ARS,Avenida Juan Bautista Justo 9100,Avenida Juan Bautista Justo,9100,,versalles,Versalles,10.0,Capital Federal,-34.6328305,-58.5170773,40.39,36.0,1.0,,1,,,,13617.23,Alquiler Monoambiente con Balcón en Versalles,,,0,0,0,0,0,0,0,0,0,0,0,0,0,1,0,0,0,0,0,0,0,0
remax,ccfda27c-1703-4197-bb8c-fe0d623828fb,https://www.remax.com.ar/listings/alquiler-2-amb-av-pueyrredon-1770-recoleta-caba,2026-08-13T22:33:35+00:00,alquiler,departamento_estandar,1100000.0,ARS,ARS 1100000.0,390000.0,ARS,Avenida Pueyrredón 1700,Avenida Pueyrredón,1700,,recoleta,Recoleta,2.0,Capital Federal,-34.590537,-58.4008755,53.0,48.0,2.0,,1,,,,20754.72,ALQUILER 2 AMB- AV PUEYRREDON 1770- RECOLETA- CABA,,,0,0,0,0,0,0,0,0,0,0,0,0,0,0,0,0,0,0,0,0,0,0
remax,cc879bac-9810-4eae-a739-e31879431434,https://www.remax.com.ar/listings/monoambiente-en-palermo-con-amenities-alquiler,2026-08-13T22:33:35+00:00,alquiler,departamento_estandar,700000.0,ARS,ARS 700000.0,220000.0,ARS,Avenida Santa Fe 5100,Avenida Santa Fe,5100,,palermo,Palermo Hollywood,14.0,Capital Federal,-34.5761066,-58.4321166,29.0,25.0,1.0,,1,,,,24137.93,Monoambiente en Palermo con Amenities | Alquiler,,,1,0,0,0,0,0,0,0,0,0,0,0,0,0,0,0,0,0,0,0,0,0
remax,cc720371-85a5-42b4-9d17-301584b8bf8c,https://www.remax.com.ar/listings/alquileroficinas-200m2-refaccionadas-2-cocheras,2026-08-13T22:33:35+00:00,alquiler,oficina,2200000.0,ARS,ARS 2200000.0,383000.0,ARS,Avenida Paseo Colón 200,Avenida Paseo Colón,200,,monserrat,Monserrat,1.0,Capital Federal,-34.6108471,-58.3698031,200.0,200.0,,,1,1.0,,,11000.0,ALQUILEROFICINAS 200m2 REFACCIONADAS + 2 COCHERAS,,,0,0,0,0,0,0,0,0,0,1,0,0,0,0,0,0,0,0,0,0,0,0
remax,cc351751-6341-4ff2-8710-cb67669abaed,https://www.remax.com.ar/listings/alquiler-palermo-piso-alto-con-vista-y-cochera-1,2026-08-13T22:33:38+00:00,alquiler,departamento_estandar,2490.0,USD,USD 2490.0,780000.0,ARS,Humboldt 2000,Humboldt,2000,,palermo,Palermo Hollywood,14.0,Capital Federal,-34.581942507358,-58.431968986988,88.0,80.0,3.0,,3,1.0,,,28.3,Alquiler Palermo | Piso Alto con Vista y cochera,,,0,0,0,0,0,0,0,0,0,1,0,0,0,0,0,0,0,0,0,0,0,0
remax,cbd4986d-0990-4873-9786-091009c2c8a7,https://www.remax.com.ar/listings/oficina-corporativa-piso-alto-en-pleno-centro,2026-08-13T22:33:38+00:00,alquiler,oficina,4800.0,USD,USD 4800.0,7190000.0,ARS,Avenida Córdoba 800,Avenida Córdoba,800,,retiro,Retiro,1.0,Capital Federal,-34.5987701,-58.3794896,438.7,438.7,,,3,,,,10.94,Oficina corporativa piso alto en pleno centro,,,0,0,0,0,0,0,0,0,0,0,0,0,0,0,0,0,0,0,0,0,0,0
remax,cbc8fb98-b75c-422b-bef8-7ebbc8208fcd,https://www.remax.com.ar/listings/alquiler-edificio-en-block-balvanera-600mts,2026-08-13T22:33:38+00:00,alquiler,edificio,9000000.0,ARS,ARS 9000000.0,0.0,ARS,San Luis 2400,San Luis,2400,,balvanera,Balvanera,3.0,Capital Federal,-34.6002378,-58.4021011,600.0,600.0,,,0,,,,15000.0,ALQUILER EDIFICIO EN BLOCK BALVANERA 600mts,,,0,0,0,0,0,0,0,0,0,0,0,0,0,0,0,0,0,0,0,0,0,0
remax,cba9779c-0980-453c-9105-f70f047695cf,https://www.remax.com.ar/listings/dpto-monoambiente-en-alquiler-palermo-con-balcon,2026-08-13T22:33:38+00:00,alquiler,departamento_monoambiente,695000.0,ARS,ARS 695000.0,120000.0,ARS,Santos Dumont 2400,Santos Dumont,2400,,palermo,Palermo,14.0,Capital Federal,-34.5740535,-58.4388054,45.0,40.0,1.0,,1,,,,15444.44,Dpto monoambiente en alquiler Palermo con balcón,,,0,0,0,0,0,0,0,0,0,0,0,0,0,1,0,0,0,0,0,0,0,0
remax,cba4d0ba-bee5-4845-b589-3410fc958f7f,https://www.remax.com.ar/listings/departamento-4-amb-c-cochera-torre-deco-piso-21-1,2026-08-13T22:33:38+00:00,alquiler,departamento_estandar,4500.0,USD,USD 4500.0,1300000.0,ARS,Austria 1900,Austria,1900,,recoleta,Recoleta,2.0,Capital Federal,-34.5895679,-58.4058546,156.27,147.97,4.0,,3,1.0,,,28.8,Departamento 4 Amb. C/Cochera Torre Decó - Piso 21,,,0,0,0,0,0,0,0,0,0,1,0,0,0,0,0,0,0,0,0,0,0,0
remax,cb99d948-2872-4d34-a393-9054daf9999c,https://www.remax.com.ar/listings/alquiler-4-ambientes-piscina-cochera-seguridad,2026-08-13T22:33:40+00:00,alquiler,departamento_estandar,1800.0,USD,USD 1800.0,400000.0,ARS,Hortiguera 100,Hortiguera,100,,caballito,Caballito,6.0,Capital Federal,-34.624232120273,-58.446402946422,103.24,103.24,4.0,,3,1.0,,,17.44,"ALQUILER, 4 AMBIENTES, PISCINA, COCHERA, SEGURIDAD",,,1,1,0,0,0,0,0,0,0,1,0,0,0,0,0,0,0,0,0,0,0,0
remax,cb79ffe2-d630-4ae5-b287-95f186150591,https://www.remax.com.ar/listings/depto-monoambiente-alquiler-apto-prof-en-caballito,2026-08-13T22:33:40+00:00,alquiler,departamento_monoambiente,800000.0,ARS,ARS 800000.0,135850.0,ARS,Avenida Acoyte 0,Avenida Acoyte,0,,caballito,Caballito,6.0,Capital Federal,-34.6178743,-58.4364546,29.54,29.54,1.0,,1,,,,27081.92,DEPTO MONOAMBIENTE ALQUILER APTO PROF EN CABALLITO,,,0,0,0,0,0,0,0,0,0,0,0,0,0,0,0,0,0,0,0,0,0,0
remax,cb45b1f6-2211-4f38-8670-e54e11af8a8f,https://www.remax.com.ar/listings/monoambiente-alquiler-tradicional-sin-muebles,2026-08-13T22:33:40+00:00,alquiler,departamento_estandar,600000.0,ARS,ARS 600000.0,145000.0,ARS,México 3700,México,3700,,almagro,Almagro,5.0,Capital Federal,-34.6200056,-58.4184727,32.0,30.0,1.0,,1,,,,18750.0,MONOAMBIENTE ALQUILER TRADICIONAL SIN MUEBLES,,,0,0,0,0,0,0,0,0,0,0,0,0,0,0,0,0,0,0,0,0,0,0
remax,cb43f2d5-8bf0-44d7-be44-d7dc3378c182,https://www.remax.com.ar/listings/alquiler-monoambiente-con-baulera,2026-08-13T22:33:40+00:00,alquiler,departamento_estandar,500000.0,ARS,ARS 500000.0,108000.0,ARS,Echenagucía 0,Echenagucía,0,,villa luro,Villa Luro,10.0,Capital Federal,-34.637671854704,-58.507663876526,28.0,28.0,1.0,,1,,,,17857.14,Alquiler monoambiente con baulera,,,0,0,0,0,0,0,0,0,0,0,1,0,0,0,0,0,0,0,0,0,0,0
remax,caf3b376-5093-4424-bce9-336407977f80,https://www.remax.com.ar/listings/alquiler-local-en-palacio-barolo,2026-08-13T22:33:40+00:00,alquiler,local,15000.0,USD,USD 15000.0,,ARS,Avenida de Mayo 1300,Avenida de Mayo,1300,,monserrat,Monserrat,1.0,Capital Federal,-34.6095315,-58.3858028,1453.0,1453.0,,,8,,,,10.32,ALQUILER - LOCAL en PALACIO BAROLO,,,0,0,0,0,0,0,0,0,0,0,0,0,0,0,0,0,0,0,0,0,0,0
remax,cae70034-48d8-49ba-8e3a-bbfecf6d9530,https://www.remax.com.ar/listings/alquiler-piso-de-oficinas-excelente-maipu-al-300,2026-08-13T22:33:40+00:00,alquiler,oficina,6500.0,USD,USD 6500.0,294851.0,ARS,Maipú 300,Maipú,300,,san nicolas,San Nicolás,1.0,Capital Federal,-34.6041677,-58.3765546,500.0,500.0,,,6,,,,13.0,Alquiler piso de oficinas excelente Maipú al 300,,,0,0,0,0,0,0,0,0,0,0,0,0,0,0,0,0,0,0,0,0,0,0
remax,cae13fe7-dae5-47c0-a4ab-866eaa88d0d0,https://www.remax.com.ar/listings/alquiler-departamento-2-amb-en-villa-urquiza-1,2026-08-13T22:33:40+00:00,alquiler,departamento_estandar,950000.0,ARS,ARS 950000.0,180000.0,ARS,Lugones 2300,Lugones,2300,,villa urquiza,Villa Urquiza,12.0,Capital Federal,-34.5717014,-58.4791132,50.0,43.5,2.0,,1,,,,19000.0,Alquiler Departamento 2 amb. en Villa Urquiza,,,0,0,0,0,0,0,0,0,0,0,0,0,0,0,0,0,0,0,0,0,0,0
remax,cacaf0bd-c2b8-48ec-8fcc-e4c0a76504c4,https://www.remax.com.ar/listings/3-ambientes-amoblado-reciclado-alquiler-belgrano,2026-08-13T22:33:43+00:00,alquiler,departamento_estandar,1200000.0,ARS,ARS 1200000.0,215000.0,ARS,Virrey Loreto 2200,Virrey Loreto,2200,,belgrano,Belgrano,13.0,Capital Federal,-34.566849589812,-58.449518680573,63.95,63.95,3.0,,1,,,,18764.66,3 AMBIENTES AMOBLADO RECICLADO ALQUILER BELGRANO,,,0,0,0,0,0,0,0,0,0,0,0,0,0,0,0,1,0,0,1,0,0,0
remax,ca380900-77b0-4da4-b32b-c38c95e331ef,https://www.remax.com.ar/listings/alquiler-en-belgrano-dep-to-5-amb-con-cochera,2026-08-13T22:33:43+00:00,alquiler,departamento_estandar,1100.0,USD,USD 1100.0,180000.0,USD,Ciudad de la Paz 2500,Ciudad de la Paz,2500,,belgrano,Belgrano,13.0,Capital Federal,-34.5586244,-58.4612381,130.69,115.77,5.0,,2,1.0,,,8.42,Alquiler en Belgrano Dep.to 5 Amb. con Cochera,,,0,0,0,0,0,0,0,0,0,1,0,0,0,0,0,0,0,0,0,0,0,0
remax,ca376dde-c8a8-40a5-ab27-771d54f6d61c,https://www.remax.com.ar/listings/excelente-2-ambs-en-belgrano-r-2-por-escalera-2,2026-08-13T22:33:43+00:00,alquiler,departamento_estandar,770000.0,ARS,ARS 770000.0,100000.0,ARS,Capitán General Ramón Freire 2300,Capitán General Ramón Freire,2300,,belgrano,Belgrano,13.0,Capital Federal,-34.56446,-58.4659708,40.0,35.0,2.0,,1,,,,19250.0,Excelente 2 ambs en Belgrano R. 2ª por escalera,,,0,0,0,0,0,0,0,0,0,0,0,0,0,0,0,0,0,0,0,0,0,0
remax,ca09fefc-0747-4bc5-b8bf-5b1cc9097ddf,https://www.remax.com.ar/listings/alquiler-1-amb-palermo-chacarita-balcon-a-estrenar,2026-08-13T22:33:43+00:00,alquiler,departamento_monoambiente,780000.0,ARS,ARS 780000.0,100000.0,ARS,Ángel Justiniano Carranza 1000,Ángel Justiniano Carranza,1000,,chacarita,Chacarita,15.0,Capital Federal,-34.5878971,-58.444926,26.15,23.24,1.0,,1,,,,29827.92,ALQUILER 1 AMB PALERMO/CHACARITA BALCÓN A ESTRENAR,,,0,0,0,0,0,0,0,0,0,0,0,0,0,1,0,0,0,0,0,0,0,0
remax,ca07b312-876a-46e9-b17e-3cf2abd0a00e,https://www.remax.com.ar/listings/alquiler-depto-edificio-qiub-palermo-hollywood,2026-08-13T22:33:43+00:00,alquiler,departamento_monoambiente,1000000.0,ARS,ARS 1000000.0,0.0,ARS,Avenida Juan Bautista Justo 1500,Avenida Juan Bautista Justo,1500,,palermo,Palermo,14.0,Capital Federal,-34.5854671,-58.4352032,36.2,31.8,1.0,,1,,,,27624.31,Alquiler depto edificio QIUB Palermo Hollywood,,,0,0,0,0,0,0,0,0,0,0,0,0,0,0,0,0,0,0,0,0,0,0
remax,c9f8d8b4-10a7-44be-973e-8582a8dbe507,https://www.remax.com.ar/listings/alquiler-2-amb-con-patio-en-caballito,2026-08-13T22:33:43+00:00,alquiler,departamento_estandar,850000.0,ARS,ARS 850000.0,140000.0,ARS,Valle 0,Valle,0,,caballito,Caballito,6.0,Capital Federal,-34.6238491,-58.4284602,94.12,40.66,2.0,,1,,,,9031.02,Alquiler 2 amb con patio en Caballito,,,0,0,0,0,0,0,0,0,0,0,0,0,0,0,0,0,0,0,0,1,0,0
remax,c9d6c75b-9509-4894-ba52-b7458a35f902,https://www.remax.com.ar/listings/alquiler-ph-planta-baja-3-amb-con-patio-coghlan-1,2026-08-13T22:33:46+00:00,alquiler,ph,1500000.0,ARS,ARS 1500000.0,0.0,ARS,Superí 2700,Superí,2700,,coghlan,Coghlan,12.0,Capital Federal,-34.5617728,-58.4716216,72.04,60.39,3.0,,1,,,,20821.77,Alquiler PH planta baja 3 amb con patio Coghlan,,,0,0,0,0,0,0,0,0,0,0,0,0,0,0,0,0,0,0,0,1,0,0
remax,c9acc64b-9d13-4d9c-8687-91acdbf4ecb0,https://www.remax.com.ar/listings/alquiler-departamento-monoambiente-balcon-belgrano,2026-08-13T22:33:46+00:00,alquiler,departamento_estandar,650000.0,ARS,ARS 650000.0,250000.0,ARS,Vuelta de Obligado 1200,Vuelta de Obligado,1200,,belgrano,Belgrano,13.0,Capital Federal,-34.5672257,-58.4480524,26.73,24.73,1.0,,1,,,,24317.25,Alquiler Departamento Monoambiente Balcón Belgrano,,,0,0,0,0,0,0,0,0,0,0,0,0,0,1,0,0,0,0,0,0,0,0
remax,c9ab4249-d84b-4f43-a657-b7a6f9d98bbf,https://www.remax.com.ar/listings/alquiler-recoleta-3-ambientes-dependencia-lavadero,2026-08-13T22:33:46+00:00,alquiler,departamento_estandar,1000000.0,ARS,ARS 1000000.0,175000.0,ARS,Avenida Callao 2000,Avenida Callao,2000,,recoleta,Recoleta,2.0,Capital Federal,-34.5874829,-58.3866992,69.6,69.6,3.0,,2,,,,14367.82,ALQUILER RECOLETA 3 AMBIENTES DEPENDENCIA LAVADERO,,,0,0,0,0,0,0,0,0,0,0,0,0,0,0,0,0,0,0,0,0,0,0
remax,c98376cf-bdb0-4cba-af3f-435baded43e5,https://www.remax.com.ar/listings/alquiler-nave-galpon-deposito-en-boedo-limite-once,2026-08-13T22:33:46+00:00,alquiler,deposito,,USD,USD,0.0,ARS,México 3200,México,3200,,balvanera,Balvanera,3.0,Capital Federal,-34.619333,-58.4117929,5029.0,4529.0,,,8,,,,,ALQUILER NAVE/GALPON/DEPOSITO EN BOEDO LIMITE ONCE,,,0,0,0,0,0,0,0,0,0,0,0,0,0,0,0,0,0,0,0,0,0,0
remax,c969339d-6ad5-4b60-9fe2-11197806b4b2,https://www.remax.com.ar/listings/alquiler-monoambiente-amplio-luminoso-en-recoleta,2026-08-13T22:33:46+00:00,alquiler,departamento_estandar,370000.0,ARS,ARS 370000.0,180000.0,ARS,Avenida Cordoba 1890 y Riobamba 1800,Avenida Cordoba 1890 y Riobamba,1800,,balvanera,Balvanera,3.0,Capital Federal,-34.5998437,-58.394222,37.0,37.0,1.0,,1,,,,10000.0,Alquiler Monoambiente amplio luminoso en Recoleta,,,0,0,0,0,0,0,0,0,0,0,0,0,1,0,0,0,0,0,0,0,0,0
remax,c958f428-7cba-4cad-8280-f915d20ed05c,https://www.remax.com.ar/listings/alquiler-deposito-comercial-flores-845m2-cubiertos,2026-08-13T22:33:46+00:00,alquiler,deposito,6000.0,USD,USD 6000.0,0.0,ARS,Avenida Coronel Esteban Bonorino 1200,Avenida Coronel Esteban Bonorino,1200,,flores,Flores,7.0,Capital Federal,-34.6409408,-58.4506176,863.0,845.0,,,0,,,,6.95,ALQUILER DEPOSITO COMERCIAL FLORES 845m2 cubiertos,,,0,0,0,0,0,0,0,0,0,0,0,0,0,0,0,0,0,0,0,0,0,0
remax,c937d427-ddbe-42fb-8c4b-15b6dbaca914,https://www.remax.com.ar/listings/alquiler-2-ambientes-con-patio-en-palermo,2026-08-13T22:33:46+00:00,alquiler,departamento_estandar,900000.0,ARS,ARS 900000.0,82000.0,ARS,Charcas 4700,Charcas,4700,,palermo,Palermo,14.0,Capital Federal,-34.580973,-58.4264533,58.0,33.0,2.0,,1,,,,15517.24,Alquiler 2 ambientes con patio en Palermo,,,0,0,0,0,0,0,0,0,0,0,0,0,0,0,0,0,0,0,0,1,0,0
remax,c932cf29-3bae-4c6b-ab94-8590bf126945,https://www.remax.com.ar/listings/alquiler-depto-2-ambientes-en-barrio-norte,2026-08-13T22:33:46+00:00,alquiler,departamento_estandar,700000.0,ARS,ARS 700000.0,120000.0,ARS,Ecuador 1100,Ecuador,1100,,recoleta,Barrio Norte,2.0,Capital Federal,-34.5969623,-58.4049138,38.0,38.0,2.0,,1,,,,18421.05,ALQUILER DEPTO 2 AMBIENTES EN BARRIO NORTE,,,0,0,0,0,0,0,0,0,0,0,0,0,0,0,0,0,0,0,0,0,0,0
remax,c8f317ed-5d20-4ac0-90dd-32ed53318596,https://www.remax.com.ar/listings/2-ambientes-palermo,2026-08-13T22:33:49+00:00,alquiler,departamento_estandar,950000.0,ARS,ARS 950000.0,273000.0,ARS,Humboldt 2400,Humboldt,2400,,palermo,Palermo,14.0,Capital Federal,-34.578422396726,-58.428039550781,65.65,58.66,2.0,,1,,,,14470.68,2 ambientes palermo,,,0,0,0,0,0,0,0,0,0,0,0,0,0,0,0,0,0,0,0,0,0,0
remax,c8b52a23-a005-470b-94df-dd031217230a,https://www.remax.com.ar/listings/ph-4-amb-monte-castro-2-patios-jardin-y-terraza,2026-08-13T22:33:49+00:00,alquiler,ph,1800000.0,ARS,ARS 1800000.0,0.0,ARS,Elpidio Gonzalez 4800,Elpidio Gonzalez,4800,,monte castro,Monte Castro,10.0,Capital Federal,-34.622737524128,-58.503813743646,257.0,99.0,4.0,,2,,,,7003.89,PH 4 Amb Monte Castro 2 Patios Jardín y Terraza,,,0,0,0,0,0,0,0,0,0,0,0,0,0,1,0,0,0,0,0,1,0,0
remax,c8a0097d-bdc4-4d35-8f51-7b1fd84d6003,https://www.remax.com.ar/listings/alquiler-deposito-con-entrada-para-camiones,2026-08-13T22:33:49+00:00,alquiler,deposito,4500.0,USD,USD 4500.0,,ARS,Miranda 4800,Miranda,4800,,monte castro,Monte Castro,10.0,Capital Federal,-34.621625,-58.5042466,417.0,417.0,,,0,,,,10.79,ALQUILER DEPOSITO CON ENTRADA PARA CAMIONES,,,0,0,0,0,0,0,0,0,0,0,0,0,0,0,0,0,0,0,0,0,0,0
remax,c896fd25-a606-42e7-b40e-bffd296f0b3b,https://www.remax.com.ar/listings/alquiler-monoambiente-villa-urquiza-con-balcon,2026-08-13T22:33:49+00:00,alquiler,departamento_monoambiente,600000.0,ARS,ARS 600000.0,235500.0,ARS,Donado 1100,Donado,1100,,villa ortuzar,Villa Ortuzar,15.0,Capital Federal,-34.5819508,-58.4707872,35.0,35.0,1.0,,1,,,,17142.86,ALQUILER MONOAMBIENTE VILLA URQUIZA CON BALCÓN,,,0,0,0,0,0,0,0,0,0,0,0,0,0,1,0,0,0,0,0,0,0,0
remax,c883f547-1a96-409a-b1cb-e885e7fd3aa8,https://www.remax.com.ar/listings/alquiler-edificio-multiples-usos-8900mts-devoto,2026-08-13T22:33:49+00:00,alquiler,edificio,60000.0,USD,USD 60000.0,,ARS,Avenida Mosconi General 3400,Avenida Mosconi General,3400,,villa devoto,Villa Devoto,11.0,Capital Federal,-34.5908881,-58.5095272,8900.0,8900.0,,,0,,,,6.74,ALQUILER. EDIFICIO MULTIPLES USOS- 8900MTS- DEVOTO,,,0,0,0,0,0,0,0,0,0,0,0,0,0,0,0,0,0,0,0,0,0,0
remax,c85d8fec-5339-4c63-8172-eed47e0f4314,https://www.remax.com.ar/listings/departamento-2-ambientes-en-alquiler-en-nunez,2026-08-13T22:33:52+00:00,alquiler,departamento_estandar,750000.0,ARS,ARS 750000.0,230000.0,ARS,Manzanares 2000,Manzanares,2000,,nunez,Nuñez,13.0,Capital Federal,-34.5455685,-58.4655184,41.64,39.21,2.0,,1,,,,18011.53,Departamento 2 ambientes en Alquiler en Núñez,,,0,0,0,0,0,0,0,0,0,0,0,0,0,0,0,0,0,0,0,0,0,0
remax,c8558555-13e7-4fed-8da2-3fe5b778eb8c,https://www.remax.com.ar/listings/dpto-en-alquiler-1-ambiente-monte-castro-balcon,2026-08-13T22:33:52+00:00,alquiler,departamento_estandar,520000.0,ARS,ARS 520000.0,56000.0,ARS,Avenida Lope de Vega 1300,Avenida Lope de Vega,1300,,villa luro,Villa Luro,10.0,Capital Federal,-34.6271683,-58.5081687,26.8,22.89,1.0,,1,,,,19402.99,DPTO EN ALQUILER 1 AMBIENTE MONTE CASTRO BALCON,,,0,0,0,0,0,0,0,0,0,0,0,0,0,1,0,0,0,0,0,0,0,0
remax,c83f3146-d138-4f7b-b034-dc468ba0405c,https://www.remax.com.ar/listings/oficina-aaa-alquiler-retiro-con-cochera-3,2026-08-13T22:33:52+00:00,alquiler,oficina,6500.0,USD,USD 6500.0,3500000.0,ARS,Esmeralda 1000,Esmeralda,1000,,retiro,Retiro,1.0,Capital Federal,-34.5954218,-58.3785766,850.0,850.0,,,4,1.0,,,7.65,Oficina AAA alquiler Retiro con cochera,,,0,0,0,0,0,0,0,0,0,1,0,0,0,0,0,0,0,0,0,0,0,0
remax,c8371868-3053-46cf-886f-5cc7d09d78df,https://www.remax.com.ar/listings/alquiler-3-amb-amoblado-c-cocherapuerto-madero,2026-08-13T22:33:52+00:00,alquiler,departamento_estandar,2900.0,USD,USD 2900.0,1100000.0,ARS,Juana Manso 1800,Juana Manso,1800,,puerto madero,Puerto Madero,1.0,Capital Federal,-34.6200926,-58.3610901,107.0,102.0,3.0,,2,1.0,,,27.1,"ALQUILER, 3 AMB, AMOBLADO, C/ COCHERAPUERTO MADERO",,,0,0,0,0,0,0,0,0,0,1,0,0,0,0,0,0,0,0,1,0,0,0
remax,c835fc29-66ca-4be1-b5df-14621d8de842,https://www.remax.com.ar/listings/exclusivo-5-ambientes-remodelado-200-m-2-coch,2026-08-13T22:33:52+00:00,alquiler,departamento_piso,3300.0,USD,USD 3300.0,0.0,ARS,Posadas 1400,Posadas,1400,,recoleta,Recoleta,2.0,Capital Federal,-34.5879065,-58.3866937,201.85,190.27,5.0,,2,,,,16.35,Exclusivo 5 Ambientes Remodelado | 200 m² | 2 Coch,,,0,0,0,0,0,0,0,0,0,0,0,0,0,0,0,0,0,0,0,0,0,0
remax,c7f1afc6-a1ae-48a3-bb5e-74d343f72a60,https://www.remax.com.ar/listings/departamento-alquiler-recoleta-apto-profesional,2026-08-13T22:33:52+00:00,alquiler,departamento_estandar,2200000.0,ARS,ARS 2200000.0,856600.0,ARS,Peña 2000,Peña,2000,,recoleta,Recoleta,2.0,Capital Federal,-34.592223733336,-58.395295143127,83.56,78.33,3.0,,2,,,,26328.39,DEPARTAMENTO ALQUILER RECOLETA APTO PROFESIONAL,,,0,0,0,0,0,0,0,0,1,0,0,0,0,0,0,0,0,0,0,0,0,0
remax,c7d93ec9-355d-4646-b73b-14909e131258,https://www.remax.com.ar/listings/oficina-en-alquiler-torre-catalinas-plaza-piso-10,2026-08-13T22:33:52+00:00,alquiler,oficina,23000.0,USD,USD 23000.0,7500000.0,ARS,Ing Enrique Butty 200,Ing Enrique Butty,200,,retiro,Catalinas Norte,1.0,Capital Federal,-34.596734175665,-58.372262478661,767.0,767.0,,,4,,,,29.99,OFICINA EN ALQUILER TORRE CATALINAS PLAZA PISO 10,,,0,0,0,0,0,0,0,0,0,0,0,0,0,0,0,0,0,0,0,0,0,0
remax,c7cf9012-5a11-4bc8-8212-55170b9ee70f,https://www.remax.com.ar/listings/alquiler-dos-ambientes-piso-5-frente-palermo-soho,2026-08-13T22:33:54+00:00,alquiler,departamento_estandar,750000.0,ARS,ARS 750000.0,139000.0,ARS,Honduras 4500,Honduras,4500,,palermo,Palermo,14.0,Capital Federal,-34.5918235,-58.4256768,38.0,38.0,2.0,,1,,,,19736.84,Alquiler Dos Ambientes Piso 5° Frente Palermo Soho,,,0,0,0,0,0,0,0,0,0,0,0,0,0,0,0,0,0,0,0,0,0,0
remax,c7c944db-e34a-4ffb-b02e-11fa751628c7,https://www.remax.com.ar/listings/alquiler-departamento-4-ambientes-nunez-piso-alto,2026-08-13T22:33:54+00:00,alquiler,departamento_estandar,1400000.0,ARS,ARS 1400000.0,282000.0,ARS,Manzanares 1800,Manzanares,1800,,nunez,Nuñez,13.0,Capital Federal,-34.5445795,-58.4641041,67.0,67.0,4.0,,1,,,,20895.52,ALQUILER Departamento 4 ambientes Núñez Piso ALTO,,,0,0,0,0,0,0,0,0,0,0,0,0,0,0,0,0,0,0,0,0,0,0
remax,c7c92697-52ec-40cb-bcbf-5c48273ea579,https://www.remax.com.ar/listings/departamento-2-amb-alquiler-palermo-hollywood,2026-08-13T22:33:54+00:00,alquiler,departamento_estandar,900.0,USD,USD 900.0,0.0,ARS,Soler 5700,Soler,5700,,palermo,Palermo Hollywood,14.0,Capital Federal,-34.5795675,-58.4337899,48.71,44.38,2.0,,1,,,,18.48,DEPARTAMENTO 2 AMB. ALQUILER PALERMO HOLLYWOOD,,,0,0,0,0,0,0,0,0,0,0,0,0,0,0,0,0,0,0,0,0,0,0
remax,c7c8468c-bcc5-41ef-b635-5f4fce7ad463,https://www.remax.com.ar/listings/alquiler-3-amb-con-cochera-a-estrenar-caballito,2026-08-13T22:33:54+00:00,alquiler,departamento_estandar,1250000.0,ARS,ARS 1250000.0,333000.0,ARS,Almirante Francisco Juan Seguí 300,Almirante Francisco Juan Seguí,300,,caballito,Caballito,6.0,Capital Federal,-34.6209907,-58.4538679,88.0,64.0,3.0,,1,1.0,,,14204.55,ALQUILER 3 amb con cochera a estrenar CABALLITO,,,0,0,0,0,0,0,0,0,0,1,0,0,0,0,0,0,0,0,0,0,0,0
remax,c7bc163a-ccfc-483f-8c81-791dd91e4239,https://www.remax.com.ar/listings/alquiler-oficina-comercial-microcentro-zona-bancos,2026-08-13T22:33:54+00:00,alquiler,oficina,660.0,USD,USD 660.0,250000.0,ARS,San Martín 300,San Martín,300,,san nicolas,San Nicolás,1.0,Capital Federal,-34.6042078,-58.3739159,132.9,132.9,,,1,,,,4.97,ALQUILER OFICINA COMERCIAL MICROCENTRO ZONA BANCOS,,,0,0,0,0,0,0,0,0,0,0,0,0,0,0,0,0,0,0,0,0,0,0
remax,c7a9f57d-f60b-448b-971e-53f4977b820b,https://www.remax.com.ar/listings/alquila-dep-2-amb-en-flores-a-estrenar,2026-08-13T22:33:54+00:00,alquiler,departamento_duplex,600000.0,ARS,ARS 600000.0,420000.0,ARS,Primera Junta 2500,Primera Junta,2500,,flores,Flores,7.0,Capital Federal,-34.6388886,-58.4580556,51.68,48.79,2.0,,1,,,,11609.91,ALQUILA DEP 2 AMB EN FLORES A ESTRENAR,,,0,0,0,0,0,0,0,0,0,0,0,0,0,0,0,0,0,0,0,0,0,0
remax,c790a973-8c0c-465a-9d82-600d57fef480,https://www.remax.com.ar/listings/tres-ambientes-con-balcon-y-cochera-fija-luminoso,2026-08-13T22:33:54+00:00,alquiler,departamento_estandar,1400000.0,ARS,ARS 1400000.0,280000.0,ARS,Avenida José María Moreno 600,Avenida José María Moreno,600,,caballito,Caballito,6.0,Capital Federal,-34.625629,-58.4340374,82.02,71.0,3.0,,1,1.0,,,17069.01,Tres ambientes con balcón y cochera fija luminoso,,,0,0,0,0,0,0,0,0,0,1,0,0,1,1,0,0,0,0,0,0,0,0
remax,c78a2880-94ae-48f3-b134-dab62c67ec22,https://www.remax.com.ar/listings/alquiler-monoambiente-muy-luminoso-en-flores,2026-08-13T22:33:54+00:00,alquiler,departamento_monoambiente,500000.0,ARS,ARS 500000.0,130000.0,ARS,Avenida Juan Bautista Alberdi 2300,Avenida Juan Bautista Alberdi,2300,,flores,Flores,7.0,Capital Federal,-34.6307945,-58.4610485,23.18,23.18,1.0,,1,,,,21570.32,Alquiler Monoambiente Muy Luminoso en Flores,,,0,0,0,0,0,0,0,0,0,0,0,0,1,0,0,0,0,0,0,0,0,0
remax,c760cdc6-c7d2-468b-a410-db99c5d8e7fe,https://www.remax.com.ar/listings/alquiler-local-67m2-v-real-con-amplias-vidrieras,2026-08-13T22:33:54+00:00,alquiler,local,990000.0,ARS,ARS 990000.0,270068.0,ARS,Avenida Lope de Vega 2700,Avenida Lope de Vega,2700,,villa real,Villa Real,10.0,Capital Federal,-34.6167755,-58.5216726,134.28,134.28,2.0,,2,,,,7372.65,ALQUILER LOCAL 67m2 V. REAL CON AMPLIAS VIDRIERAS,,,0,0,0,0,0,0,0,0,0,0,0,0,0,0,0,0,0,0,0,0,0,0
remax,c72fe19f-a02d-436e-b65f-a4ac4b8cabfe,https://www.remax.com.ar/listings/alquiler-2-ambientes-en-villa-crespo-1,2026-08-13T22:33:57+00:00,alquiler,departamento_estandar,780000.0,ARS,ARS 780000.0,146000.0,ARS,Villarroel 1100,Villarroel,1100,,villa crespo,Villa Crespo,15.0,Capital Federal,-34.593844411902,-58.443961143494,37.5,36.0,2.0,,1,,,,20800.0,ALQUILER 2 AMBIENTES EN VILLA CRESPO,,,0,0,0,0,0,0,0,0,0,0,0,0,0,0,0,0,0,0,0,0,0,0
remax,c720f867-972f-40de-a645-617c5b2360be,https://www.remax.com.ar/listings/alquiler-local-congreso-av-entre-rios-y-moreno,2026-08-13T22:33:57+00:00,alquiler,local,1800000.0,ARS,ARS 1800000.0,0.0,ARS,Av. Entre Rios 300,Av. Entre Rios,300,,balvanera,Congreso,3.0,Capital Federal,-34.611842,-58.391991,40.0,40.0,,,1,,,,45000.0,ALQUILER LOCAL CONGRESO AV. ENTRE RÍOS Y MORENO,,,0,0,0,0,0,0,0,0,0,0,0,0,0,0,0,0,0,0,0,0,0,0
remax,c701bcfc-01f5-4e59-8dad-e7da7cf792ba,https://www.remax.com.ar/listings/local-c-vivienda-apto-todo-destino,2026-08-13T22:33:57+00:00,alquiler,local,2000000.0,ARS,ARS 2000000.0,0.0,ARS,Albariño 900,Albariño,900,,mataderos,Mataderos,9.0,Capital Federal,-34.6473023,-58.5003358,110.0,100.0,,,2,,,,18181.82,Local c/vivienda - Apto todo destino,,,0,0,0,0,0,0,0,0,0,0,0,0,0,0,0,0,0,0,0,0,0,0
remax,c6c09f56-cc0a-41e9-b2ca-836cf554815a,https://www.remax.com.ar/listings/alquiler-loft-en-duplex-complejo-puerto-pampa,2026-08-13T22:33:57+00:00,alquiler,departamento_duplex,750000.0,ARS,ARS 750000.0,177000.0,ARS,Caboto 400,Caboto,400,,la boca,La Boca,4.0,Capital Federal,-34.6278114,-58.360195,47.0,41.0,2.0,,1,,,,15957.45,Alquiler Loft en Dúplex - Complejo Puerto Pampa,,,0,0,0,0,0,0,0,0,0,0,0,0,0,0,0,0,0,0,0,0,0,0
remax,c6b42a0f-721e-4738-b369-007a056fc716,https://www.remax.com.ar/listings/alquiler-semipiso-2-ambientes-balcon-frente-nunez,2026-08-13T22:33:57+00:00,alquiler,departamento_semipiso,820000.0,ARS,ARS 820000.0,188000.0,ARS,Crisólogo Larralde 2400,Crisólogo Larralde,2400,,saavedra,Saavedra,12.0,Capital Federal,-34.5491468,-58.4687687,41.23,39.51,2.0,,1,,,,19888.43,ALQUILER SEMIPISO 2 AMBIENTES -BALCON FRENTE-NUÑEZ,,,0,0,0,0,0,0,0,0,0,0,0,0,0,1,0,0,0,0,0,0,0,0
remax,c6aa32a3-b287-4650-aac3-9d9f556dd54a,https://www.remax.com.ar/listings/alquiler-de-oficina-en-lex-tower,2026-08-13T22:33:57+00:00,alquiler,oficina,700.0,USD,USD 700.0,500000.0,ARS,Avenida Corrientes 1400,Avenida Corrientes,1400,,san nicolas,San Nicolás,1.0,Capital Federal,-34.6041993,-58.3876003,77.0,77.0,,,2,,,,9.09,ALQUILER DE OFICINA EN LEX TOWER,,,0,0,0,0,0,0,0,0,0,0,0,0,0,0,0,0,0,0,0,0,0,0
remax,c6a56a13-1ee2-4cfb-809e-1146801d2d4f,https://www.remax.com.ar/listings/alquiler-inmejorable-ubicacion-dpto-apto-profesi,2026-08-13T22:33:57+00:00,alquiler,departamento_estandar,600.0,USD,USD 600.0,235000.0,ARS,Avenida Ruiz Huidobro 1600,Avenida Ruiz Huidobro,1600,,nunez,Nuñez,13.0,Capital Federal,-34.5409367,-58.4646277,72.0,40.0,2.0,,1,,,,8.33,ALQUILER Inmejorable ubicacion Dpto apto profesi,,,0,0,0,0,0,0,0,0,0,0,0,0,0,0,0,0,0,0,0,0,0,0
remax,c69a83a9-8b3d-4a0f-8736-e7777b67d159,https://www.remax.com.ar/listings/alquiler-dto-3-amb-alto-palermo-amoblado-cochera,2026-08-13T22:33:57+00:00,alquiler,departamento_estandar,1150.0,USD,USD 1150.0,420000.0,ARS,Aráoz 2500,Aráoz,2500,,palermo,Palermo,14.0,Capital Federal,-34.585182761902,-58.414589166423,62.69,55.22,3.0,,1,1.0,,,18.34,Alquiler Dto. 3 amb. Alto Palermo Amoblado-cochera,,,0,0,0,0,0,0,0,0,0,1,0,0,0,0,0,0,0,0,1,0,0,0
remax,c666625b-9e8c-4290-9306-795b2de1c6f4,https://www.remax.com.ar/listings/alquiler-departamento-2-amb-terraza-luz-recoleta,2026-08-13T22:34:00+00:00,alquiler,departamento_estandar,900000.0,ARS,ARS 900000.0,73000.0,ARS,Avenida Las Heras 2300,Avenida Las Heras,2300,,recoleta,Recoleta,2.0,Capital Federal,-34.58708256272,-58.397881479004,51.07,39.41,2.0,,1,,,,17622.87,ALQUILER DEPARTAMENTO 2 AMB TERRAZA LUZ RECOLETA,,,0,0,0,0,0,0,0,0,0,0,0,0,0,1,0,0,0,0,0,0,0,0
remax,c61c2eb1-329b-4e02-8d88-daceba7b77d2,https://www.remax.com.ar/listings/alquiler-oficina-planta-libre-c-recepcion-palermo,2026-08-13T22:34:00+00:00,alquiler,oficina,750000.0,ARS,ARS 750000.0,188000.0,ARS,Mario Bravo 1000,Mario Bravo,1000,,recoleta,Barrio Norte,2.0,Capital Federal,-34.5974682,-58.4157121,58.29,52.39,2.0,,1,,,,12866.7,"ALQUILER OFICINA, PLANTA LIBRE C/RECEPCIÓN PALERMO",,,0,0,0,0,0,0,0,0,0,0,0,0,0,0,0,0,0,0,0,0,0,0
remax,c60ad47f-96ce-4638-9b64-29bb13156475,https://www.remax.com.ar/listings/alquiler-departamento-3-ambientes-cochera-barracas,2026-08-13T22:34:00+00:00,alquiler,departamento_estandar,1600000.0,ARS,ARS 1600000.0,717000.0,ARS,Isabel la Católica 800,Isabel la Católica,800,,barracas,Barracas,4.0,Capital Federal,-34.6400648,-58.3732322,71.96,64.48,3.0,,1,1.0,,,22234.57,ALQUILER DEPARTAMENTO 3 AMBIENTES COCHERA BARRACAS,,,0,0,0,0,0,0,0,0,0,1,0,0,0,0,0,0,0,0,0,0,0,0
remax,c5da5cdc-216b-47a5-8728-dd611857afff,https://www.remax.com.ar/listings/alquiler-excelente-2-amb-cochera-edificio-premium,2026-08-13T22:34:00+00:00,alquiler,departamento_estandar,1500000.0,ARS,ARS 1500000.0,420000.0,ARS,Vidal 2100,Vidal,2100,,belgrano,Belgrano,13.0,Capital Federal,-34.5637213,-58.4610552,54.0,50.7,2.0,,1,1.0,,,27777.78,ALQUILER EXCELENTE 2 AMB COCHERA. Edificio Premium,,,0,0,0,0,0,0,0,0,0,1,0,0,0,0,0,0,0,0,0,0,0,0
remax,c5d0b746-ff30-422b-951a-6206e822edd3,https://www.remax.com.ar/listings/alquiler-comercial-galpon-deposito-en-boedo-1,2026-08-13T22:34:00+00:00,alquiler,galpon,4800000.0,ARS,ARS 4800000.0,0.0,ARS,Castro Barros 2000,Castro Barros,2000,,boedo,Boedo,5.0,Capital Federal,-34.6368125,-58.4175619,400.0,400.0,,,2,,,,12000.0,ALQUILER COMERCIAL GALPON - DEPOSITO EN BOEDO,,,0,0,0,0,0,0,0,0,0,0,0,0,0,0,0,0,0,0,0,0,0,0
remax,c5bf4368-3962-4110-ba00-812b88ccdbe9,https://www.remax.com.ar/listings/monoambiente-6-piso-vista-abierta-laundry-sum,2026-08-13T22:34:00+00:00,alquiler,departamento_monoambiente,650000.0,ARS,ARS 650000.0,120000.0,ARS,Arismendi 2600,Arismendi,2600,,parque chas,Parque Chas,15.0,Capital Federal,-34.5847785,-58.4766194,30.01,27.29,1.0,,1,,,,21659.45,Monoambiente 6° Piso | Vista Abierta | Laundry Sum,,,1,0,0,0,1,0,0,0,0,0,0,0,1,0,0,0,0,0,0,0,0,0
remax,c5b86697-f37f-4a10-be98-683969a446c8,https://www.remax.com.ar/listings/alquiler-local-palermo-ubicacion-ideal,2026-08-13T22:34:04+00:00,alquiler,local,1800000.0,ARS,ARS 1800000.0,270000.0,ARS,Beruti 3500,Beruti,3500,,palermo,Palermo,14.0,Capital Federal,-34.5853334,-58.4122108,50.74,50.74,,,1,,,,35474.97,ALQUILER LOCAL - PALERMO/ UBICACION IDEAL,,,0,0,0,0,0,0,0,0,0,0,0,0,0,0,0,0,0,0,0,0,0,0
remax,c57f399b-e610-4f7a-b4ee-a4129476523f,https://www.remax.com.ar/listings/alquiler-oficinas-almagro-edif-impecable-estado,2026-08-13T22:34:04+00:00,alquiler,oficina,39000.0,USD,USD 39000.0,,ARS,Sánchez de Bustamante 0,Sánchez de Bustamante,0,,almagro,Almagro,5.0,Capital Federal,-34.6100918,-58.4147945,4000.0,4000.0,,,0,,,,9.75,ALQUILER OFICINAS -ALMAGRO EDIF IMPECABLE ESTADO,,,0,0,0,0,0,0,0,0,0,0,0,0,0,0,0,0,0,0,0,0,0,0
remax,c551fc74-ea5e-4ec4-940b-2efc2550382c,https://www.remax.com.ar/listings/alquiler-dos-ambientes-con-cochera-en-palermo,2026-08-13T22:34:04+00:00,alquiler,departamento_estandar,850000.0,ARS,ARS 850000.0,230000.0,ARS,Thames 2300,Thames,2300,,palermo,Palermo,14.0,Capital Federal,-34.606932332175,-58.445978159449,49.0,44.0,2.0,,1,1.0,,,17346.94,Alquiler dos ambientes con cochera en Palermo,,,0,0,0,0,0,0,0,0,0,1,0,0,0,0,0,0,0,0,0,0,0,0
remax,c54b3b11-d1aa-464c-9f9f-e06b11f194bd,https://www.remax.com.ar/listings/alquiler-3-amb-palermo-hollywood-balcon-amenities,2026-08-13T22:34:04+00:00,alquiler,departamento_estandar,1350.0,USD,USD 1350.0,540000.0,ARS,Costa Rica 5500,Costa Rica,5500,,palermo,Palermo Hollywood,14.0,Capital Federal,-34.582909,-58.434068,84.0,76.0,3.0,,2,,,,16.07,ALQUILER 3 AMB PALERMO HOLLYWOOD BALCON AMENITIES,,,1,0,0,0,0,0,0,0,0,0,0,0,0,1,0,0,0,0,0,0,0,0
remax,c54b0d6a-24b0-4970-aff0-d051afb3ffdf,https://www.remax.com.ar/listings/alquiler-depto-monoambiente-balcon-caballito,2026-08-13T22:34:04+00:00,alquiler,departamento_monoambiente,600000.0,ARS,ARS 600000.0,165000.0,ARS,Avenida Directorio 1200,Avenida Directorio,1200,,caballito,Caballito,6.0,Capital Federal,-34.6294959,-58.4449222,38.0,35.0,1.0,,1,,,,15789.47,Alquiler depto monoambiente balcon Caballito,,,0,0,0,0,0,0,0,0,0,0,0,0,0,1,0,0,0,0,0,0,0,0
remax,c4dc9939-2b02-4840-b75f-90b30918f2b3,https://www.remax.com.ar/listings/alquiler-oficina-microcentro-49m2,2026-08-13T22:34:07+00:00,alquiler,oficina,466000.0,ARS,ARS 466000.0,473000.0,ARS,25 de Mayo 400,25 de Mayo,400,,san nicolas,San Nicolás,1.0,Capital Federal,-34.6031501,-58.3711392,48.75,48.75,,,3,,,,9558.97,ALQUILER OFICINA - MICROCENTRO 49M2,,,0,0,0,0,0,0,0,0,0,0,0,0,0,0,0,0,0,0,0,0,0,0
remax,c4a9676f-c789-4851-aa29-1a26ff4bf1c3,https://www.remax.com.ar/listings/alquiler-2-amb-c-balcon-palermo-soho,2026-08-13T22:34:07+00:00,alquiler,departamento_estandar,980000.0,ARS,ARS 980000.0,294000.0,ARS,Fray Justo Santa María de Oro 2100,Fray Justo Santa María de Oro,2100,,palermo,Palermo,14.0,Capital Federal,-34.582454,-58.4274269,52.76,43.96,2.0,,1,,,,18574.68,ALQUILER 2 Amb- c/balcón - Palermo Soho,,,0,0,0,0,0,0,0,0,0,0,0,0,0,1,0,0,0,0,0,0,0,0
remax,c455ce2a-2f95-44c0-a05f-fe576f7a0c73,https://www.remax.com.ar/listings/alquiler-monoambiente-villa-crespo-con-cochera,2026-08-13T22:34:07+00:00,alquiler,departamento_monoambiente,650000.0,ARS,ARS 650000.0,200000.0,ARS,Fragata Pres Sarmiento 1900,Fragata Pres Sarmiento,1900,,villa crespo,Villa Crespo,15.0,Capital Federal,-34.6107704,-58.4555852,35.03,31.85,1.0,,1,1.0,,,18555.52,ALQUILER MONOAMBIENTE VILLA CRESPO Con COCHERA,,,0,0,0,0,0,0,0,0,0,1,0,0,0,0,0,0,0,0,0,0,0,0
remax,c3e56ed4-5937-4bde-8397-e73bac3032e0,https://www.remax.com.ar/listings/alquiler-luminoso-mono-c-balcon-sum-villa-urquiza,2026-08-13T22:34:09+00:00,alquiler,departamento_estandar,650000.0,ARS,ARS 650000.0,156000.0,ARS,Arismendi 2600,Arismendi,2600,,parque chas,Parque Chas,15.0,Capital Federal,-34.5843045,-58.476582,38.0,36.0,1.0,,1,,,,17105.26,Alquiler Luminoso Mono C/Balcon Sum Villa Urquiza,,,1,0,0,0,1,0,0,0,0,0,0,0,1,1,0,0,0,0,0,0,0,0
remax,c393eacd-8610-4938-81b9-cd489f20c2af,https://www.remax.com.ar/listings/depto-mono-en-alquiler-santa-rita-seguridad-24hs-1,2026-08-13T22:34:09+00:00,alquiler,departamento_estandar,600000.0,ARS,ARS 600000.0,125302.0,ARS,San Blas 2900,San Blas,2900,,villa santa rita,Villa Santa Rita,11.0,Capital Federal,-34.611915258194,-58.482007034699,32.9,29.44,1.0,,1,,,,18237.08,DEPTO MONO EN ALQUILER SANTA RITA - SEGURIDAD 24HS,,,0,0,0,0,0,0,0,0,0,0,0,1,0,0,0,0,0,0,0,0,0,0
remax,c3376a6d-0f73-489f-b2c7-549ed79da8b3,https://www.remax.com.ar/listings/alquiler-oficinas-3-plantas-terraza-patio-v-crespo,2026-08-13T22:34:13+00:00,alquiler,oficina,2700000.0,ARS,ARS 2700000.0,0.0,ARS,Humboldt 100,Humboldt,100,,villa crespo,Villa Crespo,15.0,Capital Federal,-34.5969701,-58.4509489,181.94,144.11,,,0,,,,14840.06,ALQUILER OFICINAS 3 PLANTAS TERRAZA PATIO V CRESPO,,,0,0,0,0,0,0,0,0,0,0,0,0,0,1,0,0,0,0,0,1,0,0
remax,c32c38ee-7e36-4ddf-bfc4-585649b4f86f,https://www.remax.com.ar/listings/alquiler-oficina-microcentro-con-2-cocheras,2026-08-13T22:34:13+00:00,alquiler,oficina,1990.0,USD,USD 1990.0,,ARS,San Martín 400,San Martín,400,,san nicolas,San Nicolás,1.0,Capital Federal,-34.6029648,-58.3738227,290.0,290.0,,,1,1.0,,,6.86,ALQUILER OFICINA MICROCENTRO CON 2 COCHERAS,,,0,0,0,0,0,0,0,0,0,1,0,0,0,0,0,0,0,0,0,0,0,0
remax,c2fb6316-e3c7-4604-9976-bf6589157903,https://www.remax.com.ar/listings/alquiler-departamento-2-ambientes-palermo-mascota,2026-08-13T22:34:13+00:00,alquiler,departamento_estandar,800000.0,ARS,ARS 800000.0,220000.0,ARS,Uriarte 2100,Uriarte,2100,,palermo,Palermo,14.0,Capital Federal,-34.5841866,-58.4268973,39.78,35.69,2.0,,1,,,,20110.61,Alquiler Departamento 2 ambientes -Palermo-Mascota,,,0,0,0,0,0,0,0,0,0,0,0,0,0,0,0,0,0,0,0,0,0,0
remax,c2e1a6a0-8529-498b-82cc-c04ac088abdb,https://www.remax.com.ar/listings/alquiler-local-comercial-en-esquina-villa-urquiza,2026-08-13T22:34:13+00:00,alquiler,local,5500.0,USD,USD 5500.0,,ARS,Franklin Delano Roosevelt 5700,Franklin Delano Roosevelt,5700,,villa urquiza,Villa Urquiza,12.0,Capital Federal,-34.577296,-58.4935525,289.91,289.91,,,6,,,,18.97,ALQUILER LOCAL COMERCIAL EN ESQUINA VILLA URQUIZA,,,0,0,0,0,0,0,0,0,0,0,0,0,0,0,0,0,0,0,0,0,0,0
remax,c2de73ba-9a8c-4738-b852-c706319f20ba,https://www.remax.com.ar/listings/alquilo-monoambiente-divisible-v-santa-rita-caba,2026-08-13T22:34:13+00:00,alquiler,departamento_monoambiente,520000.0,ARS,ARS 520000.0,172000.0,ARS,Emilio Lamarca 1600,Emilio Lamarca,1600,,villa santa rita,Villa Santa Rita,11.0,Capital Federal,-34.6169628,-58.4891069,33.56,31.5,1.0,,1,,,,15494.64,ALQUILO MONOAMBIENTE DIVISIBLE V. SANTA RITA CABA,,,0,0,0,0,0,0,0,0,0,0,0,0,0,0,0,0,0,0,0,0,0,0
remax,c2c07532-3a36-47b1-aa44-e687bd8c1a9e,https://www.remax.com.ar/listings/alquiler-monoambiente-con-balcon-palermo,2026-08-13T22:34:13+00:00,alquiler,departamento_monoambiente,650000.0,USD,USD 650000.0,200000.0,ARS,Aráoz 2400,Aráoz,2400,,palermo,Palermo,14.0,Capital Federal,-34.5863425,-58.4161326,30.0,27.0,1.0,,1,,,,21666.67,ALQUILER MONOAMBIENTE CON BALCON PALERMO,,,0,0,0,0,0,0,0,0,0,0,0,0,0,1,0,0,0,0,0,0,0,0
remax,c2b15956-0ce3-4d01-91b1-136f93eb5d9a,https://www.remax.com.ar/listings/alquiler-departamento-3-ambientes-con-balcon,2026-08-13T22:34:13+00:00,alquiler,departamento_estandar,800000.0,ARS,ARS 800000.0,274000.0,ARS,Cuenca 2000,Cuenca,2000,,villa santa rita,Villa Santa Rita,11.0,Capital Federal,-34.6115664,-58.4868869,51.0,51.0,3.0,,1,,,,15686.27,ALQUILER DEPARTAMENTO 3 AMBIENTES CON BALCON,,,0,0,0,0,0,0,0,0,0,0,0,0,0,1,0,0,0,0,0,0,0,0
remax,c2a9dac2-1aac-484c-ab97-cbceeecd23dc,https://www.remax.com.ar/listings/alquiler-monoambiente-c-balcon-amoblado-1,2026-08-13T22:34:13+00:00,alquiler,departamento_estandar,850.0,USD,USD 850.0,190000.0,ARS,Congreso 1500,Congreso,1500,,nunez,Nuñez,13.0,Capital Federal,-34.550397530605,-58.453917503357,39.0,36.0,1.0,,1,,,,21.79,Alquiler Monoambiente c/balcon amoblado,,,0,0,0,0,0,0,0,0,0,0,0,0,0,1,0,0,0,0,1,0,0,0
remax,c297157c-c274-49d9-a0fe-d1f447a1721f,https://www.remax.com.ar/listings/alquiler-2-ambientes-almagro-con-balcon,2026-08-13T22:34:16+00:00,alquiler,departamento_estandar,750000.0,ARS,ARS 750000.0,218000.0,ARS,Avenida Hipólito Yrigoyen 3600,Avenida Hipólito Yrigoyen,3600,,almagro,Almagro,5.0,Capital Federal,-34.6138114,-58.4177139,51.82,45.77,2.0,,1,,,,14473.18,Alquiler 2 ambientes Almagro con balcón,,,0,0,0,0,0,0,0,0,0,0,0,0,0,1,0,0,0,0,0,0,0,0
remax,c292fcda-fdf3-4b55-8cd1-9f350b20e3dd,https://www.remax.com.ar/listings/se-alquila-dpto-2-amb-c-cochera-puerto-madero-4,2026-08-13T22:34:16+00:00,alquiler,departamento_estandar,1800000.0,ARS,ARS 1800000.0,300000.0,ARS,Avenida Ingeniero Huergo 400,Avenida Ingeniero Huergo,400,,puerto madero,Puerto Madero,1.0,Capital Federal,-34.613025201868,-58.3672056254,47.5,45.0,2.0,,1,1.0,,,37894.74,SE ALQUILA DPTO 2 AMB C/ COCHERA- PUERTO MADERO,,,0,0,0,0,0,0,0,0,0,1,0,0,0,0,0,0,0,0,0,0,0,0
remax,c26d48bf-015a-4a11-94e4-d9c3c47a0764,https://www.remax.com.ar/listings/departamento-alquiler-2-amb-full-amenities,2026-08-13T22:34:16+00:00,alquiler,departamento_estandar,1200000.0,ARS,ARS 1200000.0,300000.0,ARS,Avenida Raúl Scalabrini Ortiz 1200,Avenida Raúl Scalabrini Ortiz,1200,,palermo,Palermo,14.0,Capital Federal,-34.5933611,-58.4283236,56.82,50.51,2.0,,1,,,,21119.32,Departamento Alquiler 2 amb full amenities,,,1,0,0,0,0,0,0,0,0,0,0,0,0,0,0,0,0,0,0,0,0,0
remax,c2241f71-53e1-494a-bfde-399c620c3333,https://www.remax.com.ar/listings/alquiler-monoambiente-amoblado-apto-mascota-balvan,2026-08-13T22:34:16+00:00,alquiler,departamento_monoambiente,770000.0,ARS,ARS 770000.0,190000.0,ARS,Hipólito Yrigoyen 2100,Hipólito Yrigoyen,2100,,balvanera,Balvanera,3.0,Capital Federal,-34.6104576,-58.3965847,39.0,35.0,1.0,,1,,,,19743.59,Alquiler Monoambiente amoblado APTO MASCOTA Balvan,,,0,0,0,0,0,0,0,0,0,0,0,0,0,0,0,0,0,0,1,0,0,0
remax,c206c64a-e6ea-46d6-b122-3e45b72808c9,https://www.remax.com.ar/listings/alquiler-monoambiente-piso-alto-puerto-madero,2026-08-13T22:34:16+00:00,alquiler,departamento_monoambiente,900.0,USD,USD 900.0,140000.0,ARS,Calle República Bolivariana de Venezuela 0,Calle República Bolivariana de Venezuela,0,,puerto madero,Puerto Madero,1.0,Capital Federal,-34.6137199,-58.3671514,35.0,31.0,1.0,,1,,,,25.71,ALQUILER MONOAMBIENTE PISO ALTO PUERTO MADERO,,,0,0,0,0,0,0,0,0,0,0,0,0,0,0,0,0,0,0,0,0,0,0
remax,c1daa7bc-9736-41b5-8111-8808ce2e2e90,https://www.remax.com.ar/listings/depto-1-ambiente-alquiler-belgrano-amenities-full,2026-08-13T22:34:20+00:00,alquiler,departamento_monoambiente,700000.0,ARS,ARS 700000.0,250000.0,ARS,Capitán General Ramón Freire 2400,Capitán General Ramón Freire,2400,,belgrano,Belgrano,13.0,Capital Federal,-34.5633283,-58.4671351,38.0,32.0,1.0,,1,,,,18421.05,DEPTO 1 AMBIENTE ALQUILER BELGRANO AMENITIES FULL,,,1,0,0,0,0,0,0,0,0,0,0,0,0,0,0,0,0,0,0,0,0,0
remax,c1a38c96-0c8d-4747-aee4-2b26cf5c6e40,https://www.remax.com.ar/listings/alquiler-ph-4-amb-paternal-s-expensas,2026-08-13T22:34:20+00:00,alquiler,ph,1000000.0,ARS,ARS 1000000.0,0.0,ARS,Sunchales 800,Sunchales,800,,villa crespo,Villa Crespo,15.0,Capital Federal,-34.6011346,-58.4565588,23.02,19.91,4.0,,1,,,,43440.49,Alquiler PH 4 amb Paternal s/ expensas,,,0,0,0,0,0,0,0,0,0,0,0,0,0,0,0,0,0,0,0,0,0,0
remax,c15b702e-e5d4-4fd9-b0c5-7c3620313d23,https://www.remax.com.ar/listings/alquiler-departamento-monoambiente-palermo-1,2026-08-13T22:34:20+00:00,alquiler,departamento_estandar,420000.0,ARS,ARS 420000.0,150000.0,ARS,Avenida Cerviño 3200,Avenida Cerviño,3200,,palermo,Palermo,14.0,Capital Federal,-34.5813514,-58.406038,26.0,23.0,1.0,,1,,,,16153.85,ALQUILER DEPARTAMENTO MONOAMBIENTE PALERMO,,,0,0,0,0,0,0,0,0,0,0,0,0,0,0,0,0,0,0,0,0,0,0
remax,c1115ce3-dad5-4472-bcc7-1e3c751700ae,https://www.remax.com.ar/listings/alquiler-amoblado-2-ambientes-cochera-vista-al-rio-1,2026-08-13T22:34:23+00:00,alquiler,departamento_estandar,1500.0,USD,USD 1500.0,0.0,ARS,Bulnes 2700,Bulnes,2700,,palermo,Palermo,14.0,Capital Federal,-34.5805452,-58.4063652,68.0,60.0,2.0,,1,1.0,,,22.06,ALQUILER AMOBLADO 2 AMBIENTES COCHERA VISTA AL RIO,,,0,0,0,0,0,0,0,0,0,1,0,0,0,0,0,0,0,0,1,0,0,0
remax,c10f40d2-3dbd-4434-a85b-66c8a5fc6589,https://www.remax.com.ar/listings/2-amb-con-dependencia-recoleta-excelente-estado,2026-08-13T22:34:23+00:00,alquiler,departamento_estandar,1100000.0,ARS,ARS 1100000.0,266000.0,ARS,Ayacucho 1500,Ayacucho,1500,,recoleta,Recoleta,2.0,Capital Federal,-34.5915472,-58.3937587,51.37,51.37,3.0,,1,,,,21413.28,2 AMB con Dependencia Recoleta Excelente Estado,,,0,0,0,0,0,0,0,0,0,0,0,0,0,0,0,0,0,0,0,0,0,0
remax,c0fdd81f-a6f7-47cb-843e-e78707bef871,https://www.remax.com.ar/listings/alquiler-local-impecable-estado-balvanera-1,2026-08-13T22:34:23+00:00,alquiler,oficina,2000.0,USD,USD 2000.0,0.0,ARS,Viamonte 2200,Viamonte,2200,,balvanera,Balvanera,3.0,Capital Federal,-34.6008653,-58.3991863,258.41,258.41,,,0,,,,7.74,ALQUILER LOCAL IMPECABLE ESTADO BALVANERA,,,0,0,0,0,0,0,0,0,0,0,0,0,0,0,0,0,0,0,0,0,0,0
remax,c0ef63d6-01bb-40db-927b-9c168f60bfd8,https://www.remax.com.ar/listings/alquiler-departamento-2-ambientes-en-palermo-6,2026-08-13T22:34:23+00:00,alquiler,departamento_estandar,700000.0,ARS,ARS 700000.0,179000.0,ARS,Bulnes 1800,Bulnes,1800,,palermo,Palermo,14.0,Capital Federal,-34.5900127,-58.4132996,43.42,43.42,2.0,,1,,,,16121.6,ALQUILER DEPARTAMENTO 2 AMBIENTES EN PALERMO,,,0,0,0,0,0,0,0,0,0,0,0,0,0,0,0,0,0,0,0,0,0,0
remax,c0dfeac6-9463-428a-8bc8-2ffc8f8a956b,https://www.remax.com.ar/listings/dpto-2-amb-alquiler-zona-facultades-amoblado,2026-08-13T22:34:23+00:00,alquiler,departamento_estandar,700000.0,ARS,ARS 700000.0,160000.0,ARS,Avenida Córdoba 2400,Avenida Córdoba,2400,,balvanera,Balvanera,3.0,Capital Federal,-34.5994646,-58.4021826,34.37,34.37,2.0,,1,,,,20366.6,DPTO 2 AMB ALQUILER ZONA FACULTADES AMOBLADO,,,0,0,0,0,0,0,0,0,0,0,0,0,0,0,0,0,0,0,1,0,0,0
remax,c0dca479-5744-4926-aeb8-2a653e69e43c,https://www.remax.com.ar/listings/alquiler-depto-2-amb-caballito-opcion-cochera,2026-08-13T22:34:23+00:00,alquiler,departamento_estandar,890000.0,ARS,ARS 890000.0,220000.0,ARS,Emilio Mitre 500,Emilio Mitre,500,,caballito,Caballito,6.0,Capital Federal,-34.628785401531,-58.443097472191,46.89,43.81,2.0,,1,1.0,,,18980.59,ALQUILER DEPTO 2 AMB CABALLITO - OPCION COCHERA,,,0,0,0,0,0,0,0,0,0,1,0,0,0,0,0,0,0,0,0,0,0,0
remax,c0b9760f-934d-489d-b8e7-c3710cf499bb,https://www.remax.com.ar/listings/alquiler-multiespacio-oficinas-excelente-ubicacion-10,2026-08-13T22:34:23+00:00,alquiler,oficina,330000.0,ARS,ARS 330000.0,233000.0,ARS,Avenida Callao 400,Avenida Callao,400,,balvanera,Balvanera,3.0,Capital Federal,-34.6035032,-58.3925224,2000.0,2000.0,,,0,,,,165.0,ALQUILER MULTIESPACIO OFICINAS EXCELENTE UBICACION,,,0,0,0,0,0,0,0,0,0,0,0,0,0,0,0,0,0,0,0,0,0,0
remax,c0b7dfe9-cd55-4d9b-9890-d0317a2a4707,https://www.remax.com.ar/listings/alquiler-monoambiente-con-balcon-en-chacarita,2026-08-13T22:34:23+00:00,alquiler,departamento_monoambiente,650000.0,ARS,ARS 650000.0,120000.0,ARS,Olleros 4100,Olleros,4100,,chacarita,Chacarita,15.0,Capital Federal,-34.5867068,-58.4536134,35.41,31.93,1.0,,1,,,,18356.4,ALQUILER MONOAMBIENTE CON BALCÓN EN CHACARITA,,,0,0,0,0,0,0,0,0,0,0,0,0,0,1,0,0,0,0,0,0,0,0
remax,c0b06707-646f-4f6f-8994-39ad64cf658e,https://www.remax.com.ar/listings/alquiler-de-4-oficinas-en-centro-av-de-mayo,2026-08-13T22:34:23+00:00,alquiler,oficina,600000.0,ARS,ARS 600000.0,100000.0,ARS,Avenida de Mayo 600,Avenida de Mayo,600,,san nicolas,San Nicolás,1.0,Capital Federal,-34.60903439597,-58.375616600205,101.0,101.0,,,0,,,,5940.59,ALQUILER DE 4 OFICINAS EN CENTRO - AV. DE MAYO,,,0,0,0,0,0,0,0,0,0,0,0,0,0,0,0,0,0,0,0,0,0,0
remax,c0a446de-a62d-40c7-b096-c46df8eb93ef,https://www.remax.com.ar/listings/monoambiente-en-alquiler-en-caballito-c-balcon,2026-08-13T22:34:23+00:00,alquiler,departamento_monoambiente,700000.0,ARS,ARS 700000.0,130000.0,ARS,Avenida Pedro Goyena 1600,Avenida Pedro Goyena,1600,,caballito,Caballito,6.0,Capital Federal,-34.6283125,-58.4503865,34.29,30.7,1.0,,1,,,,20414.11,Monoambiente en alquiler en Caballito c/balcón,,,0,0,0,0,0,0,0,0,0,0,0,0,0,1,0,0,0,0,0,0,0,0
remax,c08e600a-5cac-4efa-8d2b-b4ae3f01b336,https://www.remax.com.ar/listings/local-en-esquina-alquiler-frente-uade-s-expensas,2026-08-13T22:34:23+00:00,alquiler,local,2600000.0,ARS,ARS 2600000.0,0.0,ARS,Chile 1100,Chile,1100,,monserrat,Monserrat,1.0,Capital Federal,-34.6163838,-58.3829314,165.0,160.0,,,1,,,,15757.58,Local en esquina ALQUILER frente UADE s/expensas,,,0,0,0,0,0,0,0,0,0,0,0,0,0,0,0,0,0,0,0,0,0,0
remax,c054c89e-52f9-48c0-8db7-e0d35d5ecb39,https://www.remax.com.ar/listings/alquiler-departamento-3-ambientes-villa-del-parque,2026-08-13T22:34:26+00:00,alquiler,departamento_estandar,700000.0,ARS,ARS 700000.0,126000.0,ARS,Nazarre 3200,Nazarre,3200,,villa del parque,Villa del Parque,11.0,Capital Federal,-34.6028577,-58.4954742,45.72,45.72,3.0,,1,,,,15310.59,Alquiler Departamento 3 ambientes Villa del Parque,,,0,0,0,0,0,0,0,0,0,0,0,0,0,0,0,0,0,0,0,0,0,0
remax,c04b14dd-da13-41a1-aff1-a79d9b7edaea,https://www.remax.com.ar/listings/monoambiente-en-alquiler-en-villa-urquiza,2026-08-13T22:34:26+00:00,alquiler,departamento_estandar,750000.0,ARS,ARS 750000.0,70000.0,ARS,Avenida Congreso 5200,Avenida Congreso,5200,,villa urquiza,Villa Urquiza,12.0,Capital Federal,-34.570824,-58.491813,40.2,36.1,1.0,,1,,,,18656.72,Monoambiente en alquiler en Villa Urquiza,,,0,0,0,0,0,0,0,0,0,0,0,0,0,0,0,0,0,0,0,0,0,0
remax,c0451c96-c6d9-4727-8dd5-dfdf7c516809,https://www.remax.com.ar/listings/alquiler-local-comercial-en-palermo-hollywood,2026-08-13T22:34:26+00:00,alquiler,local,9750000.0,ARS,ARS 9750000.0,210000.0,ARS,Gorriti 6000,Gorriti,6000,,palermo,Palermo Hollywood,14.0,Capital Federal,-34.581337429943,-58.442094326019,496.64,198.0,,,0,,,,19631.93,Alquiler local comercial en Palermo Hollywood,,,0,0,0,0,0,0,0,0,0,0,0,0,0,0,0,0,0,0,0,0,0,0
remax,c03e590d-3fbb-4cf1-aabf-5cde6055ce0c,https://www.remax.com.ar/listings/1-amb-amplio-alquiler-luminoso-con-balcon,2026-08-13T22:34:26+00:00,alquiler,departamento_estandar,650000.0,ARS,ARS 650000.0,70000.0,ARS,Gavilan 4600,Gavilan,4600,,villa pueyrredon,Villa Pueyrredón,12.0,Capital Federal,-34.582204,-58.493534,41.0,38.0,1.0,,1,,,,15853.66,1 amb. amplio Alquiler luminoso con balcón,,,0,0,0,0,0,0,0,0,0,0,0,0,1,1,0,0,0,0,0,0,0,0
remax,c0311963-e66d-4014-b4f6-6c2122058633,https://www.remax.com.ar/listings/excelente-departamento-en-palermo-con-terraza,2026-08-13T22:34:26+00:00,alquiler,departamento_estandar,700000.0,ARS,ARS 700000.0,121000.0,ARS,Francisco Acuña de Figueroa 1500,Francisco Acuña de Figueroa,1500,,palermo,Palermo,14.0,Capital Federal,-34.5937443,-58.4207275,39.21,28.71,1.0,,1,,,,17852.59,EXCELENTE DEPARTAMENTO EN PALERMO CON TERRAZA,,,0,0,0,0,0,0,0,0,0,0,0,0,0,1,0,0,0,0,0,0,0,0
remax,bfd89920-267d-43da-8c01-2d629aab878d,https://www.remax.com.ar/listings/departamento-2-ambientes-en-alquiler-caballito,2026-08-13T22:34:26+00:00,alquiler,departamento_estandar,900000.0,ARS,ARS 900000.0,201175.0,ARS,Av. Rivadavia 6100,Av. Rivadavia,6100,,caballito,Caballito,6.0,Capital Federal,-34.624729263149,-58.452254533768,48.36,45.36,2.0,,1,,,,18610.42,Departamento 2 Ambientes en Alquiler Caballito,,,0,0,0,0,0,0,0,0,0,0,0,0,0,0,0,0,0,0,0,0,0,0
remax,bfd4eb09-3ccd-4dd9-91c6-52beeb990663,https://www.remax.com.ar/listings/alquiler-monoambiente-almagro-con-balcon,2026-08-13T22:34:26+00:00,alquiler,departamento_monoambiente,690000.0,ARS,ARS 690000.0,170000.0,ARS,Mario Bravo 900,Mario Bravo,900,,almagro,Almagro,5.0,Capital Federal,-34.5993546,-58.4161967,37.0,34.0,1.0,,1,,,,18648.65,ALQUILER MONOAMBIENTE ALMAGRO CON BALCON,,,0,0,0,0,0,0,0,0,0,0,0,0,0,1,0,0,0,0,0,0,0,0
remax,bfbbef89-909c-40f6-b4e4-7a7acaad9ea3,https://www.remax.com.ar/listings/alquiler-2-ambientes-a-mts-de-av-independencia,2026-08-13T22:34:26+00:00,alquiler,departamento_estandar,550000.0,ARS,ARS 550000.0,120000.0,ARS,Estados Unidos 1700,Estados Unidos,1700,,san cristobal,San Cristobal,3.0,Capital Federal,-34.6190476,-58.390073,39.0,37.0,2.0,,1,,,,14102.56,ALQUILER 2 AMBIENTES A MTS DE AV INDEPENDENCIA,,,0,0,0,0,0,0,0,0,0,0,0,0,0,0,0,0,0,0,0,0,0,0
remax,bfb74f91-2b85-447f-b28a-95dd3680efa4,https://www.remax.com.ar/listings/alquiler-departamento-4-ambientes-balcon-y-patio,2026-08-13T22:34:26+00:00,alquiler,departamento_semipiso,1000000.0,ARS,ARS 1000000.0,360000.0,ARS,Caracas 0,Caracas,0,,flores,Flores,7.0,Capital Federal,-34.627609,-58.4616729,117.0,100.0,4.0,,2,,,,8547.01,ALQUILER DEPARTAMENTO 4 AMBIENTES BALCON Y PATIO,,,0,0,0,0,0,0,0,0,0,0,0,0,0,1,0,0,0,0,0,1,0,0
remax,bf92fb9a-9b50-4879-8972-20b8c23b25a3,https://www.remax.com.ar/listings/departamento-3-ambientes-alquiler-palermo-h-patio,2026-08-13T22:34:26+00:00,alquiler,departamento_estandar,1650000.0,ARS,ARS 1650000.0,450000.0,ARS,Bonpland 1300,Bonpland,1300,,palermo,Palermo Hollywood,14.0,Capital Federal,-34.5862729,-58.4406011,62.0,52.0,3.0,,1,,,,26612.9,DEPARTAMENTO 3 AMBIENTES ALQUILER PALERMO H PATIO,,,0,0,0,0,0,0,0,0,0,0,0,0,0,0,0,0,0,0,0,1,0,0
remax,bf83729e-1e49-4423-9b6a-1b28ea25c2c3,https://www.remax.com.ar/listings/alquiler-2-ambs-con-cochera-y-balcon-piso-alto,2026-08-13T22:34:28+00:00,alquiler,departamento_estandar,850.0,USD,USD 850.0,298000.0,ARS,Avenida de los Incas 3100,Avenida de los Incas,3100,,belgrano,Belgrano R,13.0,Capital Federal,-34.570807321795,-58.458703863434,53.0,50.0,2.0,,1,1.0,,,16.04,Alquiler 2 AMbs. Con cochera y Balcón. Piso Alto,,,0,0,0,0,0,0,0,0,0,1,0,0,0,1,0,0,0,0,0,0,0,0
remax,bf4a4ff9-240b-4ba6-8d36-23d1d1a0a69b,https://www.remax.com.ar/listings/alquiler-departamento-3-amb-liniers-balcon-corrido,2026-08-13T22:34:28+00:00,alquiler,departamento_estandar,750000.0,ARS,ARS 750000.0,180000.0,ARS,Avenida Rivadavia 10900,Avenida Rivadavia,10900,,liniers,Liniers,9.0,Capital Federal,-34.6389315,-58.5183002,69.0,53.0,3.0,,1,,,,10869.57,ALQUILER DEPARTAMENTO 3 AMB LINIERS BALCON CORRIDO,,,0,0,0,0,0,0,0,0,0,0,0,0,0,1,0,0,0,0,0,0,0,0
remax,bf4494de-98a1-43a2-8d1c-dcdce45293ae,https://www.remax.com.ar/listings/alquiler-local-comercial-2-plantas-villa-crespo,2026-08-13T22:34:28+00:00,alquiler,local,1700000.0,ARS,ARS 1700000.0,,ARS,Avenida Raúl Scalabrini Ortiz 900,Avenida Raúl Scalabrini Ortiz,900,,villa crespo,Villa Crespo,15.0,Capital Federal,-34.5953748,-58.4320448,112.0,112.0,,,2,,,,15178.57,ALQUILER LOCAL COMERCIAL 2 PLANTAS VILLA CRESPO,,,0,0,0,0,0,0,0,0,0,0,0,0,0,0,0,0,0,0,0,0,0,0
remax,bf399174-8290-4c7d-bb15-044419cb1274,https://www.remax.com.ar/listings/alquiler-2-amb-muy-luminoso-zona-alto-palermo,2026-08-13T22:34:28+00:00,alquiler,departamento_estandar,700000.0,ARS,ARS 700000.0,195780.0,ARS,Beruti 3400,Beruti,3400,,palermo,Palermo,14.0,Capital Federal,-34.5861997,-58.4109153,40.76,40.76,2.0,,1,,,,17173.7,ALQUILER 2 AMB. MUY LUMINOSO. ZONA ALTO PALERMO,,,0,0,0,0,0,0,0,0,0,0,0,0,1,0,0,0,0,0,0,0,0,0
remax,bf23f04c-c174-4f31-8157-1141a6ab4fae,https://www.remax.com.ar/listings/alquiler-depto-7-amb-en-palermo-chico-amoblado,2026-08-13T22:34:28+00:00,alquiler,departamento_piso,5400.0,USD,USD 5400.0,900000.0,ARS,República Árabe Siria 3100,República Árabe Siria,3100,,palermo,Palermo Chico,14.0,Capital Federal,-34.579442669981,-58.412852883339,244.74,203.81,7.0,,4,,,,22.06,ALQUILER DEPTO 7 AMB EN PALERMO CHICO AMOBLADO,,,0,0,0,0,0,0,0,0,0,0,0,0,0,0,0,0,0,0,1,0,0,0
remax,bf2323e2-1184-4f8e-83e0-41e2a133d2ec,https://www.remax.com.ar/listings/alquiler-departamento-2-ambientes-nunez-balcon-sum,2026-08-13T22:34:28+00:00,alquiler,departamento_estandar,1100000.0,ARS,ARS 1100000.0,0.0,ARS,Vedia 1700,Vedia,1700,,nunez,Nuñez,13.0,Capital Federal,-34.5365222,-58.4683977,69.5,55.0,2.0,,1,,,,15827.34,Alquiler departamento 2 ambientes Nuñez balcon SUM,,,1,0,0,0,1,0,0,0,0,0,0,0,0,1,0,0,0,0,0,0,0,0
remax,bf1fbc65-f60b-419a-899d-340198b958a3,https://www.remax.com.ar/listings/alquiler-hermoso-monoambiente-al-frente-caballito,2026-08-13T22:34:28+00:00,alquiler,departamento_monoambiente,750000.0,ARS,ARS 750000.0,130000.0,ARS,Méndez de Andés 1300,Méndez de Andés,1300,,caballito,Caballito,6.0,Capital Federal,-34.6172446,-58.4534809,35.93,30.57,1.0,,1,,,,20873.92,ALQUILER HERMOSO MONOAMBIENTE AL FRENTE CABALLITO,,,0,0,0,0,0,0,0,0,0,0,0,0,0,0,0,0,0,1,0,0,0,0
remax,bf19a16d-d19e-4419-ae85-fe6ae4e43c83,https://www.remax.com.ar/listings/hermoso-depto-2-amb-alquiler-floresta,2026-08-13T22:34:28+00:00,alquiler,departamento_estandar,650000.0,ARS,ARS 650000.0,83000.0,ARS,Avenida Rivadavia 8000,Avenida Rivadavia,8000,,floresta,Floresta,10.0,Capital Federal,-34.6326287,-58.4774998,40.0,40.0,2.0,,1,,,,16250.0,HERMOSO DEPTO. 2 AMB - ALQUILER / FLORESTA,,,0,0,0,0,0,0,0,0,0,0,0,0,0,0,0,0,0,0,0,0,0,0
remax,bf01a83d-fe66-4fbe-b6c5-cfaf7ee7a036,https://www.remax.com.ar/listings/alquiler-residencial-monoambiente-palermo-amenitie,2026-08-13T22:34:28+00:00,alquiler,departamento_estandar,830000.0,ARS,ARS 830000.0,0.0,ARS,Billinghurst 2100,Billinghurst,2100,,recoleta,Recoleta,2.0,Capital Federal,-34.5867999,-58.4068,30.0,30.0,1.0,,1,,,,27666.67,Alquiler Residencial Monoambiente Palermo Amenitie,,,0,0,0,0,0,0,0,0,0,0,0,0,0,0,0,0,0,0,0,0,0,0
remax,bef4a7ea-ae20-4684-8aef-94af0c12601b,https://www.remax.com.ar/listings/alquiler-oficinas-edificio-corporativo-85-m,2026-08-13T22:34:28+00:00,alquiler,oficina,1700.0,USD,USD 1700.0,1200000.0,ARS,Trole 500,Trole,500,,nueva pompeya,Nueva Pompeya,4.0,Capital Federal,-34.6458413,-58.4185044,85.0,85.0,,,3,,,,20.0,ALQUILER OFICINAS - Edificio Corporativo 85 m²,,,0,0,0,0,0,0,0,0,0,0,0,0,0,0,0,0,0,0,0,0,0,0
remax,beed9e70-2dda-4a3c-87e6-8e922daa9b54,https://www.remax.com.ar/listings/departamento-4-ambientes-en-alquiler-en-lugano,2026-08-13T22:34:28+00:00,alquiler,departamento_estandar,1000000.0,ARS,ARS 1000000.0,80000.0,ARS,Avenida Castañares 4800,Avenida Castañares,4800,,villa lugano,Villa Lugano,8.0,Capital Federal,-34.6671984,-58.4734318,81.0,77.0,4.0,,1,,,,12345.68,DEPARTAMENTO 4 AMBIENTES EN ALQUILER EN LUGANO,,,0,0,0,0,0,0,0,0,0,0,0,0,0,0,0,0,0,0,0,0,0,0
remax,beb3ca71-1fe7-4ed9-b1b9-869eb235e5f1,https://www.remax.com.ar/listings/departamento-ph-alquiler-3-ambientes-74m2,2026-08-13T22:34:32+00:00,alquiler,departamento_estandar,1100000.0,ARS,ARS 1100000.0,60000.0,ARS,Manuel Ricardo Trelles 2000,Manuel Ricardo Trelles,2000,,villa gral. mitre,Villa General Mitre,11.0,Capital Federal,-34.6041135,-58.4657567,81.0,67.0,3.0,,1,,,,13580.25,DEPARTAMENTO PH ALQUILER 3 AMBIENTES 74M2,,,0,0,0,0,0,0,0,0,0,0,0,0,0,0,0,0,0,0,0,0,0,0
remax,bea149f7-3adb-4bbe-8db9-3f14b71a0618,https://www.remax.com.ar/listings/oficina-en-alquiler-palacio-barolo-c-balcon-frente,2026-08-13T22:34:32+00:00,alquiler,oficina,350000.0,ARS,ARS 350000.0,69650.0,ARS,Avenida de Mayo 1300,Avenida de Mayo,1300,,monserrat,Monserrat,1.0,Capital Federal,-34.6097527,-58.3850488,12.43,11.75,,,1,,,,28157.68,OFICINA EN ALQUILER PALACIO BAROLO C BALCON FRENTE,,,0,0,0,0,0,0,0,0,0,0,0,0,0,1,0,0,0,0,0,0,0,0
remax,be4c4234-7dcc-426c-8553-cda288b16775,https://www.remax.com.ar/listings/muy-luminoso-2-ambientes-con-balcon,2026-08-13T22:34:32+00:00,alquiler,departamento_estandar,800000.0,ARS,ARS 800000.0,170000.0,ARS,Melincué 2600,Melincué,2600,,villa del parque,Villa del Parque,11.0,Capital Federal,-34.5987772,-58.4878442,45.0,40.0,2.0,,1,,,,17777.78,Muy luminoso 2 ambientes con balcón,,,0,0,0,0,0,0,0,0,0,0,0,0,1,1,0,0,0,0,0,0,0,0
remax,be19b8d9-40e3-4145-b12b-330bac68d0e1,https://www.remax.com.ar/listings/departamento-a-estrenar-con-amenities-en-recoleta-1,2026-08-13T22:34:32+00:00,alquiler,departamento_estandar,1600.0,USD,USD 1600.0,0.0,ARS,Avenida Callao 1800,Avenida Callao,1800,,recoleta,Recoleta,2.0,Capital Federal,-34.5891593,-58.3893177,70.0,60.0,2.0,,1,,,,22.86,Departamento a estrenar con Amenities en Recoleta,,,1,0,0,0,0,0,0,0,0,0,0,0,0,0,0,0,0,0,0,0,0,0
remax,bde01dde-f919-458b-bab2-c162ea616a04,https://www.remax.com.ar/listings/alquiler-monoambiente-amoblado-con-balcon-palermo,2026-08-13T22:34:32+00:00,alquiler,departamento_estandar,780000.0,ARS,ARS 780000.0,200000.0,ARS,Dorrego 1800,Dorrego,1800,,palermo,Palermo,14.0,Capital Federal,-34.58041876384,-58.442072868347,34.58,30.84,1.0,,1,,,,22556.39,Alquiler Monoambiente amoblado con Balcón Palermo,,,0,0,0,0,0,0,0,0,0,0,0,0,0,1,0,0,0,0,1,0,0,0
remax,bddb6d6c-dc1f-4c38-b9d7-7ee5f726c3c2,https://www.remax.com.ar/listings/alquiler-4-ambientes-con-cochera-balcon-corrido,2026-08-13T22:34:32+00:00,alquiler,departamento_estandar,2400000.0,ARS,ARS 2400000.0,400000.0,ARS,Mercedes 4300,Mercedes,4300,,villa devoto,Villa Devoto,11.0,Capital Federal,-34.598105,-58.5149023,101.0,88.0,4.0,,1,1.0,,,23762.38,ALQUILER 4 AMBIENTES CON COCHERA BALCÓN CORRIDO,,,0,0,0,0,0,0,0,0,0,1,0,0,0,1,0,0,0,0,0,0,0,0
remax,bdb8a673-55cb-4e8e-9dad-613bd318b9a5,https://www.remax.com.ar/listings/alquiler-departamento-2-ambientes-patio-boedo,2026-08-13T22:34:35+00:00,alquiler,departamento_duplex,750000.0,ARS,ARS 750000.0,208000.0,ARS,Juan de Garay 3700,Juan de Garay,3700,,boedo,Boedo,5.0,Capital Federal,-34.6313999,-58.4172854,61.59,43.0,2.0,,1,,,,12177.3,ALQUILER DEPARTAMENTO 2 AMBIENTES PATIO BOEDO,,,0,0,0,0,0,0,0,0,0,0,0,0,0,0,0,0,0,0,0,1,0,0
remax,bd819323-a305-40e0-8969-7d0638fc1ed4,https://www.remax.com.ar/listings/alquiler-oficinas-450-mts-con-cocheras-retiro-caba-1,2026-08-13T22:34:35+00:00,alquiler,oficina,2100.0,USD,USD 2100.0,3000000.0,ARS,Avenida Santa Fe 800,Avenida Santa Fe,800,,retiro,Retiro,1.0,Capital Federal,-34.5954395,-58.3791325,450.0,450.0,,,0,1.0,,,4.67,ALQUILER OFICINAS 450 mts con cocheras RETIRO CABA,,,0,0,0,0,0,0,0,0,0,1,0,0,0,0,0,0,0,0,0,0,0,0
remax,bd3d79d0-66d0-4d3d-9ace-a1e22dc674b1,https://www.remax.com.ar/listings/departamento-4-amb-en-alquiler-cochera-en-paternal,2026-08-13T22:34:35+00:00,alquiler,departamento_estandar,1500000.0,ARS,ARS 1500000.0,200000.0,ARS,Espinosa 2300,Espinosa,2300,,la paternal,La Paternal,15.0,Capital Federal,-34.601782,-58.4647169,84.78,80.44,4.0,,2,1.0,,,17692.85,DEPARTAMENTO 4 AMB EN ALQUILER COCHERA EN PATERNAL,,,0,0,0,0,0,0,0,0,0,1,0,0,0,0,0,0,0,0,0,0,0,0
remax,bcc0c560-1ede-4246-9ed2-aaf8796de161,https://www.remax.com.ar/listings/departamento-en-alquiler-en-belgrano,2026-08-13T22:34:38+00:00,alquiler,departamento_estandar,800000.0,ARS,ARS 800000.0,175000.0,ARS,Avenida Luis María Campos 1400,Avenida Luis María Campos,1400,,belgrano,Belgrano,13.0,Capital Federal,-34.5635835,-58.4428786,36.37,34.98,2.0,,1,,,,21996.15,DEPARTAMENTO EN ALQUILER EN BELGRANO,,,0,0,0,0,0,0,0,0,0,0,0,0,0,0,0,0,0,0,0,0,0,0
remax,bcabf7b5-bb58-4e04-aee3-51824f9584b8,https://www.remax.com.ar/listings/alquiler-palermo-2-amb-con-balcon-al-frentre,2026-08-13T22:34:38+00:00,alquiler,departamento_estandar,750000.0,ARS,ARS 750000.0,200000.0,ARS,Fray Justo Santa María de Oro 2600,Fray Justo Santa María de Oro,2600,,palermo,Palermo,14.0,Capital Federal,-34.577912,-58.4229224,36.5,32.72,2.0,,1,,,,20547.95,Alquiler Palermo 2 amb con balcon al frentre,,,0,0,0,0,0,0,0,0,0,0,0,0,0,1,0,0,0,0,0,0,0,0
remax,bc768846-6ef3-463a-bdba-eab737239240,https://www.remax.com.ar/listings/alquiler-monoambiente-a-estrenar-en-coghlan,2026-08-13T22:34:38+00:00,alquiler,departamento_monoambiente,720000.0,ARS,ARS 720000.0,247660.0,ARS,Avenida Doctor Ricardo Balbín 3200,Avenida Doctor Ricardo Balbín,3200,,coghlan,Coghlan,12.0,Capital Federal,-34.5579741,-58.476185,40.0,31.0,1.0,,1,,,,18000.0,Alquiler Monoambiente a estrenar en Coghlan,,,0,0,0,0,0,0,0,0,0,0,0,0,0,0,0,0,0,0,0,0,0,0
remax,bc754ab3-c5be-46c8-a5cc-ea09219ba1f5,https://www.remax.com.ar/listings/alquiler-2-amb-nunez-con-patio-y-terraza-amueblado,2026-08-13T22:34:38+00:00,alquiler,ph,1100.0,USD,USD 1100.0,0.0,ARS,Cuba 3300,Cuba,3300,,nunez,Nuñez,13.0,Capital Federal,-34.5500273,-58.4644418,120.0,63.0,2.0,,1,,,,9.17,Alquiler 2 amb nuñez con patio y terraza amueblado,,,0,0,0,0,0,0,0,0,0,0,0,0,0,1,0,0,0,0,1,1,0,0
remax,bc6f59ef-5540-4e60-8664-001ed1e8b0f2,https://www.remax.com.ar/listings/alquiler-depto-3-ambientes-en-palermo,2026-08-13T22:34:38+00:00,alquiler,departamento_estandar,1100000.0,ARS,ARS 1100000.0,250000.0,ARS,General Lucio Norberto Mansilla 3900,General Lucio Norberto Mansilla,3900,,palermo,Palermo,14.0,Capital Federal,-34.588343,-58.4186282,70.0,70.0,3.0,,1,,,,15714.29,ALQUILER DEPTO 3 AMBIENTES EN PALERMO,,,0,0,0,0,0,0,0,0,0,0,0,0,0,0,0,0,0,0,0,0,0,0
remax,bc687d9f-f75e-4cb4-81ef-3a8b381d97a5,https://www.remax.com.ar/listings/alquiler-4-amb-urquiza,2026-08-13T22:34:38+00:00,alquiler,departamento_triplex,3000.0,USD,USD 3000.0,700000.0,ARS,Franklin Delano Roosevelt 5600,Franklin Delano Roosevelt,5600,,villa urquiza,Villa Urquiza,12.0,Capital Federal,-34.5767016,-58.4924716,231.52,160.0,4.0,,2,,,,12.96,ALQUILER 4 AMB URQUIZA,,,0,0,0,0,0,0,0,0,0,0,0,0,0,0,0,0,0,0,0,0,0,0
remax,bc5be6dd-9ff6-49b5-b361-6d60819e0290,https://www.remax.com.ar/listings/2-amb-al-frente-excelente-con-balcon-luminoso,2026-08-13T22:34:38+00:00,alquiler,departamento_estandar,750000.0,ARS,ARS 750000.0,120000.0,ARS,Valentín Virasoro 1500,Valentín Virasoro,1500,,villa crespo,Villa Crespo,15.0,Capital Federal,-34.6034073,-58.447484,46.0,41.0,2.0,,1,,,,16304.35,2 AMB AL FRENTE EXCELENTE CON BALCON LUMINOSO!!!,,,0,0,0,0,0,0,0,0,0,0,0,0,1,1,0,0,0,1,0,0,0,0
remax,bc50f00a-fb6f-456c-9759-fe04f95ecad1,https://www.remax.com.ar/listings/alquiler-duplex-2-ambientes-en-las-canitas,2026-08-13T22:34:38+00:00,alquiler,departamento_duplex,800.0,USD,USD 800.0,0.0,ARS,Ortega y Gasset 1700,Ortega y Gasset,1700,,palermo,Las Cañitas,14.0,Capital Federal,-34.5694343,-58.4317921,61.0,55.0,2.0,,1,,,,13.11,Alquiler Duplex 2 ambientes en Las Cañitas,,,0,0,0,0,0,0,0,0,0,0,0,0,0,0,0,0,0,0,0,0,0,0
remax,bc4e61ae-315e-4f77-bcfa-182f8cac3b2c,https://www.remax.com.ar/listings/depto-monoambiente-alquiler-balvanera-balcon-luz,2026-08-13T22:34:38+00:00,alquiler,departamento_estandar,550000.0,ARS,ARS 550000.0,89000.0,ARS,Deán Funes 600,Deán Funes,600,,balvanera,Balvanera,3.0,Capital Federal,-34.6185442,-58.406289,31.63,29.83,1.0,,1,,,,17388.56,Depto Monoambiente alquiler Balvanera Balcón luz,,,0,0,0,0,0,0,0,0,0,0,0,0,0,1,0,0,0,0,0,0,0,0
remax,bc44a861-b4ec-4870-84da-cd762f4a6218,https://www.remax.com.ar/listings/alquiler-monoambiente-en-boedo-bajas-expensas,2026-08-13T22:34:38+00:00,alquiler,departamento_monoambiente,550000.0,ARS,ARS 550000.0,53000.0,ARS,Avenida Boedo 200,Avenida Boedo,200,,almagro,Almagro,5.0,Capital Federal,-34.6149956,-58.4171394,19.0,19.0,1.0,,1,,,,28947.37,ALQUILER MONOAMBIENTE EN BOEDO BAJAS EXPENSAS,,,0,0,0,0,0,0,0,0,0,0,0,0,0,0,0,0,0,0,0,0,0,0
remax,bbd2f9f4-5de9-4bd4-a470-672d4a3e30eb,https://www.remax.com.ar/listings/alquiler-monoambiente-amplio-con-patio-en-pompeya,2026-08-13T22:34:41+00:00,alquiler,departamento_monoambiente,500000.0,ARS,ARS 500000.0,115000.0,ARS,Ventana 3800,Ventana,3800,,nueva pompeya,Nueva Pompeya,4.0,Capital Federal,-34.6505237,-58.4148725,54.08,30.09,1.0,,1,,,,9245.56,ALQUILER MONOAMBIENTE Amplio con Patio en Pompeya,,,0,0,0,0,0,0,0,0,0,0,0,0,0,0,0,0,0,0,0,1,0,0
remax,bbb45a35-8c6e-4bd4-9e35-110f191d3be3,https://www.remax.com.ar/listings/2-ambientes-al-frente-super-luminoso,2026-08-13T22:34:41+00:00,alquiler,departamento_estandar,650000.0,ARS,ARS 650000.0,160000.0,ARS,Avenida Rivadavia 5700,Avenida Rivadavia,5700,,caballito,Caballito,6.0,Capital Federal,-34.6223609,-58.4461421,46.0,42.0,2.0,,1,,,,14130.43,2 Ambientes al Frente | Súper Luminoso,,,0,0,0,0,0,0,0,0,0,0,0,0,1,0,0,0,0,1,0,0,0,0
remax,bb8955c8-ae53-4d33-bb6c-2cca66010835,https://www.remax.com.ar/listings/alquiler-en-quartier-juan-b-justo-2-ambientes,2026-08-13T22:34:41+00:00,alquiler,departamento_estandar,1400.0,USD,USD 1400.0,350000.0,ARS,Avenida Juan Bautista Justo 1000,Avenida Juan Bautista Justo,1000,,palermo,Palermo,14.0,Capital Federal,-34.5818367,-58.430608,53.0,50.0,2.0,,1,,,,26.42,ALQUILER EN QUARTIER JUAN B JUSTO 2 AMBIENTES,,,0,0,0,0,0,0,0,0,0,0,0,0,0,0,0,0,0,0,0,0,0,0
remax,bb7416ce-53da-41d8-b014-95a8a0f42a56,https://www.remax.com.ar/listings/alquiler-ph-3-ambientes-con-jardin-y-garage,2026-08-13T22:34:44+00:00,alquiler,ph,2000000.0,ARS,ARS 2000000.0,0.0,ARS,Víctor Hugo 1100,Víctor Hugo,1100,,villa luro,Villa Luro,10.0,Capital Federal,-34.6286044,-58.5117851,164.86,96.0,3.0,,1,1.0,,,12131.51,ALQUILER PH 3 AMBIENTES CON JARDIN Y GARAGE,,,0,0,0,0,0,0,0,0,0,1,0,0,0,0,0,0,0,0,0,1,0,0
remax,bb5e6da0-d073-41fb-9dbb-5523b3fe09d7,https://www.remax.com.ar/listings/alquiler-2-amb-super-luminoso-boedo-caballito,2026-08-13T22:34:44+00:00,alquiler,departamento_estandar,750000.0,ARS,ARS 750000.0,104000.0,ARS,José Mármol 800,José Mármol,800,,boedo,Boedo,5.0,Capital Federal,-34.6238674,-58.4244597,40.0,40.0,2.0,,1,,,,18750.0,Alquiler 2 AMB Super Luminoso Boedo/Caballito,,,0,0,0,0,0,0,0,0,0,0,0,0,1,0,0,0,0,0,0,0,0,0
remax,bb2dd168-2783-4573-b85a-b17dd933a16d,https://www.remax.com.ar/listings/en-alquiler-departamento-2-ambientes-saavedra,2026-08-13T22:34:44+00:00,alquiler,departamento_estandar,900000.0,ARS,ARS 900000.0,0.0,ARS,Avenida Doctor Ricardo Balbín 4000,Avenida Doctor Ricardo Balbín,4000,,saavedra,Saavedra,12.0,Capital Federal,-34.5547345,-58.4878662,50.0,45.0,2.0,,1,,,,18000.0,EN ALQUILER DEPARTAMENTO 2 AMBIENTES - SAAVEDRA,,,0,0,0,0,0,0,0,0,0,0,0,0,0,0,0,0,0,0,0,0,0,0
remax,bb111c28-b6f6-4332-9d49-5836fc11c768,https://www.remax.com.ar/listings/alquiler-departamento-con-patio-en-palermo,2026-08-13T22:34:44+00:00,alquiler,departamento_monoambiente,500000.0,ARS,ARS 500000.0,200000.0,ARS,Avenida Raúl Scalabrini Ortiz 2000,Avenida Raúl Scalabrini Ortiz,2000,,palermo,Palermo Soho,14.0,Capital Federal,-34.5878488,-58.4207911,41.91,32.53,1.0,,1,,,,11930.33,ALQUILER DEPARTAMENTO CON PATIO EN PALERMO,,,0,0,0,0,0,0,0,0,0,0,0,0,0,0,0,0,0,0,0,1,0,0
remax,baac3eef-37be-4d4e-ba91-2c35a32b8541,https://www.remax.com.ar/listings/alquier-depto-2-amb-recoleta-luminoso-y-soleado,2026-08-13T22:34:47+00:00,alquiler,departamento_estandar,650.0,USD,USD 650.0,180000.0,ARS,Ayacucho 2100,Ayacucho,2100,,recoleta,Recoleta,2.0,Capital Federal,-34.5863276,-58.3879988,43.77,41.86,2.0,,1,,,,14.85,Alquier depto 2 amb recoleta luminoso y soleado,,,0,0,0,0,0,0,0,0,0,0,0,0,1,0,0,0,0,0,0,0,0,0
remax,ba98ccdb-19a4-4815-a507-10678933b6c0,https://www.remax.com.ar/listings/petit-hotel-belle-epoque-recoleta-apto-corporativo,2026-08-13T22:34:47+00:00,alquiler,edificio,6500.0,USD,USD 6500.0,,ARS,Paraguay 1500,Paraguay,1500,,recoleta,Recoleta,2.0,Capital Federal,-34.59848988751,-58.389061689377,705.0,625.0,,,0,,,,9.22,Petit Hotel Belle Époque Recoleta Apto corporativo,,,0,0,0,0,0,0,0,0,0,0,0,0,0,0,0,0,0,0,0,0,0,0
remax,ba7586f6-9977-4158-9f12-349997109350,https://www.remax.com.ar/listings/departamento-alquiler-3-ambientes-retiro,2026-08-13T22:34:47+00:00,alquiler,departamento_estandar,950000.0,ARS,ARS 950000.0,180000.0,ARS,San Martín 900,San Martín,900,,retiro,Retiro,1.0,Capital Federal,-34.5969581,-58.3741868,59.0,59.0,3.0,,1,,,,16101.69,DEPARTAMENTO ALQUILER 3 AMBIENTES RETIRO,,,0,0,0,0,0,0,0,0,0,0,0,0,0,0,0,0,0,0,0,0,0,0
remax,ba33a7fd-6269-42e8-8a87-f11e7362e028,https://www.remax.com.ar/listings/depto-2-amb-c-balcon-v-devoto-en-alquiler,2026-08-13T22:34:47+00:00,alquiler,departamento_estandar,500.0,USD,USD 500.0,90000.0,ARS,Asunción 5000,Asunción,5000,,villa devoto,Villa Devoto,11.0,Capital Federal,-34.6090893,-58.5244005,41.7,38.1,2.0,,1,,,,11.99,DEPTO 2 AMB C/BALCON V.DEVOTO EN ALQUILER,,,0,0,0,0,0,0,0,0,0,0,0,0,0,1,0,0,0,0,0,0,0,0
remax,ba25d259-ab09-41ed-b4f8-af8d2ccedd33,https://www.remax.com.ar/listings/alquiler-3-ambientes-town-house-amenities-cochera,2026-08-13T22:34:47+00:00,alquiler,departamento_estandar,2290.0,USD,USD 2290.0,651000.0,ARS,Paraguay 4700,Paraguay,4700,,palermo,Palermo,14.0,Capital Federal,-34.5825682,-58.4267146,93.05,87.46,3.0,,2,1.0,,,24.61,ALQUILER 3 AMBIENTES TOWN HOUSE AMENITIES COCHERA,,,1,0,0,0,0,0,0,0,0,1,0,0,0,0,0,0,0,0,0,0,0,0
remax,b9f8a04b-1685-4ba9-8eb0-170c5d14cafd,https://www.remax.com.ar/listings/alquiler-oficina-apto-com-y-prof-palermo-caba-1,2026-08-13T22:34:47+00:00,alquiler,oficina,1150.0,USD,USD 1150.0,0.0,ARS,Guatemala 4200,Guatemala,4200,,palermo,Palermo,14.0,Capital Federal,-34.5893266,-58.4199909,100.0,100.0,,,1,,,,11.5,ALQUILER OFICINA APTO COM Y PROF PALERMO CABA,,,0,0,0,0,0,0,0,0,0,0,0,0,0,0,0,0,0,0,0,0,0,0
remax,b9cc6c4d-e26f-4772-a221-398081eb818c,https://www.remax.com.ar/listings/alquiler-departamento-2-ambientes-belgrano,2026-08-13T22:34:47+00:00,alquiler,departamento_estandar,680000.0,ARS,ARS 680000.0,125000.0,ARS,Doctor Pedro Ignacio Rivera 2900,Doctor Pedro Ignacio Rivera,2900,,belgrano,Belgrano,13.0,Capital Federal,-34.559835,-58.4664072,37.19,35.35,2.0,,1,,,,18284.49,ALQUILER DEPARTAMENTO 2 AMBIENTES BELGRANO,,,0,0,0,0,0,0,0,0,0,0,0,0,0,0,0,0,0,0,0,0,0,0
remax,b988aaea-1703-48c3-a8d2-572d6d3ac949,https://www.remax.com.ar/listings/alquiler-2-amb-palermo-hollywood-balcon-a-estrenar,2026-08-13T22:34:49+00:00,alquiler,departamento_estandar,750.0,USD,USD 750.0,0.0,ARS,Avenida Juan Bautista Justo 800,Avenida Juan Bautista Justo,800,,palermo,Palermo,14.0,Capital Federal,-34.580186,-58.428451,42.95,38.95,2.0,,1,,,,17.46,Alquiler 2 amb Palermo Hollywood Balcón a estrenar,,,0,0,0,0,0,0,0,0,0,0,0,0,0,1,0,0,0,0,0,0,0,0
remax,b97187fd-1593-484b-9701-45ffbeb733d8,https://www.remax.com.ar/listings/flores-3-ambientes-balcon-terraza-familiar,2026-08-13T22:34:49+00:00,alquiler,departamento_semipiso,1500000.0,ARS,ARS 1500000.0,250000.0,ARS,Avenida Carabobo 300,Avenida Carabobo,300,,flores,Flores,7.0,Capital Federal,-34.630716,-58.4549601,80.0,70.0,3.0,,2,,,,18750.0,FLORES - 3 ambientes balcon terraza FAMILIAR,,,0,0,0,0,0,0,0,0,0,0,0,0,0,1,0,0,0,0,0,0,0,0
remax,b955940e-1a0d-42cd-ace2-72ff3638f1a5,https://www.remax.com.ar/listings/3-ambientes-c-cochera-y-baulera-en-villa-devoto-1,2026-08-13T22:34:49+00:00,alquiler,departamento_estandar,1500000.0,ARS,ARS 1500000.0,300000.0,ARS,Mercedes 4300,Mercedes,4300,,villa devoto,Villa Devoto,11.0,Capital Federal,-34.5982971,-58.5147977,65.0,57.0,3.0,,1,1.0,,,23076.92,3 AMBIENTES C/ COCHERA Y BAULERA EN VILLA DEVOTO,,,0,0,0,0,0,0,0,0,0,1,1,0,0,0,0,0,0,0,0,0,0,0
remax,b94f5513-6911-483e-a6c1-8ec8bd3595e0,https://www.remax.com.ar/listings/alquiler-departamento-monoambiete-en-boedo,2026-08-13T22:34:49+00:00,alquiler,departamento_estandar,480000.0,ARS,ARS 480000.0,90000.0,ARS,Avenida Independencia 4000,Avenida Independencia,4000,,boedo,Boedo,5.0,Capital Federal,-34.621498,-58.4220001,26.0,26.0,1.0,,1,,,,18461.54,ALQUILER DEPARTAMENTO MONOAMBIETE EN BOEDO,,,0,0,0,0,0,0,0,0,0,0,0,0,0,0,0,0,0,0,0,0,0,0
remax,b94a53ea-01f2-45cf-9c8b-d9c1bfd1401a,https://www.remax.com.ar/listings/alquiler-monoambiente-en-pleno-caballito,2026-08-13T22:34:49+00:00,alquiler,departamento_monoambiente,600000.0,ARS,ARS 600000.0,50000.0,ARS,Hortiguera 400,Hortiguera,400,,caballito,Caballito Sur,6.0,Capital Federal,-34.6277892,-58.4450473,26.0,26.0,1.0,,1,,,,23076.92,ALQUILER MONOAMBIENTE EN PLENO CABALLITO,,,0,0,0,0,0,0,0,0,0,0,0,0,0,0,0,0,0,0,0,0,0,0
remax,b943b99d-a2cb-4939-925f-b8c0f1695954,https://www.remax.com.ar/listings/alquiler-monoambiente-puerto-madero-amoblado,2026-08-13T22:34:49+00:00,alquiler,departamento_estandar,990.0,USD,USD 990.0,330000.0,ARS,Avenida Ingeniero Huergo 400,Avenida Ingeniero Huergo,400,,puerto madero,Puerto Madero,1.0,Capital Federal,-34.6127275,-58.3671832,37.87,34.7,1.0,,1,,,,26.14,Alquiler Monoambiente Puerto Madero amoblado,,,0,0,0,0,0,0,0,0,0,0,0,0,0,0,0,0,0,0,1,0,0,0
remax,b9435dc9-0028-4e07-8de3-091b78d243f4,https://www.remax.com.ar/listings/alq-palermo-2-amb-terraza-cochera-amenities,2026-08-13T22:34:49+00:00,alquiler,departamento_estandar,1500000.0,ARS,ARS 1500000.0,294220.16,ARS,Soler 6000,Soler,6000,,palermo,Palermo,14.0,Capital Federal,-34.5770263,-58.4372728,70.95,44.2,2.0,,1,1.0,,,21141.65,ALQ/ PALERMO/ 2 AMB TERRAZA COCHERA/ AMENITIES,,,1,0,0,0,0,0,0,0,0,1,0,0,0,1,0,0,0,0,0,0,0,0
remax,b9425cb2-6fbf-4e5f-a3c6-345450cbdc41,https://www.remax.com.ar/listings/alq-depto-2-amb-v-crespo-balcon-amenities-p-alto,2026-08-13T22:34:49+00:00,alquiler,departamento_estandar,700000.0,ARS,ARS 700000.0,290000.0,ARS,Avenida Dorrego 800,Avenida Dorrego,800,,chacarita,Chacarita,15.0,Capital Federal,-34.5907341,-58.446757,40.0,37.0,2.0,,1,,,,17500.0,ALQ DEPTO 2 AMB V. CRESPO BALCON AMENITIES P ALTO,,,1,0,0,0,0,0,0,0,0,0,0,0,0,1,0,0,0,0,0,0,0,0
remax,b93cabf7-4bce-44b0-b12b-827da8f05857,https://www.remax.com.ar/listings/alquier-local-av-avelllaneda-flores,2026-08-13T22:34:49+00:00,alquiler,local,1250000.0,ARS,ARS 1250000.0,85000.0,ARS,Avenida Avellaneda 3900,Avenida Avellaneda,3900,,floresta,Floresta,10.0,Capital Federal,-34.6293169,-58.4838816,40.47,40.47,,,1,,,,30887.08,ALQUIER LOCAL AV AVELLLANEDA FLORES,,,0,0,0,0,0,0,0,0,0,0,0,0,0,0,0,0,0,0,0,0,0,0
remax,b93653b7-6bf2-4d38-ae5e-94c6ed2e86eb,https://www.remax.com.ar/listings/alquiler-departamento-loft-2-ambientes-barracas,2026-08-13T22:34:49+00:00,alquiler,departamento_loft,900000.0,ARS,ARS 900000.0,260000.0,ARS,Brandsen 1700,Brandsen,1700,,barracas,Barracas,4.0,Capital Federal,-34.6381158,-58.3757681,71.2,68.54,2.0,,1,,,,12640.45,ALQUILER DEPARTAMENTO LOFT 2 AMBIENTES BARRACAS,,,0,0,0,0,0,0,0,0,0,0,0,0,0,0,0,0,0,0,0,0,0,0
remax,b93189ff-9a0e-4692-8f4c-32f05e9515f7,https://www.remax.com.ar/listings/alquiler-monoambiente-almagro-acepta-mascota,2026-08-13T22:34:49+00:00,alquiler,departamento_monoambiente,300000.0,ARS,ARS 300000.0,87000.0,ARS,Yatay 0,Yatay,0,,almagro,Almagro,5.0,Capital Federal,-34.6135816,-58.4279359,23.0,23.0,1.0,,1,,,,13043.48,ALQUILER MONOAMBIENTE ALMAGRO ACEPTA MASCOTA,,,0,0,0,0,0,0,0,0,0,0,0,0,0,0,0,0,0,0,0,0,0,0
remax,b9283f06-fbd0-4a6c-86e3-8a3a39dc59b0,https://www.remax.com.ar/listings/alquiler-dpto-2-ambientes-en-villa-urquiza,2026-08-13T22:34:49+00:00,alquiler,departamento_estandar,850000.0,ARS,ARS 850000.0,179000.0,ARS,Avenida Monroe 5600,Avenida Monroe,5600,,villa urquiza,Villa Urquiza,12.0,Capital Federal,-34.5636648,-58.4686216,36.0,34.0,2.0,,1,,,,23611.11,ALQUILER DPTO 2 AMBIENTES EN VILLA URQUIZA,,,0,0,0,0,0,0,0,0,0,0,0,0,0,0,0,0,0,0,0,0,0,0
remax,b9261f59-7dad-4008-9598-23b634c50d73,https://www.remax.com.ar/listings/maximbiente-con-balcon-av-boedo,2026-08-13T22:34:49+00:00,alquiler,departamento_monoambiente,650000.0,ARS,ARS 650000.0,272000.0,ARS,Avenida Boedo 1500,Avenida Boedo,1500,,boedo,Boedo,5.0,Capital Federal,-34.6323134,-58.4162392,53.0,49.0,1.0,,1,,,,12264.15,MAXIMBIENTE CON BALCÓN Av. Boedo,,,0,0,0,0,0,0,0,0,0,0,0,0,0,1,0,0,0,0,0,0,0,0
remax,b90fc3d4-3986-48c4-a1eb-9be8e007d56b,https://www.remax.com.ar/listings/departamento-4-amb-alquiler-cochera-balcon-terraza,2026-08-13T22:34:49+00:00,alquiler,departamento_estandar,1700.0,USD,USD 1700.0,0.0,ARS,Arenales 800,Arenales,800,,retiro,Retiro,1.0,Capital Federal,-34.5941817,-58.3790262,199.0,168.0,5.0,,3,1.0,,,8.54,DEPARTAMENTO 4 AMB ALQUILER COCHERA BALCON TERRAZA,,,0,0,0,0,0,0,0,0,0,1,0,0,0,1,0,0,0,0,0,0,0,0
remax,b8fa44bb-9bdd-4616-a0ac-41dc15c30e37,https://www.remax.com.ar/listings/alquiler-monoambiente-a-metros-subte-a-almagro,2026-08-13T22:34:52+00:00,alquiler,departamento_monoambiente,500000.0,ARS,ARS 500000.0,210000.0,ARS,Castro Barros 300,Castro Barros,300,,almagro,Almagro,5.0,Capital Federal,-34.6163395,-58.4198212,32.0,32.0,1.0,,1,,,,15625.0,ALQUILER MONOAMBIENTE A METROS SUBTE A - ALMAGRO,,,0,0,0,0,0,0,0,0,0,0,0,0,0,0,0,0,0,0,0,0,0,0
remax,b8ae4519-acc9-40cc-ab22-b63addeb1483,https://www.remax.com.ar/listings/alquiler-casa-neocolonial-oficina-local-comercial,2026-08-13T22:34:52+00:00,alquiler,oficina,7000.0,USD,USD 7000.0,0.0,ARS,Arcos 3800,Arcos,3800,,nunez,Nuñez,13.0,Capital Federal,-34.5455182,-58.4663309,329.44,231.7,,,4,,,,21.25,Alquiler Casa Neocolonial-Oficina/Local comercial,,,0,0,0,0,0,0,0,0,0,0,0,0,0,0,0,0,0,0,0,0,0,0
remax,b8754492-9300-4dd7-a344-faeed6bbb946,https://www.remax.com.ar/listings/dpto-monoambiente-alquiler-caballito-c-amenities,2026-08-13T22:34:52+00:00,alquiler,departamento_monoambiente,750000.0,ARS,ARS 750000.0,164000.0,ARS,Avenida Leopoldo Marechal 800,Avenida Leopoldo Marechal,800,,caballito,Caballito,6.0,Capital Federal,-34.6080234,-58.4378757,40.0,32.0,1.0,,1,,,,18750.0,DPTO MONOAMBIENTE ALQUILER CABALLITO C/AMENITIES,,,1,0,0,0,0,0,0,0,0,0,0,0,0,0,0,0,0,0,0,0,0,0
remax,b860be9d-e8ac-4163-a552-41f0527a07cb,https://www.remax.com.ar/listings/alquiler-departamento-monoambiente-en-palermo-1,2026-08-13T22:34:52+00:00,alquiler,departamento_monoambiente,570000.0,ARS,ARS 570000.0,190000.0,ARS,Avenida Raúl Scalabrini Ortiz 1400,Avenida Raúl Scalabrini Ortiz,1400,,palermo,Palermo,14.0,Capital Federal,-34.5920741,-58.4264927,32.68,29.3,1.0,,1,,,,17441.86,ALQUILER Departamento Monoambiente en PALERMO,,,0,0,0,0,0,0,0,0,0,0,0,0,0,0,0,0,0,0,0,0,0,0
remax,b83fa6be-8614-4b92-bbc2-2c6b4b8cfff5,https://www.remax.com.ar/listings/alquiler-ph-de-3-amb-con-local-villa-mitre,2026-08-13T22:34:52+00:00,alquiler,ph,2500000.0,ARS,ARS 2500000.0,0.0,ARS,Avenida San Martín 3000,Avenida San Martín,3000,,villa gral. mitre,Villa General Mitre,11.0,Capital Federal,-34.6025473,-58.4669113,215.0,187.0,3.0,,3,,,,11627.91,ALQUILER PH DE 3 AMB CON LOCAL!!! Villa Mitre,,,0,0,0,0,0,0,0,0,0,0,0,0,0,0,0,0,0,0,0,0,0,0
remax,b8370705-4c93-4c34-a109-70a3486b24ed,https://www.remax.com.ar/listings/alquiler-monoambiente-nunez-estrenar-amenities,2026-08-13T22:34:52+00:00,alquiler,departamento_estandar,700000.0,ARS,ARS 700000.0,80000.0,ARS,Ruiz Huidobro 2300,Ruiz Huidobro,2300,,nunez,Nuñez,13.0,Capital Federal,-34.544165999397,-58.471160419285,34.0,30.0,1.0,,1,,,,20588.24,Alquiler monoambiente Nuñez estrenar amenities.,,,1,0,0,0,0,0,0,0,0,0,0,0,0,0,0,0,0,0,0,0,0,0
remax,b835c8da-a3a5-4f9b-940f-0c68fe37b7eb,https://www.remax.com.ar/listings/alquiler-mono-amoblado-palermo-amenities-sin-exp,2026-08-13T22:34:52+00:00,alquiler,departamento_estandar,1000000.0,ARS,ARS 1000000.0,283000.0,ARS,Ángel Justiniano Carranza 1300,Ángel Justiniano Carranza,1300,,palermo,Palermo,14.0,Capital Federal,-34.585715,-58.441687,46.6,36.6,1.0,,1,,,,21459.23,Alquiler Mono Amoblado Palermo Amenities Sin Exp,,,1,0,0,0,0,0,0,0,0,0,0,0,0,0,0,0,0,0,1,0,0,0
remax,b80b216f-be3b-4def-9bd7-021f21d145f6,https://www.remax.com.ar/listings/alq-depto-4-amb-en-recoleta-balcon-y-dependencia,2026-08-13T22:34:56+00:00,alquiler,departamento_estandar,1000.0,USD,USD 1000.0,530000.0,ARS,Avenida Presidente Quintana 200,Avenida Presidente Quintana,200,,recoleta,Recoleta,2.0,Capital Federal,-34.590121605685,-58.387491132958,87.0,80.0,4.0,,1,,,,11.49,ALQ DEPTO 4 AMB EN RECOLETA BALCON Y DEPENDENCIA,,,0,0,0,0,0,0,0,0,0,0,0,0,0,1,0,0,0,0,0,0,0,0
remax,b7f83b6b-77a2-477b-8c1a-cc6dba9af66c,https://www.remax.com.ar/listings/oficina-en-alquiler-san-nicolas,2026-08-13T22:34:56+00:00,alquiler,oficina,370000.0,ARS,ARS 370000.0,78000.0,ARS,Avenida Corrientes 1600,Avenida Corrientes,1600,,san nicolas,San Nicolás,1.0,Capital Federal,-34.6045181,-58.3903671,18.0,18.0,,,0,,,,20555.56,OFICINA EN ALQUILER SAN NICOLÁS,,,0,0,0,0,0,0,0,0,0,0,0,0,0,0,0,0,0,0,0,0,0,0
remax,b7c2da43-14ab-4876-9ed7-d9f94bad3323,https://www.remax.com.ar/listings/alq-dto-2-amb-c-balcon-pileta-y-garaje-47m2,2026-08-13T22:34:56+00:00,alquiler,departamento_estandar,1400000.0,ARS,ARS 1400000.0,0.0,ARS,Avenida Díaz Vélez 5500,Avenida Díaz Vélez,5500,,caballito,Caballito,6.0,Capital Federal,-34.6081971,-58.4440138,55.0,47.0,2.0,,1,,,,25454.55,ALQ. DTO 2 AMB C/BALCON PILETA Y GARAJE 47M2,,,1,1,0,0,0,0,0,0,0,0,0,0,0,1,0,0,0,0,0,0,0,0
remax,b7b53987-4bfd-4ae2-9ead-8d39b8cf2b5a,https://www.remax.com.ar/listings/alquiler-excelente-2-amb-en-recoleta,2026-08-13T22:34:56+00:00,alquiler,departamento_estandar,750000.0,ARS,ARS 750000.0,115000.0,ARS,Ayacucho 1500,Ayacucho,1500,,recoleta,Recoleta,2.0,Capital Federal,-34.5917131,-58.3935678,25.0,25.0,2.0,,1,,,,30000.0,Alquiler excelente 2 amb. en Recoleta,,,0,0,0,0,0,0,0,0,0,0,0,0,0,0,0,0,0,0,0,0,0,0
remax,b79504fa-5500-4941-a8b0-ea93ed14eb10,https://www.remax.com.ar/listings/alquiler-dto-2-amb-balcon-caballito,2026-08-13T22:34:56+00:00,alquiler,departamento_estandar,790000.0,ARS,ARS 790000.0,120000.0,ARS,Av Directorio 900,Av Directorio,900,,caballito,Caballito,6.0,Capital Federal,-34.628958774348,-58.441014289965,41.46,40.17,2.0,,1,,,,19054.51,Alquiler Dto 2 amb BALCÓN Caballito,,,0,0,0,0,0,0,0,0,0,0,0,0,0,1,0,0,0,0,0,0,0,0
remax,b787ac82-08ca-4ba0-88c0-fdc6851e6edc,https://www.remax.com.ar/listings/alquiler-depto-3-ambientes-en-nunez-con-amenities,2026-08-13T22:34:56+00:00,alquiler,departamento_estandar,1800000.0,ARS,ARS 1800000.0,260000.0,ARS,11 de Septiembre de 1888 4700,11 de Septiembre de 1888,4700,,nunez,Nuñez,13.0,Capital Federal,-34.5367822,-58.4676508,71.77,67.72,3.0,,2,,,,25080.12,Alquiler depto 3 ambientes en Nuñez con amenities,,,1,0,0,0,0,0,0,0,0,0,0,0,0,0,0,0,0,0,0,0,0,0
remax,b769ed70-2a32-4f6a-b28e-c5cd694433ee,https://www.remax.com.ar/listings/monoambiete-en-alquiler-parque-chas,2026-08-13T22:34:56+00:00,alquiler,departamento_monoambiente,600000.0,ARS,ARS 600000.0,99000.0,ARS,Arismendi 2400,Arismendi,2400,,parque chas,Parque Chas,15.0,Capital Federal,-34.5830169,-58.4741286,24.67,24.67,1.0,,1,,,,24321.04,"Monoambiete en alquiler, Parque Chas.",,,0,0,0,0,0,0,0,0,0,0,0,0,0,0,0,0,0,0,0,0,0,0
remax,b74943b9-1b12-44e2-bfd9-db771eeafa8b,https://www.remax.com.ar/listings/alquiler-oficina-chacarita,2026-08-13T22:34:56+00:00,alquiler,oficina,2500.0,USD,USD 2500.0,0.0,ARS,Fraga 500,Fraga,500,,chacarita,Chacarita,15.0,Capital Federal,-34.584729339895,-58.45298409462,200.0,200.0,,,2,,,,12.5,Alquiler Oficina Chacarita,,,0,0,0,0,0,0,0,0,0,0,0,0,0,0,0,0,0,0,0,0,0,0
remax,b72edda4-2d0f-40ca-acc0-25ab42fd4d70,https://www.remax.com.ar/listings/alquiler-4-amb-c-balcon-recoleta,2026-08-13T22:34:59+00:00,alquiler,departamento_estandar,1300.0,USD,USD 1300.0,0.0,ARS,Avenida Callao 1400,Avenida Callao,1400,,recoleta,Recoleta,2.0,Capital Federal,-34.5921058,-58.3920774,109.36,104.1,4.0,,2,,,,11.89,ALQUILER 4 AMB C/BALCON RECOLETA,,,0,0,0,0,0,0,0,0,0,0,0,0,0,1,0,0,0,0,0,0,0,0
remax,b72c959d-9099-470c-a553-0c79534145cb,https://www.remax.com.ar/listings/monoambiente-alquiler-flores-balcon-apto-prof,2026-08-13T22:34:59+00:00,alquiler,departamento_monoambiente,700000.0,ARS,ARS 700000.0,127600.0,ARS,Granaderos 0,Granaderos,0,,flores,Flores,7.0,Capital Federal,-34.626856,-58.459125,40.08,37.36,1.0,,1,,,,17465.07,MONOAMBIENTE ALQUILER FLORES BALCON APTO PROF.,,,0,0,0,0,0,0,0,0,0,0,0,0,0,1,0,0,0,0,0,0,0,0
remax,b710c3a2-c4a5-4e3e-a6e5-7bbefcdfe5b8,https://www.remax.com.ar/listings/alquiler-mono-terraza-cochera-amenities-palermo,2026-08-13T22:34:59+00:00,alquiler,departamento_monoambiente,860000.0,ARS,ARS 860000.0,290000.0,ARS,Concepción Arenal 3400,Concepción Arenal,3400,,palermo,Palermo,14.0,Capital Federal,-34.5833717,-58.4459874,72.49,36.0,1.0,,1,1.0,,,11863.71,Alquiler Mono. Terraza/Cochera. Amenities. Palermo,,,1,0,0,0,0,0,0,0,0,1,0,0,0,1,0,0,0,0,0,0,0,0
remax,b7106efc-6f9e-4e0f-aff6-312050e05415,https://www.remax.com.ar/listings/alquiler-2-amb-con-amenities-palermo-hollywood,2026-08-13T22:34:59+00:00,alquiler,departamento_estandar,1200000.0,ARS,ARS 1200000.0,250000.0,ARS,Ciudad de la Paz 100,Ciudad de la Paz,100,,palermo,Palermo,14.0,Capital Federal,-34.5754289,-58.4396458,56.0,56.0,2.0,,1,,,,21428.57,Alquiler 2 Amb con amenities PALERMO HOLLYWOOD,,,1,0,0,0,0,0,0,0,0,0,0,0,0,0,0,0,0,0,0,0,0,0
remax,b70115ae-b33d-4573-adfe-b0e5af31d8b5,https://www.remax.com.ar/listings/alquiler-2-ambientes-con-cochera,2026-08-13T22:34:59+00:00,alquiler,departamento_estandar,1600.0,USD,USD 1600.0,542910.0,ARS,Concepción Arenal 2900,Concepción Arenal,2900,,colegiales,Colegiales,13.0,Capital Federal,-34.5786419,-58.4425382,54.45,49.3,2.0,,1,1.0,,,29.38,ALQUILER 2 AMBIENTES CON COCHERA,,,0,0,0,0,0,0,0,0,0,1,0,0,0,0,0,0,0,0,0,0,0,0
remax,b6fcf8c4-3162-44da-ae76-46e670ba52b6,https://www.remax.com.ar/listings/depto-de-2-ambientes-refaccionado-alquiler-palermo,2026-08-13T22:34:59+00:00,alquiler,departamento_estandar,800000.0,ARS,ARS 800000.0,123000.0,ARS,Julián Álvarez 2700,Julián Álvarez,2700,,palermo,Palermo,14.0,Capital Federal,-34.5847104,-58.4120957,42.53,39.64,2.0,,1,,,,18810.25,Depto de 2 ambientes refaccionado ALQUILER Palermo,,,0,0,0,0,0,0,0,0,0,0,0,0,0,0,0,1,0,0,0,0,0,0
remax,b6fa88e5-d6c1-429a-ae74-b9f12017f977,https://www.remax.com.ar/listings/alquiler-2-amb-flores,2026-08-13T22:34:59+00:00,alquiler,departamento_estandar,650000.0,ARS,ARS 650000.0,120000.0,ARS,Doctor Juan Felipe Aranguren 2900,Doctor Juan Felipe Aranguren,2900,,flores,Flores,7.0,Capital Federal,-34.6225704,-58.463789,43.432,43.432,2.0,,1,,,,14965.92,ALQUILER 2 AMB FLORES,,,0,0,0,0,0,0,0,0,0,0,0,0,0,0,0,0,0,0,0,0,0,0
remax,b6f8e7b6-acb8-4196-b71c-41426a139a71,https://www.remax.com.ar/listings/alquiler-departamento-5-amb-las-canitas-cochera,2026-08-13T22:34:59+00:00,alquiler,departamento_estandar,2000.0,USD,USD 2000.0,470000.0,ARS,Migueletes 1000,Migueletes,1000,,palermo,Las Cañitas,14.0,Capital Federal,-34.5646197,-58.4368277,117.19,106.78,5.0,,2,1.0,,,17.07,Alquiler Departamento 5 amb Las Cañitas Cochera,,,0,0,0,0,0,0,0,0,0,1,0,0,0,0,0,0,0,0,0,0,0,0
remax,b6f88935-78b7-4539-932e-44b017114171,https://www.remax.com.ar/listings/oficina-en-chacarita,2026-08-13T22:34:59+00:00,alquiler,oficina,500000.0,ARS,ARS 500000.0,177000.0,ARS,Avenida Córdoba 6000,Avenida Córdoba,6000,,chacarita,Chacarita,15.0,Capital Federal,-34.5846946,-58.4449723,20.25,20.25,1.0,,1,,,,24691.36,OFICINA EN CHACARITA,,,0,0,0,0,0,0,0,0,0,0,0,0,0,0,0,0,0,0,0,0,0,0
remax,b6f27a22-9f9e-4b62-be0c-d0e25c44d538,https://www.remax.com.ar/listings/alquiler-1-amb-c-balcon-luminoso-belgrano,2026-08-13T22:34:59+00:00,alquiler,departamento_monoambiente,690000.0,ARS,ARS 690000.0,177000.0,ARS,Vidal 2300,Vidal,2300,,belgrano,Belgrano,13.0,Capital Federal,-34.561761123132,-58.462073376528,30.0,23.5,1.0,,1,,,,23000.0,ALQUILER 1 AMB C/BALCÓN- LUMINOSO - BELGRANO,,,0,0,0,0,0,0,0,0,0,0,0,0,1,1,0,0,0,0,0,0,0,0
remax,b6ec2ae0-3d00-48de-bf44-33048a6127e1,https://www.remax.com.ar/listings/deposito-en-alquiler-barracas-590m2-exc-ubicacion,2026-08-13T22:34:59+00:00,alquiler,deposito,2900000.0,ARS,ARS 2900000.0,0.0,ARS,Bariloche 3000,Bariloche,3000,,barracas,Barracas,4.0,Capital Federal,-34.6489304,-58.3906232,590.0,540.0,,,0,,,,4915.25,Depósito en alquiler Barracas 590m2 exc ubicacion,,,0,0,0,0,0,0,0,0,0,0,0,0,0,0,0,0,0,0,0,0,0,0
remax,b6cdab82-e900-4ab4-b7ba-05cb61ea89a3,https://www.remax.com.ar/listings/alq-2-amb-c-patio-y-parrilla-en-almagro,2026-08-13T22:34:59+00:00,alquiler,departamento_estandar,850000.0,ARS,ARS 850000.0,154000.0,ARS,Gascon 100,Gascon,100,,almagro,Almagro,5.0,Capital Federal,-34.610434589635,-58.424418568611,90.0,42.0,2.0,,1,,,,9444.44,ALQ 2 AMB C/PATIO y PARRILLA en ALMAGRO,,,0,0,1,0,0,0,0,0,0,0,0,0,0,0,0,0,0,0,0,1,0,0
remax,b6868628-6d70-4b99-a723-e2415bb7deaa,https://www.remax.com.ar/listings/departamento-en-alquiler-dos-amb-c-balcon-flores,2026-08-13T22:35:02+00:00,alquiler,departamento_estandar,850000.0,ARS,ARS 850000.0,90000.0,ARS,Yerbal 2100,Yerbal,2100,,flores,Flores,7.0,Capital Federal,-34.6265345,-58.4602196,44.0,44.0,2.0,,1,,,,19318.18,departamento en alquiler dos amb. c. balcon Flores,,,0,0,0,0,0,0,0,0,0,0,0,0,0,1,0,0,0,0,0,0,0,0
remax,b653045e-a283-4dba-9496-b9ce2789b1b6,https://www.remax.com.ar/listings/ph-2amb-sin-expensas-flores,2026-08-13T22:35:02+00:00,alquiler,ph,800000.0,ARS,ARS 800000.0,0.0,ARS,Condarco 900,Condarco,900,,flores,Flores,7.0,Capital Federal,-34.6210643,-58.4706439,51.0,51.0,2.0,,1,,,,15686.27,PH 2AMB Sin Expensas FLORES,,,0,0,0,0,0,0,0,0,0,0,0,0,0,0,0,0,0,0,0,0,0,0
remax,b63f6d08-373d-4d3d-bbae-53c3526b74cc,https://www.remax.com.ar/listings/alquiler-monoambiente-impecable-en-excelente-zona,2026-08-13T22:35:02+00:00,alquiler,departamento_monoambiente,550000.0,ARS,ARS 550000.0,180000.0,ARS,Alfredo R. Bufano 1000,Alfredo R. Bufano,1000,,flores,Flores,7.0,Capital Federal,-34.6183735,-58.4677054,26.0,26.0,1.0,,1,,,,21153.85,ALQUILER MONOAMBIENTE IMPECABLE EN EXCELENTE ZONA,,,0,0,0,0,0,0,0,0,0,0,0,0,0,0,0,0,0,0,0,0,0,0
remax,b62c4919-5d45-4f8b-80b2-b7d4b9c9cd08,https://www.remax.com.ar/listings/alquiler-departamento-3-ambientes,2026-08-13T22:35:02+00:00,alquiler,departamento_estandar,760000.0,ARS,ARS 760000.0,285000.0,ARS,Avenida Callao 500,Avenida Callao,500,,san nicolas,San Nicolás,1.0,Capital Federal,-34.6027604,-58.3923306,80.0,80.0,3.0,,1,,,,9500.0,Alquiler Departamento 3 ambientes,,,0,0,0,0,0,0,0,0,0,0,0,0,0,0,0,0,0,0,0,0,0,0
remax,b5fca967-7402-41fd-aa7f-b5c12c67b47b,https://www.remax.com.ar/listings/alquiler-departamento-2-ambientes-villa-del-parque,2026-08-13T22:35:02+00:00,alquiler,departamento_estandar,750000.0,ARS,ARS 750000.0,186200.0,ARS,Nazarre 2600,Nazarre,2600,,villa del parque,Villa del Parque,11.0,Capital Federal,-34.5980704,-58.4880522,45.0,42.0,2.0,,1,,,,16666.67,Alquiler Departamento 2 ambientes Villa Del Parque,,,0,0,0,0,0,0,0,0,0,0,0,0,0,0,0,0,0,0,0,0,0,0
remax,b5f49710-1558-432b-80a9-2b95d138f310,https://www.remax.com.ar/listings/alquiler-oficina-con-local-deposito-villa-ortuzar,2026-08-13T22:35:02+00:00,alquiler,oficina,4500000.0,ARS,ARS 4500000.0,0.0,ARS,Guevara 1500,Guevara,1500,,villa ortuzar,Villa Ortuzar,15.0,Capital Federal,-34.5840182,-58.4655741,223.0,208.0,2.0,,4,,,,20179.37,Alquiler Oficina con Local/Deposito Villa Ortuzar,,,0,0,0,0,0,0,0,0,0,0,0,0,0,0,0,0,0,0,0,0,0,0
remax,b58d3050-7029-4613-bb54-e6dde3182e93,https://www.remax.com.ar/listings/alquiler-mono-av-belgrano-2381-piso-8,2026-08-13T22:35:05+00:00,alquiler,departamento_estandar,400000.0,ARS,ARS 400000.0,176000.0,ARS,Avenida Belgrano 2300,Avenida Belgrano,2300,,balvanera,Balvanera,3.0,Capital Federal,-34.6141876,-58.3998392,23.74,23.74,1.0,,1,,,,16849.2,Alquiler Mono Av. Belgrano 2381 piso 8°,,,0,0,0,0,0,0,0,0,0,0,0,0,0,0,0,0,0,0,0,0,0,0
remax,b589b2d7-8ab1-4d2e-addd-a255d48d505b,https://www.remax.com.ar/listings/alquiler-comercial-ph-parque-parrilla-sin-expensas,2026-08-13T22:35:05+00:00,alquiler,ph,2990.0,USD,USD 2990.0,0.0,ARS,Nazarre 3300,Nazarre,3300,,villa del parque,Villa del Parque,11.0,Capital Federal,-34.603364,-58.4963839,268.0,200.0,6.0,,2,,,,11.16,ALQUILER COMERCIAL PH PARQUE PARRILLA SIN EXPENSAS,,,0,0,1,0,0,0,0,0,0,0,0,0,0,0,0,0,0,0,0,0,0,0
remax,b5549f6d-f530-49de-9085-52099473829b,https://www.remax.com.ar/listings/alquiler-4-ambientes-congreso,2026-08-13T22:35:05+00:00,alquiler,departamento_piso,1100000.0,ARS,ARS 1100000.0,70000.0,ARS,Sarandí 300,Sarandí,300,,balvanera,Congreso,3.0,Capital Federal,-34.6132386,-58.3946174,133.0,130.0,4.0,,2,,,,8270.68,ALQUILER 4 AMBIENTES CONGRESO,,,0,0,0,0,0,0,0,0,0,0,0,0,0,0,0,0,0,0,0,0,0,0
remax,b5496191-6e06-4d7e-80c8-260e2436935f,https://www.remax.com.ar/listings/alq-oficina-80m2-en-palermo-hollywood-a-estrenar,2026-08-13T22:35:05+00:00,alquiler,oficina,2000.0,USD,USD 2000.0,,ARS,Juan B Justo 1500,Juan B Justo,1500,,palermo,Palermo Hollywood,14.0,Capital Federal,-34.585259674082,-58.434994238362,72.0,65.5,,,1,,,,27.78,ALQ OFICINA 80M2 EN PALERMO HOLLYWOOD A ESTRENAR,,,0,0,0,0,0,0,0,0,0,0,0,0,0,0,0,0,0,0,0,0,0,0
remax,b4bf5537-d65e-4e48-9e4c-948abb8f19ab,https://www.remax.com.ar/listings/imperdible-dpto-de-dos-ambientes-en-caballito,2026-08-13T22:35:08+00:00,alquiler,departamento_estandar,750000.0,ARS,ARS 750000.0,96000.0,ARS,Avenida José María Moreno 200,Avenida José María Moreno,200,,caballito,Caballito,6.0,Capital Federal,-34.620827671327,-58.435411308892,35.2,35.2,2.0,,1,,,,21306.82,Imperdible dpto. de Dos ambientes en Caballito,,,0,0,0,0,0,0,0,0,0,0,0,0,0,0,0,0,0,0,0,0,0,0
remax,b489cf51-e580-48de-9f67-6165c5285538,https://www.remax.com.ar/listings/oficina-comercial-alquiler-en-san-nicolas,2026-08-13T22:35:08+00:00,alquiler,oficina,299000.0,ARS,ARS 299000.0,290000.0,ARS,Reconquista 300,Reconquista,300,,san nicolas,San Nicolás,1.0,Capital Federal,-34.6035276,-58.3722034,45.0,45.0,,,0,,,,6644.44,"OFICINA COMERCIAL, ALQUILER EN SAN NICOLAS",,,0,0,0,0,0,0,0,0,0,0,0,0,0,0,0,0,0,0,0,0,0,0
remax,b46bdfdf-1f05-4984-8618-640dbaab4bdf,https://www.remax.com.ar/listings/alquiler-local-comercial-65m2-caballito,2026-08-13T22:35:08+00:00,alquiler,local,800000.0,ARS,ARS 800000.0,80000.0,ARS,Avenida Acoyte 100,Avenida Acoyte,100,,caballito,Caballito,6.0,Capital Federal,-34.6171172,-58.4378915,65.0,65.0,,,0,,,,12307.69,ALQUILER LOCAL COMERCIAL 65M2 CABALLITO,,,0,0,0,0,0,0,0,0,0,0,0,0,0,0,0,0,0,0,0,0,0,0
remax,b46a1096-1ce6-456a-a4f4-be4904341915,https://www.remax.com.ar/listings/alquiler-3-ambientes-con-balcon-al-frente-palermo,2026-08-13T22:35:08+00:00,alquiler,departamento_estandar,800000.0,ARS,ARS 800000.0,200000.0,ARS,Mario Bravo 1000,Mario Bravo,1000,,palermo,Palermo,14.0,Capital Federal,-34.5976795,-58.4161097,53.88,48.0,3.0,,1,,,,14847.81,ALQUILER| 3 Ambientes con Balcón al Frente Palermo,,,0,0,0,0,0,0,0,0,0,0,0,0,0,1,0,0,0,1,0,0,0,0
remax,b44440ca-f483-48a7-b5bd-e2721d987555,https://www.remax.com.ar/listings/alquiler-dpto-2-ambientes-con-balcon-monserrat,2026-08-13T22:35:08+00:00,alquiler,departamento_estandar,570000.0,ARS,ARS 570000.0,150000.0,ARS,Avenida Belgrano 200,Avenida Belgrano,200,,monserrat,Monserrat,1.0,Capital Federal,-34.6121096,-58.3697712,50.0,45.0,2.0,,1,,,,11400.0,ALQUILER DPTO. 2 AMBIENTES CON BALCON MONSERRAT,,,0,0,0,0,0,0,0,0,0,0,0,0,0,1,0,0,0,0,0,0,0,0
remax,b41d4762-12a1-4344-8a41-e588cab38217,https://www.remax.com.ar/listings/semipis0-4-amb-alquiler-rep-a-siria-3100-palermo,2026-08-13T22:35:11+00:00,alquiler,departamento_semipiso,1500.0,USD,USD 1500.0,290000.0,ARS,República Árabe Siria 3100,República Árabe Siria,3100,,palermo,Palermo,14.0,Capital Federal,-34.579630822929,-58.412868976593,92.4,84.32,4.0,,1,,,,16.23,SEMIPIS0 4 AMB ALQUILER REP A SIRIA 3100 PALERMO,,,0,0,0,0,0,0,0,0,0,0,0,0,0,0,0,0,0,0,0,0,0,0
remax,b4007501-4c8c-4ceb-99a4-1db4c46d1ae1,https://www.remax.com.ar/listings/alquiler-colegiales-2-ambientes,2026-08-13T22:35:11+00:00,alquiler,departamento_estandar,895000.0,ARS,ARS 895000.0,150000.0,ARS,Virrey Olaguer y Feliú 3400,Virrey Olaguer y Feliú,3400,,colegiales,Colegiales,13.0,Capital Federal,-34.5760543,-58.4590382,50.0,50.0,2.0,,1,,,,17900.0,Alquiler COLEGIALES 2 ambientes,,,0,0,0,0,0,0,0,0,0,0,0,0,0,0,0,0,0,0,0,0,0,0
remax,b3dd751f-8be1-486b-91f3-5678809330d8,https://www.remax.com.ar/listings/alquiler-monoambiente-c-balcon-a-estrenar-palermo,2026-08-13T22:35:11+00:00,alquiler,departamento_estandar,900000.0,ARS,ARS 900000.0,120000.0,ARS,José Antonio Cabrera 5800,José Antonio Cabrera,5800,,palermo,Palermo,14.0,Capital Federal,-34.583627818143,-58.44089269769,47.0,35.0,1.0,,1,,,,19148.94,ALQUILER MONOAMBIENTE C/BALCÓN A ESTRENAR PALERMO,,,0,0,0,0,0,0,0,0,0,0,0,0,0,1,0,0,0,0,0,0,0,0
remax,b3dbcbdc-d81c-4fa3-a7d9-636f12572692,https://www.remax.com.ar/listings/alquiler-ideal-oficinas-consultorios-palermo,2026-08-13T22:35:11+00:00,alquiler,departamento_estandar,1400000.0,ARS,ARS 1400000.0,625000.0,ARS,Raúl Scalabrini Ortiz 3300,Raúl Scalabrini Ortiz,3300,,palermo,Palermo,14.0,Capital Federal,-34.5784238,-58.408781,117.81,111.99,5.0,,2,,,,11883.54,ALQUILER ideal OFICINAS/CONSULTORIOS Palermo,,,0,0,0,0,0,0,0,0,0,0,0,0,0,0,0,0,0,0,0,0,0,0
remax,b3c2e0a0-527f-4e60-9868-a5cea5a8af37,https://www.remax.com.ar/listings/propiedad-para-uso-comercial-en-alquiler,2026-08-13T22:35:11+00:00,alquiler,local,6000.0,USD,USD 6000.0,,ARS,Soler 4800,Soler,4800,,palermo,Palermo Soho,14.0,Capital Federal,-34.5856964,-58.4266483,307.3,239.0,7.0,,2,,,,19.52,PROPIEDAD PARA USO COMERCIAL EN ALQUILER,,,0,0,0,0,0,0,0,0,0,0,0,0,0,0,0,0,0,0,0,0,0,0
remax,b39750ac-8cf7-40d4-a81a-1727384d6e85,https://www.remax.com.ar/listings/2-amb-alquiler-quartier-del-bajo-piso-31-full-amen,2026-08-13T22:35:11+00:00,alquiler,departamento_estandar,1200.0,USD,USD 1200.0,350000.0,ARS,Avenida Ingeniero Huergo 500,Avenida Ingeniero Huergo,500,,monserrat,Monserrat,1.0,Capital Federal,-34.6139333,-58.367261,58.0,50.0,2.0,,1,,,,20.69,2 AMB ALQUILER QUARTIER DEL BAJO PISO 31 FULL AMEN,,,0,0,0,0,0,0,0,0,0,0,0,0,0,0,0,0,0,0,0,0,0,0
remax,b375ab5a-15b2-4949-b95e-8fed82c3dae4,https://www.remax.com.ar/listings/alquiler-dpto-2-ambientes-monserrat,2026-08-13T22:35:14+00:00,alquiler,departamento_estandar,550000.0,ARS,ARS 550000.0,215000.0,ARS,Solís 600,Solís,600,,monserrat,Monserrat,1.0,Capital Federal,-34.6160666,-58.3906621,42.0,42.0,2.0,,1,,,,13095.24,ALQUILER DPTO 2 AMBIENTES. MONSERRAT,,,0,0,0,0,0,0,0,0,0,0,0,0,0,0,0,0,0,0,0,0,0,0
remax,b36ee9e5-b71f-4ae3-87ad-31f79ee6b0e6,https://www.remax.com.ar/listings/dpto-2-ambientes-en-alquiler-en-caballito,2026-08-13T22:35:14+00:00,alquiler,departamento_estandar,680000.0,ARS,ARS 680000.0,76000.0,ARS,Rosario 400,Rosario,400,,caballito,Caballito,6.0,Capital Federal,-34.6192665,-58.4351196,28.31,28.31,2.0,,1,,,,24019.78,Dpto 2 ambientes en alquiler en Caballito,,,0,0,0,0,0,0,0,0,0,0,0,0,0,0,0,0,0,0,0,0,0,0
remax,b36d193f-1ae0-4452-a6f1-bfca13e49933,https://www.remax.com.ar/listings/alquiler-monoambiente-en-recoleta,2026-08-13T22:35:14+00:00,alquiler,departamento_monoambiente,650000.0,ARS,ARS 650000.0,250000.0,ARS,Juncal 2200,Juncal,2200,,recoleta,Recoleta,2.0,Capital Federal,-34.5923691,-58.398757,25.21,25.21,1.0,,1,,,,25783.42,ALQUILER MONOAMBIENTE EN RECOLETA,,,0,0,0,0,0,0,0,0,0,0,0,0,0,0,0,0,0,0,0,0,0,0
remax,b35c3e2b-d7f4-4e5e-b170-62acec320f8e,https://www.remax.com.ar/listings/alquiler-departamento-2-amb-40-m2-flores-norte,2026-08-13T22:35:14+00:00,alquiler,departamento_estandar,670000.0,ARS,ARS 670000.0,82000.0,ARS,Granaderos 800,Granaderos,800,,flores,Flores,7.0,Capital Federal,-34.617831,-58.4636199,40.44,40.44,2.0,,1,,,,16567.75,ALQUILER DEPARTAMENTO 2 AMB 40 m2 FLORES NORTE,,,0,0,0,0,0,0,0,0,0,0,0,0,0,0,0,0,0,0,0,0,0,0
remax,b3549aa4-aeaf-4f03-9cae-66f4ccd6b63d,https://www.remax.com.ar/listings/alquiler-depto-3-amb-con-balcon-terraza-belgrano,2026-08-13T22:35:14+00:00,alquiler,departamento_semipiso,1400000.0,ARS,ARS 1400000.0,225000.0,ARS,Soldado de la Independencia 1300,Soldado de la Independencia,1300,,palermo,Palermo,14.0,Capital Federal,-34.5634121,-58.4412421,72.0,60.0,3.0,,1,,,,19444.44,ALQUILER Depto 3 Amb con Balcon terraza Belgrano,,,0,0,0,0,0,0,0,0,0,0,0,0,0,1,0,0,0,0,0,0,0,0
remax,b3471b00-173d-441e-ae87-bc2665f58e5e,https://www.remax.com.ar/listings/increible-oportunidad-en-el-corazon-de-microcentro,2026-08-13T22:35:14+00:00,alquiler,oficina,1500.0,USD,USD 1500.0,,ARS,Avenida Presidente Roque Sáenz Peña 500,Avenida Presidente Roque Sáenz Peña,500,,san nicolas,San Nicolás,1.0,Capital Federal,-34.6074135,-58.3741577,500.0,500.0,,,3,,,,3.0,Increíble oportunidad en el corazón de Microcentro,,,0,0,0,0,0,0,0,0,0,0,0,0,0,0,0,0,0,0,0,0,0,0
remax,b3263778-b5dc-461d-bb41-c2144d127f3b,https://www.remax.com.ar/listings/departamento-2-ambientes-en-alquiler-villa-urquiza,2026-08-13T22:35:14+00:00,alquiler,departamento_estandar,850000.0,ARS,ARS 850000.0,187000.0,ARS,Ceretti 2300,Ceretti,2300,,villa urquiza,Villa Urquiza,12.0,Capital Federal,-34.5787041,-58.4929703,42.15,39.66,2.0,,1,,,,20166.07,DEPARTAMENTO 2 AMBIENTES EN ALQUILER VILLA URQUIZA,,,0,0,0,0,0,0,0,0,0,0,0,0,0,0,0,0,0,0,0,0,0,0
remax,b308bd66-e9d2-4d9f-98fb-8aaffc5bdfd1,https://www.remax.com.ar/listings/alquiler-amoblado-arevalo-1400-palermo-hollywood,2026-08-13T22:35:14+00:00,alquiler,departamento_estandar,900.0,USD,USD 900.0,180000.0,ARS,Arévalo 1400,Arévalo,1400,,palermo,Palermo,14.0,Capital Federal,-34.583759,-58.4438341,53.3,46.41,2.0,,1,,,,16.89,ALQUILER AMOBLADO – ARÉVALO 1400 PALERMO HOLLYWOOD,,,0,0,0,0,0,0,0,0,0,0,0,0,0,0,0,0,0,0,1,0,0,0
remax,b2fcb43d-00d5-4d10-81e0-19aad15aa779,https://www.remax.com.ar/listings/alq-2-ambi-con-muebles-seguridad-y-amenities-1,2026-08-13T22:35:14+00:00,alquiler,departamento_estandar,950000.0,ARS,ARS 950000.0,350000.0,ARS,Avenida Paseo Colón 1100,Avenida Paseo Colón,1100,,san telmo,San Telmo,1.0,Capital Federal,-34.6207722,-58.3679351,65.0,60.0,2.0,,1,,,,14615.38,ALQ 2 AMBI CON MUEBLES - SEGURIDAD Y AMENITIES,,,1,0,0,0,0,0,0,0,0,0,0,0,0,0,0,0,0,0,0,0,0,0
remax,b2fbefe8-0508-4a13-aa27-91a2fd83f5bd,https://www.remax.com.ar/listings/balvanera-monoambiente-conex-lavarropas,2026-08-13T22:35:14+00:00,alquiler,departamento_monoambiente,550000.0,ARS,ARS 550000.0,200000.0,ARS,Estados Unidos 3200,Estados Unidos,3200,,balvanera,Balvanera,3.0,Capital Federal,-34.6216921,-58.4110807,33.0,30.0,1.0,,1,,,,16666.67,Balvanera - Monoambiente conex Lavarropas,,,0,0,0,0,0,0,0,0,0,0,0,0,0,0,0,0,0,0,0,0,0,0
remax,b2c886d8-c87f-4156-9d92-4ef9fe470332,https://www.remax.com.ar/listings/amplio-3-ambientes-contra-frente-en-recoleta-1,2026-08-13T22:35:14+00:00,alquiler,departamento_estandar,1300000.0,ARS,ARS 1300000.0,600000.0,ARS,Juncal 1300,Juncal,1300,,recoleta,Recoleta,2.0,Capital Federal,-34.5929103,-58.3870326,88.0,87.0,3.0,,2,,,,14772.73,Amplio 3 Ambientes contra-frente en Recoleta.,,,0,0,0,0,0,0,0,0,0,0,0,0,0,0,0,0,0,0,0,0,0,0
remax,b2c42b78-3664-4efb-b7c8-81f4bc4f4056,https://www.remax.com.ar/listings/alquiler-depto-3-amb-con-balcon-cochera-caballito,2026-08-13T22:35:14+00:00,alquiler,departamento_estandar,1550000.0,ARS,ARS 1550000.0,120000.0,ARS,Otamendi 500,Otamendi,500,,caballito,Caballito,6.0,Capital Federal,-34.609952325964,-58.434079885483,70.0,61.36,3.0,,2,1.0,,,22142.86,Alquiler depto 3 amb con balcon cochera Caballito,,,0,0,0,0,0,0,0,0,0,1,0,0,0,1,0,0,0,0,0,0,0,0
remax,b2ae6744-79f3-4663-81ff-4d4cd7a9fe4b,https://www.remax.com.ar/listings/departamento-en-alquiler-monoambiente-san-nicolas,2026-08-13T22:35:14+00:00,alquiler,departamento_estandar,395000.0,ARS,ARS 395000.0,135000.0,ARS,Sarmiento 1200,Sarmiento,1200,,san nicolas,San Nicolás,1.0,Capital Federal,-34.6050792,-58.3847365,20.94,20.94,1.0,,1,,,,18863.42,DEPARTAMENTO EN ALQUILER MONOAMBIENTE SAN NICOLAS,,,0,0,0,0,0,0,0,0,0,0,0,0,0,0,0,0,0,0,0,0,0,0
remax,b29a1989-a66a-47cf-9a42-c2a92732171d,https://www.remax.com.ar/listings/alquiler-local-comercial-colegiales-ideal-estetica,2026-08-13T22:35:17+00:00,alquiler,local,740000.0,ARS,ARS 740000.0,,ARS,Olleros 2700,Olleros,2700,,colegiales,Colegiales,13.0,Capital Federal,-34.5733632,-58.4454545,35.0,35.0,,,1,,,,21142.86,ALQUILER LOCAL COMERCIAL COLEGIALES IDEAL ESTETICA,,,0,0,0,0,0,0,0,0,0,0,0,0,0,0,0,0,0,0,0,0,0,0
remax,b299a308-0750-4398-9cf6-15748c307ebc,https://www.remax.com.ar/listings/hermoso-dos-ambientes-palermo-las-heras-apto-prof,2026-08-13T22:35:17+00:00,alquiler,departamento_estandar,620000.0,ARS,ARS 620000.0,223000.0,ARS,Juan Francisco Seguí 3600,Juan Francisco Seguí,3600,,palermo,Palermo,14.0,Capital Federal,-34.5790651,-58.4092529,30.0,30.0,2.0,,1,,,,20666.67,HERMOSO DOS AMBIENTES PALERMO LAS HERAS APTO PROF,,,0,0,0,0,0,0,0,0,0,0,0,0,0,0,0,0,0,0,0,0,0,0
remax,b29622f2-1f95-4c54-875b-4bed41cd1ee5,https://www.remax.com.ar/listings/depto-monoambiente-en-alquiler-torre-om-botanico,2026-08-13T22:35:17+00:00,alquiler,departamento_monoambiente,650.0,USD,USD 650.0,235000.0,ARS,Aráoz 2500,Aráoz,2500,,palermo,Palermo,14.0,Capital Federal,-34.5855604,-58.4148252,44.45,38.77,1.0,,1,,,,14.62,Depto Monoambiente en Alquiler Torre OM Botánico,,,0,0,0,0,0,0,0,0,0,0,0,0,0,0,0,0,0,0,0,0,0,0
remax,b2828457-3e2a-49f0-93af-9c2b591c7123,https://www.remax.com.ar/listings/alquiler-monoambiente-saavedra-balcon-terraza,2026-08-13T22:35:17+00:00,alquiler,departamento_monoambiente,900000.0,ARS,ARS 900000.0,245000.0,ARS,García del Río 2800,García del Río,2800,,saavedra,Saavedra,12.0,Capital Federal,-34.549572,-58.4730762,44.82,33.0,1.0,,1,,,,20080.32,Alquiler Monoambiente Saavedra Balcon Terraza,,,0,0,0,0,0,0,0,0,0,0,0,0,0,1,0,0,0,0,0,0,0,0
remax,b24c94f2-c490-4506-af43-4a71da41ea32,https://www.remax.com.ar/listings/alquiler-monoambiente,2026-08-13T22:35:17+00:00,alquiler,departamento_monoambiente,590000.0,ARS,ARS 590000.0,125000.0,ARS,Adolfo Alsina 2100,Adolfo Alsina,2100,,balvanera,Balvanera,3.0,Capital Federal,-34.6119084,-58.396558,35.0,30.0,1.0,,1,,,,16857.14,ALQUILER MONOAMBIENTE,,,0,0,0,0,0,0,0,0,0,0,0,0,0,0,0,0,0,0,0,0,0,0
remax,b2162516-a8b6-42f0-a5c3-a52fc1592957,https://www.remax.com.ar/listings/alquiler-multiespacio-oficinas-excelente-ubicacion,2026-08-13T22:35:17+00:00,alquiler,oficina,750000.0,ARS,ARS 750000.0,239000.0,ARS,Avenida Callao 400,Avenida Callao,400,,balvanera,Balvanera,3.0,Capital Federal,-34.6035032,-58.3925224,2000.0,2000.0,,,0,,,,375.0,ALQUILER MULTIESPACIO OFICINAS EXCELENTE UBICACION,,,0,0,0,0,0,0,0,0,0,0,0,0,0,0,0,0,0,0,0,0,0,0
remax,b1bb1cb3-76c7-40e4-bef1-aaa861eec2cf,https://www.remax.com.ar/listings/depto-2-amb-en-alquiler-balvanera-piso-alto,2026-08-13T22:35:21+00:00,alquiler,departamento_estandar,500000.0,ARS,ARS 500000.0,152000.0,ARS,Catamarca 200,Catamarca,200,,balvanera,Balvanera,3.0,Capital Federal,-34.6126304,-58.4068063,28.67,28.67,2.0,,1,,,,17439.83,Depto 2 Amb en alquiler Balvanera piso alto,,,0,0,0,0,0,0,0,0,0,0,0,0,0,0,0,0,0,0,0,0,0,0
remax,b1b6ff73-4d8f-4b12-8de9-0be677f9a6d1,https://www.remax.com.ar/listings/alquiler-5-ambientes-cochera-vista-unica-palermo,2026-08-13T22:35:21+00:00,alquiler,departamento_estandar,3000000.0,ARS,ARS 3000000.0,1000000.0,ARS,Avenida del Libertador 5100,Avenida del Libertador,5100,,palermo,Palermo,14.0,Capital Federal,-34.563131,-58.439229,206.0,190.0,5.0,,2,1.0,,,14563.11,ALQUILER 5 AMBIENTES COCHERA VISTA UNICA PALERMO,,,0,0,0,0,0,0,0,0,0,1,0,0,0,0,0,0,0,0,0,0,0,0
remax,b1b5d6db-bca3-4887-aa07-c53960ec63c8,https://www.remax.com.ar/listings/2-amb-palermo-p7-apto-profesional-tranquilo,2026-08-13T22:35:21+00:00,alquiler,departamento_estandar,600000.0,ARS,ARS 600000.0,270000.0,ARS,Juan Francisco Seguí 3600,Juan Francisco Seguí,3600,,palermo,Palermo,14.0,Capital Federal,-34.578484231825,-58.409768342972,30.0,30.0,2.0,,1,,,,20000.0,2 amb Palermo | P7 | Apto profesional | Tranquilo,,,0,0,0,0,0,0,0,0,1,0,0,0,0,0,0,0,0,0,0,0,0,0
remax,b1af2094-155d-47e8-b304-f5a4f1a3f2dc,https://www.remax.com.ar/listings/alquiler-departamento-4amb-con-4cochera-villa-luro,2026-08-13T22:35:21+00:00,alquiler,departamento_estandar,2500.0,USD,USD 2500.0,200000.0,ARS,Virgilio 900,Virgilio,900,,villa luro,Villa Luro,10.0,Capital Federal,-34.629409,-58.5064731,220.0,110.0,4.0,,3,1.0,,,11.36,ALQUILER DEPARTAMENTO 4AMB CON 4COCHERA VILLA LURO,,,0,0,0,0,0,0,0,0,0,1,0,0,0,0,0,0,0,0,0,0,0,0
remax,b1a0c973-ccf4-486b-b76f-1c6116d09afd,https://www.remax.com.ar/listings/alquiler-departamento-3-ambientes-en-constitucion,2026-08-13T22:35:21+00:00,alquiler,departamento_estandar,680000.0,ARS,ARS 680000.0,70000.0,ARS,Santiago del Estero 1400,Santiago del Estero,1400,,constitucion,Constitución,1.0,Capital Federal,-34.625311101863,-58.384265899658,60.0,60.0,3.0,,1,,,,11333.33,ALQUILER DEPARTAMENTO 3 AMBIENTES EN CONSTITUCION,,,0,0,0,0,0,0,0,0,0,0,0,0,0,0,0,0,0,0,0,0,0,0
remax,b17ed0ae-0b1a-4ec9-a6b1-7b05958284c1,https://www.remax.com.ar/listings/alquiler-departamento-3-ambientes-almagro-2,2026-08-13T22:35:21+00:00,alquiler,departamento_estandar,950000.0,ARS,ARS 950000.0,185000.0,ARS,Avenida Medrano 100,Avenida Medrano,100,,almagro,Almagro,5.0,Capital Federal,-34.6088361,-58.4215797,57.87,57.87,3.0,,1,,,,16416.11,ALQUILER DEPARTAMENTO 3 AMBIENTES ALMAGRO,,,0,0,0,0,0,0,0,0,0,0,0,0,0,0,0,0,0,0,0,0,0,0
remax,b160b41a-ddd7-4637-9552-68da2ff388d9,https://www.remax.com.ar/listings/de-lujo-alquiler-2-amb-en-palmera-de-villa-crespo,2026-08-13T22:35:21+00:00,alquiler,departamento_estandar,1100000.0,ARS,ARS 1100000.0,326000.0,ARS,Pringles 1246 0,Pringles 1246,0,,villa crespo,Villa Crespo,15.0,Capital Federal,-34.5976175,-58.4266198,48.0,44.57,2.0,,1,,,,22916.67,DE LUJO: ALQUILER 2 AMB en PALMERA de VILLA CRESPO,,,0,0,0,0,0,0,0,0,0,0,0,0,0,0,0,0,0,0,0,0,0,0
remax,b15e60f4-5a80-4f57-8a9e-94469f3522bb,https://www.remax.com.ar/listings/alquiler-en-block-edificio-corporativo-retiro,2026-08-13T22:35:21+00:00,alquiler,edificio,14000.0,USD,USD 14000.0,0.0,ARS,Reconquista 900,Reconquista,900,,retiro,Retiro,1.0,Capital Federal,-34.5965937,-58.3731676,1386.0,1386.0,,,0,,,,10.1,ALQUILER EN BLOCK - EDIFICIO CORPORATIVO - RETIRO,,,0,0,0,0,0,0,0,0,0,0,0,0,0,0,0,0,0,0,0,0,0,0
remax,b1443345-1b4c-4efa-80f0-95b2fa79e558,https://www.remax.com.ar/listings/alquiler-casa-vivienda-y-comercial-villa-urquiza,2026-08-13T22:35:21+00:00,alquiler,casa,2100000.0,ARS,ARS 2100000.0,0.0,ARS,Franklin Delano Roosevelt 4400,Franklin Delano Roosevelt,4400,,villa urquiza,Villa Urquiza,12.0,Capital Federal,-34.569206,-58.4804319,287.0,140.0,5.0,,1,,,,7317.07,ALQUILER CASA VIVIENDA Y COMERCIAL VILLA URQUIZA,,,0,0,0,0,0,0,0,0,0,0,0,0,0,0,0,0,0,0,0,0,0,0
remax,b135ef4e-2afb-4b98-852d-0018ba97d383,https://www.remax.com.ar/listings/alq-2-amb-en-palmera-cresp0-balcon-coch-amenities,2026-08-13T22:35:23+00:00,alquiler,departamento_estandar,990000.0,ARS,ARS 990000.0,260000.0,ARS,Argañarás 0,Argañarás,0,,villa crespo,Villa Crespo,15.0,Capital Federal,-34.5976135,-58.4266544,40.32,37.09,2.0,,1,,,,24553.57,ALQ 2 AMB EN PALMERA CRESP0 BALCON COCH AMENITIES,,,1,0,0,0,0,0,0,0,0,0,0,0,0,1,0,0,0,0,0,0,0,0
remax,b1114eb0-300a-4245-adf8-7c753eef5668,https://www.remax.com.ar/listings/alquiler-monoambiente-palermo-2,2026-08-13T22:35:23+00:00,alquiler,departamento_monoambiente,500000.0,ARS,ARS 500000.0,182000.0,ARS,Gorriti 3800,Gorriti,3800,,palermo,Palermo,14.0,Capital Federal,-34.595280474171,-58.41913492199,32.48,27.73,1.0,,1,,,,15394.09,Alquiler monoambiente Palermo,,,0,0,0,0,0,0,0,0,0,0,0,0,0,0,0,0,0,0,0,0,0,0
remax,b10959fe-7c8c-425e-96bd-623e1cd9d674,https://www.remax.com.ar/listings/alquiler-casa-belgrano-estilo-ingles,2026-08-13T22:35:23+00:00,alquiler,casa_triplex,2750.0,USD,USD 2750.0,220000.0,ARS,Luis Maria Campos 1100,Luis Maria Campos,1100,,belgrano,Belgrano,13.0,Capital Federal,-34.567531,-58.438059,286.05,231.02,7.0,,3,,,,9.61,ALQUILER CASA BELGRANO ESTILO INGLES,,,0,0,0,0,0,0,0,0,0,0,0,0,0,0,0,0,0,0,0,0,0,0
remax,b0eb4fbf-b82f-494a-9fd8-3fee752969cb,https://www.remax.com.ar/listings/oficina-643m2-planta-libre-plaza-de-mayo,2026-08-13T22:35:23+00:00,alquiler,oficina,1400000.0,ARS,ARS 1400000.0,2500000.0,ARS,Defensa 100,Defensa,100,,monserrat,Monserrat,1.0,Capital Federal,-34.6091242,-58.3726033,643.0,643.0,,,3,,,,2177.29,Oficina 643M2 Planta Libre Plaza de Mayo,,,0,0,0,0,0,0,0,0,0,0,0,0,0,0,0,0,0,0,0,0,0,0
remax,b0dd852e-86c8-4b58-95c1-68c4ed06bfda,https://www.remax.com.ar/listings/alquiler-local-c-1-cochera-en-palermo-hollywood,2026-08-13T22:35:23+00:00,alquiler,local,4000.0,USD,USD 4000.0,300000.0,ARS,Humboldt 2300,Humboldt,2300,,palermo,Palermo,14.0,Capital Federal,-34.5796073,-58.4295139,151.0,151.0,,,2,1.0,,,26.49,ALQUILER LOCAL C/ 1 Cochera en PALERMO HOLLYWOOD,,,0,0,0,0,0,0,0,0,0,1,0,0,0,0,0,0,0,0,0,0,0,0
remax,b0c306cc-e8f1-4031-a721-09f82de3e2c7,https://www.remax.com.ar/listings/alquiler-monoambiente-c-balcon-en-flores,2026-08-13T22:35:23+00:00,alquiler,departamento_monoambiente,550000.0,ARS,ARS 550000.0,135830.0,ARS,Avenida Juan Bautista Alberdi 2700,Avenida Juan Bautista Alberdi,2700,,flores,Flores,7.0,Capital Federal,-34.6329337,-58.4669752,32.4,29.42,1.0,,1,,,,16975.31,ALQUILER MONOAMBIENTE C/ BALCÓN EN FLORES,,,0,0,0,0,0,0,0,0,0,0,0,0,0,1,0,0,0,0,0,0,0,0
remax,b0a44308-cc35-4413-8dea-5593a12d2823,https://www.remax.com.ar/listings/alq-comercial-casa-epoca-patio-terraza-v-ortuzar,2026-08-13T22:35:23+00:00,alquiler,local,2500000.0,ARS,ARS 2500000.0,,ARS,Roseti 1700,Roseti,1700,,villa ortuzar,Villa Ortuzar,15.0,Capital Federal,-34.5817549,-58.4664783,205.91,128.35,,,2,,,,12141.23,ALQ COMERCIAL CASA EPOCA PATIO TERRAZA V.ORTUZAR,,,0,0,0,0,0,0,0,0,0,0,0,0,0,1,0,0,0,0,0,1,0,0
remax,b083d604-8090-475f-b453-1ea80fbe6571,https://www.remax.com.ar/listings/alquiler-departamento-3-amb-en-parque-patricios,2026-08-13T22:35:23+00:00,alquiler,departamento_estandar,800000.0,ARS,ARS 800000.0,0.0,ARS,Avenida Vélez Sarsfield 100,Avenida Vélez Sarsfield,100,,parque patricios,Parque Patricios,4.0,Capital Federal,-34.6361749,-58.3905005,48.29,45.34,3.0,,1,,,,16566.58,Alquiler departamento 3 amb en Parque Patricios,,,0,0,0,0,0,0,0,0,0,0,0,0,0,0,0,0,0,0,0,0,0,0
remax,b0708e60-cb59-4b78-b2f5-c9b3e6c7946c,https://www.remax.com.ar/listings/alquiler-ph-3-ambientes-velez-sarsfield,2026-08-13T22:35:23+00:00,alquiler,ph,1150000.0,ARS,ARS 1150000.0,0.0,ARS,Alejandro Magariños Cervantes 5000,Alejandro Magariños Cervantes,5000,,velez sarsfield,Velez Sarsfield,10.0,Capital Federal,-34.628537300788,-58.503336576906,92.95,62.95,3.0,,1,,,,12372.24,ALQUILER PH 3 AMBIENTES VELEZ SARSFIELD,,,0,0,0,0,0,0,0,0,0,0,0,0,0,0,0,0,0,0,0,0,0,0
remax,b0621349-0957-4ef6-aba3-9b99bcb2e208,https://www.remax.com.ar/listings/oficina-500m2-4-cocheras-piso-11,2026-08-13T22:35:23+00:00,alquiler,oficina,13000.0,USD,USD 13000.0,3500000.0,ARS,Esmeralda 900,Esmeralda,900,,san nicolas,Centro / Microcentro,1.0,Capital Federal,-34.597291493457,-58.378629684667,500.0,500.0,,,8,1.0,,,26.0,Oficina 500m2 4 cocheras Piso 11,,,0,0,0,0,0,0,0,0,0,1,0,0,0,0,0,0,0,0,0,0,0,0
remax,b05f2230-5fc6-49b2-970c-21c19c7df303,https://www.remax.com.ar/listings/luminoso-funcional-3-amb-zona-hospital-italiano,2026-08-13T22:35:27+00:00,alquiler,departamento_estandar,950000.0,ARS,ARS 950000.0,130000.0,ARS,Bartolomé Mitre 4300,Bartolomé Mitre,4300,,almagro,Almagro,5.0,Capital Federal,-34.610734,-58.4283739,50.0,50.0,3.0,,1,,,,19000.0,Luminoso/funcional 3 amb. zona hospital italiano,,,0,0,0,0,0,0,0,0,0,0,0,0,1,0,0,0,0,0,0,0,0,0
remax,b0550214-987e-4ddb-abdd-77e6d3275720,https://www.remax.com.ar/listings/alquiler-dpto-3-amb-en-parque-avellane-reciclado,2026-08-13T22:35:27+00:00,alquiler,departamento_estandar,900000.0,ARS,ARS 900000.0,270000.0,ARS,Avenida Juan Bautista Alberdi 4300,Avenida Juan Bautista Alberdi,4300,,velez sarsfield,Velez Sarsfield,10.0,Capital Federal,-34.6409048,-58.4873576,77.0,73.0,3.0,,1,,,,11688.31,ALQUILER DPTO 3 AMB. EN PARQUE AVELLANE RECICLADO,,,0,0,0,0,0,0,0,0,0,0,0,0,0,0,0,1,0,0,0,0,0,0
remax,b053488b-17b7-4dee-a928-f2c756b08e6c,https://www.remax.com.ar/listings/alquiler-depto-2-amb-apto-profesional-san-nicolas,2026-08-13T22:35:27+00:00,alquiler,departamento_estandar,480000.0,ARS,ARS 480000.0,238000.0,ARS,Bartolomé Mitre 1400,Bartolomé Mitre,1400,,san nicolas,San Nicolás,1.0,Capital Federal,-34.6079164,-58.3869782,40.38,40.38,2.0,,1,,,,11887.07,"Alquiler depto 2 amb apto profesional, San Nicolás",,,0,0,0,0,0,0,0,0,1,0,0,0,0,0,0,0,0,0,0,0,0,0
remax,b04e0526-d19a-4c2b-9233-667b8db5f8fb,https://www.remax.com.ar/listings/recoleta-alquiler-monoambiente-amoblado-c-patio,2026-08-13T22:35:27+00:00,alquiler,departamento_estandar,700000.0,ARS,ARS 700000.0,152310.0,ARS,Ecuador 1100,Ecuador,1100,,recoleta,Recoleta,2.0,Capital Federal,-34.596308146703,-58.404810787752,50.89,30.89,1.0,,1,,,,13755.16,Recoleta. Alquiler monoambiente amoblado c/ patio.,,,0,0,0,0,0,0,0,0,0,0,0,0,0,0,0,0,0,0,1,1,0,0
remax,b03315ce-d9f2-4fba-a87a-8e6626499b29,https://www.remax.com.ar/listings/alquiler-monoambiente-amenities-villa-urquiza,2026-08-13T22:35:27+00:00,alquiler,departamento_monoambiente,700000.0,ARS,ARS 700000.0,210000.0,ARS,Quesada 5000,Quesada,5000,,villa urquiza,Villa Urquiza,12.0,Capital Federal,-34.5680883,-58.4894487,38.0,28.0,1.0,,1,,,,18421.05,Alquiler Monoambiente Amenities Villa Urquiza,,,1,0,0,0,0,0,0,0,0,0,0,0,0,0,0,0,0,0,0,0,0,0
remax,b032c575-faf8-49f0-af7f-e6c64b99bfac,https://www.remax.com.ar/listings/monoambiente-en-alquiler-con-balcon-y-amenities-1,2026-08-13T22:35:27+00:00,alquiler,departamento_monoambiente,800000.0,ARS,ARS 800000.0,312000.0,ARS,Yatay 700,Yatay,700,,almagro,Almagro,5.0,Capital Federal,-34.603371,-58.428922,45.0,40.0,1.0,,1,,,,17777.78,MONOAMBIENTE EN ALQUILER CON BALCON Y AMENITIES.,,,1,0,0,0,0,0,0,0,0,0,0,0,0,1,0,0,0,0,0,0,0,0
remax,b0129e47-d1ef-40df-9b02-347d8132a67a,https://www.remax.com.ar/listings/mono-en-alquiler-en-puerto-madero-edif-lumiere,2026-08-13T22:35:27+00:00,alquiler,departamento_monoambiente,750.0,USD,USD 750.0,179800.0,ARS,Olga Cosenttini 1500,Olga Cosenttini,1500,,puerto madero,Puerto Madero,1.0,Capital Federal,-34.615691781469,-58.362904787064,41.0,38.0,1.0,,1,,,,18.29,MONO EN ALQUILER EN PUERTO MADERO Edif. Lumiere,,,0,0,0,0,0,0,0,0,0,0,0,0,0,0,0,0,0,0,0,0,0,0
remax,b00054d7-92b2-4abb-8c7d-34063b4d4c3c,https://www.remax.com.ar/listings/depto-2-ambientes-en-alquiler-amob-recoleta,2026-08-13T22:35:27+00:00,alquiler,departamento_estandar,700.0,USD,USD 700.0,280000.0,ARS,Avenida del Libertador 600,Avenida del Libertador,600,,retiro,Retiro,1.0,Capital Federal,-34.5887784,-58.3823183,34.0,34.0,2.0,,1,,,,20.59,DEPTO 2 AMBIENTES EN ALQUILER AMOB. - RECOLETA,,,0,0,0,0,0,0,0,0,0,0,0,0,0,0,0,0,0,0,0,0,0,0
remax,afe3b1df-c52c-4365-9478-338987e373c2,https://www.remax.com.ar/listings/impecable-monoambiente-en-la-mejor-zona-1,2026-08-13T22:35:27+00:00,alquiler,departamento_estandar,650000.0,ARS,ARS 650000.0,172000.0,ARS,Juncal 800,Juncal,800,,retiro,Retiro,1.0,Capital Federal,-34.5929844,-58.3792079,28.0,28.0,1.0,,1,,,,23214.29,IMPECABLE MONOAMBIENTE EN LA MEJOR ZONA!,,,0,0,0,0,0,0,0,0,0,0,0,0,0,0,0,0,0,0,0,0,0,0
remax,afd5feef-5686-47c0-b44e-5f1e46edd09e,https://www.remax.com.ar/listings/hermoso-monoambiente-divisible-luminoso-y-parrilla,2026-08-13T22:35:27+00:00,alquiler,departamento_estandar,650000.0,ARS,ARS 650000.0,150000.0,ARS,Vuelta de Obligado 2400,Vuelta de Obligado,2400,,belgrano,Belgrano,13.0,Capital Federal,-34.5583114,-58.4585064,39.0,34.0,1.0,,1,,,,16666.67,Hermoso Monoambiente Divisible Luminoso y Parrilla,,,0,0,1,0,0,0,0,0,0,0,0,0,1,0,0,0,0,0,0,0,0,0
remax,afc02396-1dc8-4228-be08-87bc5d4ff5d5,https://www.remax.com.ar/listings/alquiler-depto-dos-ambientes-palermo-a-estrenar,2026-08-13T22:35:27+00:00,alquiler,departamento_estandar,980000.0,ARS,ARS 980000.0,30000.0,ARS,Ciudad de la Paz 200,Ciudad de la Paz,200,,palermo,Palermo,14.0,Capital Federal,-34.5748043,-58.4411288,49.34,41.23,2.0,,1,,,,19862.18,Alquiler depto dos ambientes palermo a estrenar,,,0,0,0,0,0,0,0,0,0,0,0,0,0,0,0,0,0,0,0,0,0,0
remax,afb6e9ee-22eb-48c1-84f1-b2334903a844,https://www.remax.com.ar/listings/oficina-aaa-alquiler-retiro-con-cochera-2,2026-08-13T22:35:27+00:00,alquiler,oficina,3500.0,USD,USD 3500.0,1700000.0,ARS,Esmeralda 1000,Esmeralda,1000,,retiro,Retiro,1.0,Capital Federal,-34.5954218,-58.3785766,401.0,401.0,,,2,1.0,,,8.73,Oficina AAA alquiler Retiro con cochera,,,0,0,0,0,0,0,0,0,0,1,0,0,0,0,0,0,0,0,0,0,0,0
remax,afafb44c-7ae4-4224-9932-d8d797e41e25,https://www.remax.com.ar/listings/alquiler-departamento-2-ambientes-nunez,2026-08-13T22:35:27+00:00,alquiler,departamento_estandar,600.0,USD,USD 600.0,130000.0,ARS,Avenida del Libertador 8400,Avenida del Libertador,8400,,nunez,Nuñez,13.0,Capital Federal,-34.537995,-58.4657846,40.0,40.0,2.0,,1,,,,15.0,Alquiler Departamento 2 ambientes Nuñez,,,0,0,0,0,0,0,0,0,0,0,0,0,0,0,0,0,0,0,0,0,0,0
remax,afa848c4-356b-417b-a858-3fc1b59a9370,https://www.remax.com.ar/listings/alquiler-comercial-belgrano,2026-08-13T22:35:30+00:00,alquiler,oficina,2500.0,USD,USD 2500.0,0.0,ARS,Avenida Cabildo 1600,Avenida Cabildo,1600,,belgrano,Belgrano C,13.0,Capital Federal,-34.5658283,-58.4533111,200.0,150.0,,,2,,,,12.5,ALQUILER COMERCIAL BELGRANO,,,0,0,0,0,0,0,0,0,0,0,0,0,0,0,0,0,0,0,0,0,0,0
remax,afa6da26-b29b-45f5-a583-7c4c424c87be,https://www.remax.com.ar/listings/alquiler-depto-2-ambientes-38-mts-constitucion,2026-08-13T22:35:30+00:00,alquiler,departamento_estandar,390.0,USD,USD 390.0,112500.0,ARS,Cochabamba 900,Cochabamba,900,,constitucion,Constitución,1.0,Capital Federal,-34.6238577,-58.3791973,37.63,37.63,2.0,,1,,,,10.36,ALQUILER DEPTO 2 AMBIENTES 38 Mts CONSTITUCIÓN,,,0,0,0,0,0,0,0,0,0,0,0,0,0,0,0,0,0,0,0,0,0,0
remax,af8efc49-e954-45a7-bf35-a4b485a85c30,https://www.remax.com.ar/listings/alquiler-retiro-3-ambientes-vistas-abiertas,2026-08-13T22:35:30+00:00,alquiler,departamento_estandar,1300000.0,ARS,ARS 1300000.0,255000.0,ARS,Avenida Córdoba 1700,Avenida Córdoba,1700,,san nicolas,San Nicolás,1.0,Capital Federal,-34.5998079,-58.3920377,72.0,70.0,3.0,,2,,,,18055.56,ALQUILER RETIRO | 3 ambientes vistas abiertas,,,0,0,0,0,0,0,0,0,0,0,0,0,0,0,0,0,0,0,0,0,0,0
remax,af6e6738-3dc0-4a45-aadd-da343137d172,https://www.remax.com.ar/listings/departamento-3-ambientes-alquiler-almagro-2-aires,2026-08-13T22:35:30+00:00,alquiler,departamento_estandar,1190000.0,ARS,ARS 1190000.0,150000.0,ARS,Estado de Palestina 800,Estado de Palestina,800,,almagro,Almagro,5.0,Capital Federal,-34.6003862,-58.4253907,55.49,55.49,3.0,,1,,,,21445.31,Departamento 3 ambientes alquiler almagro 2 aires,,,0,0,0,0,0,0,0,0,0,0,0,0,0,0,0,0,0,0,0,0,0,0
remax,af58c62b-4461-4030-85c9-5b1bc177fd29,https://www.remax.com.ar/listings/alquiler-2-amb-c-balcon-al-frente-villa-crespo,2026-08-13T22:35:30+00:00,alquiler,departamento_estandar,950000.0,ARS,ARS 950000.0,172000.0,ARS,Rojas 1500,Rojas,1500,,villa crespo,Villa Crespo,15.0,Capital Federal,-34.6047784,-58.4496492,46.0,42.0,2.0,,1,,,,20652.17,ALQUILER 2 AMB C/ BALCÓN AL FRENTE VILLA CRESPO,,,0,0,0,0,0,0,0,0,0,0,0,0,0,1,0,0,0,1,0,0,0,0
remax,af47d32b-1334-4bc7-8559-b9750e1d51bc,https://www.remax.com.ar/listings/alquiler-depto-2-ambientes-almagro-con-balcon,2026-08-13T22:35:30+00:00,alquiler,departamento_duplex,900000.0,ARS,ARS 900000.0,190000.0,ARS,Gallo 500,Gallo,500,,almagro,Almagro,5.0,Capital Federal,-34.6026827,-58.4127566,42.5,40.0,2.0,,1,,,,21176.47,ALQUILER DEPTO 2 AMBIENTES ALMAGRO CON BALCON,,,0,0,0,0,0,0,0,0,0,0,0,0,0,1,0,0,0,0,0,0,0,0
remax,af3e94ac-63f5-40c1-9a2c-5bd039624b0b,https://www.remax.com.ar/listings/alquiler-depto-4-ambientes-san-nicolas-balcon,2026-08-13T22:35:30+00:00,alquiler,departamento_semipiso,1460000.0,ARS,ARS 1460000.0,360000.0,ARS,Rodríguez Peña 500,Rodríguez Peña,500,,san nicolas,San Nicolás,1.0,Capital Federal,-34.6028213,-58.3913942,95.71,91.21,4.0,,1,,,,15254.41,ALQUILER DEPTO 4 AMBIENTES SAN NICOLAS BALCON,,,0,0,0,0,0,0,0,0,0,0,0,0,0,1,0,0,0,0,0,0,0,0
remax,af3b9685-2846-4138-a4af-89184ac53cec,https://www.remax.com.ar/listings/alquiler-dpto-2-amb-caballito-amueblado-impecable,2026-08-13T22:35:30+00:00,alquiler,departamento_estandar,750000.0,ARS,ARS 750000.0,140000.0,ARS,Formosa 300,Formosa,300,,caballito,Caballito,6.0,Capital Federal,-34.6208695,-58.4333618,25.0,25.0,2.0,,1,,,,30000.0,ALQUILER DPTO 2 AMB CABALLITO AMUEBLADO IMPECABLE,,,0,0,0,0,0,0,0,0,0,0,0,0,0,0,0,0,0,0,1,0,0,0
remax,af2f7311-cac3-40c8-964e-1485b525ce12,https://www.remax.com.ar/listings/alquiler-oficina-en-belgrano-100m2-con-cochera,2026-08-13T22:35:34+00:00,alquiler,oficina,1900.0,USD,USD 1900.0,330000.0,ARS,Avenida del Libertador 6400,Avenida del Libertador,6400,,belgrano,Bajo Belgrano,13.0,Capital Federal,-34.5527309,-58.4513046,104.0,100.0,,,2,1.0,,,18.27,ALQUILER OFICINA EN BELGRANO 100M2 CON COCHERA,,,0,0,0,0,0,0,0,0,0,1,0,0,0,0,0,0,0,0,0,0,0,0
remax,af0ef09b-9472-4326-862f-a699953a9d78,https://www.remax.com.ar/listings/alquiler-2-amb-con-baulera-villa-crespo,2026-08-13T22:35:34+00:00,alquiler,departamento_estandar,790000.0,ARS,ARS 790000.0,66000.0,ARS,Aráoz 100,Aráoz,100,,villa crespo,Villa Crespo,15.0,Capital Federal,-34.6016009,-58.4396335,32.27,31.15,2.0,,1,,,,24480.94,ALQUILER 2 AMB CON BAULERA. VILLA CRESPO,,,0,0,0,0,0,0,0,0,0,0,1,0,0,0,0,0,0,0,0,0,0,0
remax,aeff6dc5-4082-407f-8dfb-248b450f0593,https://www.remax.com.ar/listings/alquiler-palermo-local-en-galeria,2026-08-13T22:35:34+00:00,alquiler,local,650000.0,ARS,ARS 650000.0,50000.0,ARS,Aráoz 2800,Aráoz,2800,,palermo,Palermo,14.0,Capital Federal,-34.5833229,-58.4118346,11.0,11.0,,,0,,,,59090.91,ALQUILER PALERMO LOCAL EN GALERÍA,,,0,0,0,0,0,0,0,0,0,0,0,0,0,0,0,0,0,0,0,0,0,0
remax,aeefad8f-6ff9-4175-9b28-9a13558cfbc0,https://www.remax.com.ar/listings/alquiler-departamento-2-ambientes-caballito-frente,2026-08-13T22:35:34+00:00,alquiler,departamento_estandar,850000.0,ARS,ARS 850000.0,185000.0,ARS,Espinosa 0,Espinosa,0,,caballito,Caballito,6.0,Capital Federal,-34.6214952,-58.44649,39.71,38.06,2.0,,1,,,,21405.19,ALQUILER DEPARTAMENTO 2 AMBIENTES CABALLITO FRENTE,,,0,0,0,0,0,0,0,0,0,0,0,0,0,0,0,0,0,0,0,0,0,0
remax,aeee6bee-3d46-464c-9f76-c9d6cf5ecaf3,https://www.remax.com.ar/listings/alquiler-local-puerto-madero-138-m2,2026-08-13T22:35:34+00:00,alquiler,local,4500000.0,ARS,ARS 4500000.0,1010000.0,ARS,Alicia Moreau de Justo 700,Alicia Moreau de Justo,700,,puerto madero,Puerto Madero,1.0,Capital Federal,-34.606376003046,-58.366842269897,138.0,138.0,,,2,,,,32608.7,Alquiler Local Puerto Madero 138 m2,,,0,0,0,0,0,0,0,0,0,0,0,0,0,0,0,0,0,0,0,0,0,0
remax,aea38070-2792-4db1-9ad5-874c679c085a,https://www.remax.com.ar/listings/alquiler-depto-amoblado-3-amb-c-balcon-caballito,2026-08-13T22:35:34+00:00,alquiler,departamento_estandar,1300.0,USD,USD 1300.0,160000.0,ARS,Avenida Doctor Honorio Pueyrredón 1000,Avenida Doctor Honorio Pueyrredón,1000,,caballito,Caballito,6.0,Capital Federal,-34.6083155,-58.4452327,89.17,77.53,3.0,,1,,,,14.58,ALQUILER DEPTO AMOBLADO 3/AMB C/BALCON CABALLITO,,,0,0,0,0,0,0,0,0,0,0,0,0,0,1,0,0,0,0,1,0,0,0
remax,aea32b72-f550-474c-8b16-c35ae709be7a,https://www.remax.com.ar/listings/alquiler-mono-36-m2-balcon-recoleta-subte-h-y-d,2026-08-13T22:35:34+00:00,alquiler,departamento_monoambiente,650000.0,ARS,ARS 650000.0,166000.0,ARS,Doctor Tomás Manuel de Anchorena 1300,Doctor Tomás Manuel de Anchorena,1300,,recoleta,Recoleta,2.0,Capital Federal,-34.5936542,-58.4056297,36.15,33.02,1.0,,1,,,,17980.64,ALQUILER MONO 36 M2 BALCON RECOLETA SUBTE H Y D,,,0,0,0,0,0,0,0,0,0,0,0,0,0,1,0,0,0,0,0,0,0,0
remax,ae7944e5-0962-4efd-b45b-c0c171ba1623,https://www.remax.com.ar/listings/alquiler-monoambiente-en-parque-chas,2026-08-13T22:35:34+00:00,alquiler,departamento_monoambiente,450000.0,ARS,ARS 450000.0,130000.0,ARS,Campillo 2900,Campillo,2900,,parque chas,Parque Chas,15.0,Capital Federal,-34.5889758,-58.47759,34.0,30.0,1.0,,1,,,,13235.29,Alquiler Monoambiente en Parque Chas,,,0,0,0,0,0,0,0,0,0,0,0,0,0,0,0,0,0,0,0,0,0,0
remax,ae435b9b-18e0-44eb-8864-b4c1f1afdf21,https://www.remax.com.ar/listings/alquiler-amplio-local-comercial-caballito,2026-08-13T22:35:34+00:00,alquiler,local,3300000.0,ARS,ARS 3300000.0,40000.0,ARS,Avenida Juan Bautista Alberdi 700,Avenida Juan Bautista Alberdi,700,,caballito,Caballito,6.0,Capital Federal,-34.622926,-58.4392142,116.89,116.89,,,0,,,,28231.67,ALQUILER AMPLIO LOCAL COMERCIAL CABALLITO,,,0,0,0,0,0,0,0,0,0,0,0,0,0,0,0,0,0,0,0,0,0,0
remax,ae2f2aba-3101-4838-9f11-0ae9e635c43a,https://www.remax.com.ar/listings/alquiler-comercial-lote-625-m2-en-san-cristobal,2026-08-13T22:35:38+00:00,alquiler,terrenos_y_lotes,5000000.0,ARS,ARS 5000000.0,0.0,ARS,Avenida Entre Ríos 1600,Avenida Entre Ríos,1600,,constitucion,Constitución,1.0,Capital Federal,-34.627442,-58.391011,625.3,0.0,,,0,,,,7996.16,ALQUILER COMERCIAL LOTE 625 M2 EN SAN CRISTOBAL,,,0,0,0,0,0,0,0,0,0,0,0,0,0,0,0,0,0,0,0,0,0,0
remax,ae014f7d-dbb9-47bf-b32f-66d5f1e093a4,https://www.remax.com.ar/listings/alquiler-depto-3-amb-con-pileta-palermo-hollywood,2026-08-13T22:35:38+00:00,alquiler,departamento_estandar,1300000.0,ARS,ARS 1300000.0,300000.0,ARS,Honduras 6000,Honduras,6000,,palermo,Palermo,14.0,Capital Federal,-34.5809658,-58.4410324,57.02,54.17,3.0,,1,,,,22799.02,ALQUILER DEPTO 3 AMB CON PILETA PALERMO HOLLYWOOD,,,1,1,0,0,0,0,0,0,0,0,0,0,0,0,0,0,0,0,0,0,0,0
remax,adfa2fce-532e-44b0-a7fd-a9a85e1e6722,https://www.remax.com.ar/listings/monoambiente-en-microcentro,2026-08-13T22:35:38+00:00,alquiler,departamento_monoambiente,500000.0,ARS,ARS 500000.0,170000.0,ARS,Tucumán 400,Tucumán,400,,san nicolas,San Nicolás,1.0,Capital Federal,-34.601004,-58.3732183,36.0,36.0,1.0,,1,,,,13888.89,MONOAMBIENTE EN MICROCENTRO,,,0,0,0,0,0,0,0,0,0,0,0,0,0,0,0,0,0,0,0,0,0,0
remax,add8cd75-9b5b-46cb-b53e-06886ad2a3a1,https://www.remax.com.ar/listings/alquiler-depto-2-amb-luminoso-balcon-chacarita,2026-08-13T22:35:38+00:00,alquiler,departamento_estandar,750000.0,ARS,ARS 750000.0,150000.0,ARS,Avenida Forest 400,Avenida Forest,400,,chacarita,Chacarita,15.0,Capital Federal,-34.5865507,-58.4525058,38.0,36.0,2.0,,1,,,,19736.84,ALQUILER DEPTO 2 AMB LUMINOSO BALCON CHACARITA,,,0,0,0,0,0,0,0,0,0,0,0,0,1,1,0,0,0,0,0,0,0,0
remax,adc7c168-06bf-4702-98d1-6cf37771931d,https://www.remax.com.ar/listings/alquiler-local-comercial-en-boedo,2026-08-13T22:35:38+00:00,alquiler,local,1000.0,USD,USD 1000.0,,ARS,Constitución 3500,Constitución,3500,,boedo,Boedo,5.0,Capital Federal,-34.627487323949,-58.415250778198,100.24,88.39,,,1,,,,9.98,ALQUILER LOCAL COMERCIAL EN BOEDO,,,0,0,0,0,0,0,0,0,0,0,0,0,0,0,0,0,0,0,0,0,0,0
remax,adac7369-543f-49e7-97ae-5e93e93fa851,https://www.remax.com.ar/listings/v-santa-rita-ph-2-dorm-patio-oficina-lavad-terraza,2026-08-13T22:35:38+00:00,alquiler,ph,1000.0,USD,USD 1000.0,0.0,ARS,Emilio Lamarca 1200,Emilio Lamarca,1200,,villa santa rita,Villa Santa Rita,11.0,Capital Federal,-34.6200796,-58.4850935,100.0,60.0,4.0,,1,,,,10.0,V SANTA RITA PH 2 DORM PATIO OFICINA LAVAD TERRAZA,,,0,0,0,0,0,0,0,0,0,0,0,0,0,1,0,0,0,0,0,1,0,0
remax,ada4b7f4-a4ae-4cb2-85ee-0e15d2b0c75a,https://www.remax.com.ar/listings/espacio-profesional-130m-con-terraza-barrio-norte,2026-08-13T22:35:38+00:00,alquiler,ph,2000000.0,ARS,ARS 2000000.0,337000.0,ARS,Montevideo 1000,Montevideo,1000,,recoleta,Recoleta,2.0,Capital Federal,-34.594761185221,-58.390147911198,130.0,130.0,5.0,,2,,,,15384.62,Espacio Profesional 130m² con Terraza Barrio Norte,,,0,0,0,0,0,0,0,0,0,0,0,0,0,1,0,0,0,0,0,0,0,0
remax,ada0155e-d8f3-43e8-a293-470a54cc966f,https://www.remax.com.ar/listings/alquiler-monoambiente-al-frente-flores-norte,2026-08-13T22:35:38+00:00,alquiler,departamento_monoambiente,650000.0,ARS,ARS 650000.0,130000.0,ARS,Gavilán 800,Gavilán,800,,flores,Flores,7.0,Capital Federal,-34.6193594,-58.46408,36.45,33.0,1.0,,1,,,,17832.65,"Alquiler monoambiente al frente, flores norte",,,0,0,0,0,0,0,0,0,0,0,0,0,0,0,0,0,0,1,0,0,0,0
remax,ad9e7ad6-8217-4a68-92c1-61d0e5d0d039,https://www.remax.com.ar/listings/alquiler-monoambiente-c-balcon-torre-huergo-475,2026-08-13T22:35:38+00:00,alquiler,departamento_monoambiente,900.0,USD,USD 900.0,320200.0,ARS,Avenida Ingeniero Huergo 400,Avenida Ingeniero Huergo,400,,puerto madero,Puerto Madero,1.0,Capital Federal,-34.6127985,-58.367763,38.01,34.87,1.0,,1,,,,23.68,"Alquiler | Monoambiente c/balcon, Torre Huergo 475",,,0,0,0,0,0,0,0,0,0,0,0,0,0,1,0,0,0,0,0,0,0,0
remax,ad695221-ff19-45b3-8118-eee11b680668,https://www.remax.com.ar/listings/alquiler-departamento-3-ambientes-balvanera,2026-08-13T22:35:42+00:00,alquiler,departamento_estandar,898000.0,ARS,ARS 898000.0,150000.0,ARS,Rincón 0,Rincón,0,,balvanera,Balvanera,3.0,Capital Federal,-34.609906765401,-58.396237269044,62.0,57.0,3.0,,1,,,,14483.87,Alquiler Departamento 3 Ambientes Balvanera,,,0,0,0,0,0,0,0,0,0,0,0,0,0,0,0,0,0,0,0,0,0,0
remax,ad628705-2440-49f7-852b-9fd3a56d361e,https://www.remax.com.ar/listings/alquiler-ph-2-ambientes-con-terraza-propia-palermo,2026-08-13T22:35:42+00:00,alquiler,ph,1120000.0,ARS,ARS 1120000.0,0.0,USD,Guatemala 6000,Guatemala,6000,,palermo,Palermo,14.0,Capital Federal,-34.5767021,-58.4361954,72.0,42.0,2.0,,1,,,,15555.56,Alquiler PH 2 Ambientes con Terraza Propia Palermo,,,0,0,0,0,0,0,0,0,0,0,0,0,0,1,0,0,0,0,0,0,0,0
remax,ad5757b6-7c76-4c36-a6e1-ed326429fa28,https://www.remax.com.ar/listings/alquiler-casa-villa-ortuzar-apto-profesional,2026-08-13T22:35:42+00:00,alquiler,casa,2900.0,USD,USD 2900.0,0.0,ARS,Plaza 1700,Plaza,1700,,villa ortuzar,Villa Ortuzar,15.0,Capital Federal,-34.5746629,-58.4705055,230.0,190.0,6.0,,4,,,,12.61,ALQUILER CASA VILLA ORTUZAR APTO PROFESIONAL,,,0,0,0,0,0,0,0,0,1,0,0,0,0,0,0,0,0,0,0,0,0,0
remax,ad3e749c-2959-4235-adbb-7e9dcee077dd,https://www.remax.com.ar/listings/alquiler-2-ambientes-c-cochera,2026-08-13T22:35:42+00:00,alquiler,departamento_estandar,950000.0,ARS,ARS 950000.0,145000.0,ARS,Avenida Juan Bautista Justo 3000,Avenida Juan Bautista Justo,3000,,villa crespo,Villa Crespo,15.0,Capital Federal,-34.5980084,-58.4492193,45.0,40.0,2.0,,1,1.0,,,21111.11,ALQUILER 2 AMBIENTES C/ Cochera,,,0,0,0,0,0,0,0,0,0,1,0,0,0,0,0,0,0,0,0,0,0,0
remax,ad396103-51eb-4ab6-9a59-0103f8a52fed,https://www.remax.com.ar/listings/depto-2-ambientes-alquiler-almagro-excel-ubicacion,2026-08-13T22:35:42+00:00,alquiler,departamento_estandar,600000.0,ARS,ARS 600000.0,130000.0,ARS,Don Bosco 3900,Don Bosco,3900,,almagro,Almagro,5.0,Capital Federal,-34.6131864,-58.4211964,36.59,36.59,2.0,,1,,,,16397.92,DEPTO 2 AMBIENTES ALQUILER ALMAGRO EXCEL UBICACIÓN,,,0,0,0,0,0,0,0,0,0,0,0,0,0,0,0,0,0,0,0,0,0,0
remax,ad387a82-e4d4-46b0-ab98-b2de4da7be7a,https://www.remax.com.ar/listings/alquiler-depto-4-amb-con-cochera-en-villa-urquiza,2026-08-13T22:35:42+00:00,alquiler,departamento_estandar,1700.0,USD,USD 1700.0,466000.0,ARS,Mendoza 5100,Mendoza,5100,,villa urquiza,Villa Urquiza,12.0,Capital Federal,-34.577070846638,-58.483958244324,92.28,88.15,4.0,,2,1.0,,,18.42,Alquiler depto 4 amb con cochera en Villa Urquiza,,,0,0,0,0,0,0,0,0,0,1,0,0,0,0,0,0,0,0,0,0,0,0
remax,ad2aedc3-b1f1-4cd7-9dae-77deb876c7bc,https://www.remax.com.ar/listings/alquiler-tres-ambientes-balcon-y-patio-centro,2026-08-13T22:35:42+00:00,alquiler,departamento_estandar,1200000.0,ARS,ARS 1200000.0,300000.0,ARS,Bartolomé Mitre 1100,Bartolomé Mitre,1100,,san nicolas,San Nicolás,1.0,Capital Federal,-34.6072451,-58.3825017,73.23,70.0,3.0,,1,,,,16386.73,Alquiler Tres ambientes balcon y Patio Centro,,,0,0,0,0,0,0,0,0,0,0,0,0,0,1,0,0,0,0,0,1,0,0
remax,ad0c8a0b-c9dd-40ef-8c65-bb57127c4b8e,https://www.remax.com.ar/listings/2-ambientes-excelente-ubicacion-super-luminoso,2026-08-13T22:35:42+00:00,alquiler,departamento_estandar,650000.0,ARS,ARS 650000.0,136000.0,ARS,Formosa 300,Formosa,300,,caballito,Caballito Sur,6.0,Capital Federal,-34.620918755653,-58.433178663254,25.0,25.0,2.0,,1,,,,26000.0,2 AMBIENTES- EXCELENTE UBICACION-SÚPER LUMINOSO,,,0,0,0,0,0,0,0,0,0,0,0,0,1,0,0,0,0,0,0,0,0,0
remax,aceee397-725b-476f-9d70-9f6ade7dd6db,https://www.remax.com.ar/listings/alquiler-monoambiente-balcon,2026-08-13T22:35:42+00:00,alquiler,departamento_monoambiente,590000.0,ARS,ARS 590000.0,120000.0,ARS,Nahuel Huapi 5800,Nahuel Huapi,5800,,villa urquiza,Villa Urquiza,12.0,Capital Federal,-34.57631,-58.497806,32.0,30.0,1.0,,1,,,,18437.5,ALQUILER MONOAMBIENTE BALCÓN,,,0,0,0,0,0,0,0,0,0,0,0,0,0,1,0,0,0,0,0,0,0,0
remax,acddc022-6807-481d-91e4-dd78addcce71,https://www.remax.com.ar/listings/alquiler-monoambiente-puerto-madero-con-cochera-1,2026-08-13T22:35:42+00:00,alquiler,departamento_monoambiente,1200.0,USD,USD 1200.0,300000.0,ARS,Calle República Bolivariana de Venezuela 0,Calle República Bolivariana de Venezuela,0,,puerto madero,Puerto Madero,1.0,Capital Federal,-34.6137199,-58.3671514,67.0,60.0,1.0,,2,1.0,,,17.91,ALQUILER MONOAMBIENTE PUERTO MADERO CON COCHERA,,,0,0,0,0,0,0,0,0,0,1,0,0,0,0,0,0,0,0,0,0,0,0
remax,acda248d-d831-458d-9971-d713035b9a8c,https://www.remax.com.ar/listings/alquiler-dpto-4-amb-san-nicolas-gran-balcon,2026-08-13T22:35:42+00:00,alquiler,departamento_estandar,1500000.0,ARS,ARS 1500000.0,460000.0,ARS,Sarmiento 1400,Sarmiento,1400,,san nicolas,San Nicolás,1.0,Capital Federal,-34.6053799,-58.3873563,0.0,0.0,4.0,,2,,,,,ALQUILER DPTO 4 AMB SAN NICOLAS GRAN BALCON,,,0,0,0,0,0,0,0,0,0,0,0,0,0,1,0,0,0,0,0,0,0,0
remax,accb06ee-398a-4b2f-a5fe-7f9e6550622a,https://www.remax.com.ar/listings/alquiler-monoambiente-con-balcon-en-villa-urquiza,2026-08-13T22:35:42+00:00,alquiler,departamento_monoambiente,600000.0,ARS,ARS 600000.0,130000.0,ARS,Avenida Triunvirato 4000,Avenida Triunvirato,4000,,parque chas,Parque Chas,15.0,Capital Federal,-34.5792314,-58.4775874,32.0,29.0,1.0,,1,,,,18750.0,ALQUILER MONOAMBIENTE CON BALCÓN EN VILLA URQUIZA,,,0,0,0,0,0,0,0,0,0,0,0,0,0,1,0,0,0,0,0,0,0,0
remax,acbe5cd6-3804-4870-be22-eb5318bf4048,https://www.remax.com.ar/listings/alquiler-monoambiente-amoblado-san-cristobal,2026-08-13T22:35:42+00:00,alquiler,departamento_monoambiente,580000.0,ARS,ARS 580000.0,120000.0,ARS,Catamarca 700,Catamarca,700,,san cristobal,San Cristobal,3.0,Capital Federal,-34.6188634,-58.4049993,32.0,29.0,1.0,,1,,,,18125.0,Alquiler Monoambiente Amoblado San Cristobal,,,0,0,0,0,0,0,0,0,0,0,0,0,0,0,0,0,0,0,1,0,0,0
remax,ac946c61-3d90-47d2-81d2-3cf47576deb0,https://www.remax.com.ar/listings/alquiler-oficina-corporativa-cocheras-en-el-centro-1,2026-08-13T22:35:44+00:00,alquiler,oficina,2350.0,USD,USD 2350.0,2100000.0,ARS,Reconquista 600,Reconquista,600,,san nicolas,Centro / Microcentro,1.0,Capital Federal,-34.59997355882,-58.372759222984,335.0,335.0,,,3,1.0,,,7.01,Alquiler Oficina Corporativa+Cocheras en el Centro,,,0,0,0,0,0,0,0,0,0,1,0,0,0,0,0,0,0,0,0,0,0,0
remax,ac8d3d51-711e-4010-a08b-030cf931330d,https://www.remax.com.ar/listings/departamento-2-ambientes-en-alquiler,2026-08-13T22:35:44+00:00,alquiler,departamento_estandar,550000.0,ARS,ARS 550000.0,150000.0,ARS,Avenida Belgrano 2500,Avenida Belgrano,2500,,balvanera,Balvanera,3.0,Capital Federal,-34.6146212,-58.4026084,36.62,0.0,2.0,,1,,,,15019.12,DEPARTAMENTO 2 AMBIENTES EN ALQUILER,,,0,0,0,0,0,0,0,0,0,0,0,0,0,0,0,0,0,0,0,0,0,0
remax,ac76dda1-7fbd-4b4e-b1e4-3e097a7ee072,https://www.remax.com.ar/listings/alquiler-semipiso-3-ambientes-c-balcon-santa-rita,2026-08-13T22:35:44+00:00,alquiler,departamento_estandar,900000.0,ARS,ARS 900000.0,370000.0,ARS,Juan Agustín García 2900,Juan Agustín García,2900,,villa santa rita,Villa Santa Rita,11.0,Capital Federal,-34.6108538,-58.4828986,57.89,52.46,3.0,,1,,,,15546.73,ALQUILER SEMIPÍSO 3 AMBIENTES C/BALCÓN. SANTA RITA,,,0,0,0,0,0,0,0,0,0,0,0,0,0,1,0,0,0,0,0,0,0,0
remax,ac64e494-1858-4d32-8839-8ed6672fba5d,https://www.remax.com.ar/listings/alquiler-local-comecial-consultorios-san-nicolas,2026-08-13T22:35:44+00:00,alquiler,local,10000000.0,ARS,ARS 10000000.0,350000.0,ARS,Rodríguez Peña 200,Rodríguez Peña,200,,san nicolas,San Nicolás,1.0,Capital Federal,-34.6058399,-58.390853,129.0,129.0,,,2,,,,77519.38,Alquiler local comecial consultorios San Nicolas,,,0,0,0,0,0,0,0,0,0,0,0,0,0,0,0,0,0,0,0,0,0,0
remax,ac24840c-15a3-465f-b78e-370322b68d40,https://www.remax.com.ar/listings/alquiler-monoambiente-palermo-amenities,2026-08-13T22:35:44+00:00,alquiler,departamento_monoambiente,610000.0,ARS,ARS 610000.0,100000.0,ARS,Avenida Medrano 1200,Avenida Medrano,1200,,palermo,Palermo,14.0,Capital Federal,-34.5948099,-58.4198771,28.0,28.0,1.0,,1,,,,21785.71,ALQUILER -MONOAMBIENTE- PALERMO- AMENITIES,,,1,0,0,0,0,0,0,0,0,0,0,0,0,0,0,0,0,0,0,0,0,0
remax,ac21dd61-9469-4b01-bd83-61062703d359,https://www.remax.com.ar/listings/alquiler-oficina-a-estrenar-palermo-nuevo-azur-1,2026-08-13T22:35:44+00:00,alquiler,oficina,900.0,USD,USD 900.0,400000.0,ARS,Godoy Cruz 2800,Godoy Cruz,2800,,palermo,Palermo Nuevo,14.0,Capital Federal,-34.576804145637,-58.424048423112,57.4,52.0,,,1,,,,15.68,"Alquiler oficina a estrenar Palermo Nuevo, AZUR",,,0,0,0,0,0,0,0,0,0,0,0,0,0,0,0,0,0,0,0,0,0,0
remax,ac163217-07e4-4355-9868-3e07f39838c4,https://www.remax.com.ar/listings/alquiler-local-comercial-en-esquina-ex-banco,2026-08-13T22:35:44+00:00,alquiler,local,5900.0,USD,USD 5900.0,0.0,ARS,Avenida Juan B. Justo 4800,Avenida Juan B. Justo,4800,,villa gral. mitre,Villa General Mitre,11.0,Capital Federal,-34.6108617,-58.4666349,417.01,362.56,,,3,,,,14.15,ALQUILER LOCAL COMERCIAL EN ESQUINA - EX BANCO,,,0,0,0,0,0,0,0,0,0,0,0,0,0,0,0,0,0,0,0,0,0,0
remax,ac0ccb42-8fff-4c2b-b303-7860b9b44d03,https://www.remax.com.ar/listings/alquiler-monoambiente-con-balcon-villa-urquiza,2026-08-13T22:35:44+00:00,alquiler,departamento_estandar,650000.0,ARS,ARS 650000.0,159000.0,ARS,Miller 2300,Miller,2300,,villa urquiza,Villa Urquiza,12.0,Capital Federal,-34.5726623,-58.4796691,36.317,32.72,1.0,,1,,,,17897.95,ALQUILER MONOAMBIENTE CON BALCON VILLA URQUIZA,,,0,0,0,0,0,0,0,0,0,0,0,0,0,1,0,0,0,0,0,0,0,0
remax,abe06ad6-d390-44a2-9026-de17f9932ecb,https://www.remax.com.ar/listings/alquiler-departamento-2-amb-cochera-palermo-caba,2026-08-13T22:35:48+00:00,alquiler,departamento_estandar,1000000.0,ARS,ARS 1000000.0,265275.83,ARS,Avenida Luis María Campos 100,Avenida Luis María Campos,100,,palermo,Palermo,14.0,Capital Federal,-34.5751476,-58.4310942,46.17,42.17,2.0,,1,1.0,,,21659.09,ALQUILER DEPARTAMENTO 2 AMB COCHERA PALERMO CABA,,,0,0,0,0,0,0,0,0,0,1,0,0,0,0,0,0,0,0,0,0,0,0
remax,abdf6813-3c46-4f9c-83c2-ae7b6eccbdb1,https://www.remax.com.ar/listings/alquiler-depto-2-amb-amoblado-palermo,2026-08-13T22:35:48+00:00,alquiler,departamento_estandar,850.0,USD,USD 850.0,250000.0,ARS,Humboldt 2400,Humboldt,2400,,palermo,Palermo,14.0,Capital Federal,-34.5791436,-58.4285409,46.67,42.17,2.0,,1,,,,18.21,Alquiler Depto 2 amb (AMOBLADO) - Palermo,,,0,0,0,0,0,0,0,0,0,0,0,0,0,0,0,0,0,0,1,0,0,0
remax,aba93726-6c4d-4331-9dc9-af9b6fbc21d3,https://www.remax.com.ar/listings/oficina-alquiler-catalinas-retiro-630-m2,2026-08-13T22:35:48+00:00,alquiler,oficina,6300.0,USD,USD 6300.0,8000000.0,ARS,Leandro N Alem 1000,Leandro N Alem,1000,,retiro,Catalinas Norte,1.0,Capital Federal,-34.595505,-58.371884,630.0,630.0,,,4,,,,10.0,Oficina Alquiler Catalinas Retiro 630 m2,,,0,0,0,0,0,0,0,0,0,0,0,0,0,0,0,0,0,0,0,0,0,0
remax,ab92d24a-7bf5-4cac-a42b-d24bb7eab451,https://www.remax.com.ar/listings/alquiler-palermo-monoambiente,2026-08-13T22:35:48+00:00,alquiler,departamento_monoambiente,900000.0,ARS,ARS 900000.0,280000.0,ARS,Godoy Cruz 2300,Godoy Cruz,2300,,palermo,Palermo,14.0,Capital Federal,-34.5822512,-58.4282708,35.0,32.0,1.0,,1,,,,25714.29,ALQUILER PALERMO MONOAMBIENTE,,,0,0,0,0,0,0,0,0,0,0,0,0,0,0,0,0,0,0,0,0,0,0
remax,ab912e47-28a1-4432-afce-c55700e6db72,https://www.remax.com.ar/listings/alquiler-depto-2-amb-c-cochera-en-villa-urquiza,2026-08-13T22:35:48+00:00,alquiler,departamento_estandar,950000.0,ARS,ARS 950000.0,300000.0,ARS,Burela 2100,Burela,2100,,villa urquiza,Villa Urquiza,12.0,Capital Federal,-34.5803339,-58.4899874,56.99,52.4,2.0,,1,1.0,,,16669.59,Alquiler Depto 2 Amb. c/Cochera en Villa Urquiza,,,0,0,0,0,0,0,0,0,0,1,0,0,0,0,0,0,0,0,0,0,0,0
remax,ab65c5e5-adb9-41a8-8bfb-0652cb2fab17,https://www.remax.com.ar/listings/alquiler-monoambiente-amoblado-monserrat-1,2026-08-13T22:35:48+00:00,alquiler,departamento_monoambiente,650000.0,ARS,ARS 650000.0,125000.0,ARS,Avenida Hipólito Yrigoyen 700,Avenida Hipólito Yrigoyen,700,,monserrat,Monserrat,1.0,Capital Federal,-34.6092514,-58.3766649,26.77,26.77,1.0,,1,,,,24280.91,ALQUILER MONOAMBIENTE AMOBLADO MONSERRAT,,,0,0,0,0,0,0,0,0,0,0,0,0,0,0,0,0,0,0,1,0,0,0
remax,ab1c3347-9c38-4fb9-8b39-eac264ba22ca,https://www.remax.com.ar/listings/alquiler-depto-2-ambientes-caballito,2026-08-13T22:35:51+00:00,alquiler,departamento_estandar,700000.0,ARS,ARS 700000.0,150000.0,ARS,Valle 900,Valle,900,,caballito,Caballito Sur,6.0,Capital Federal,-34.625059486297,-58.441091179848,42.0,39.0,2.0,,1,,,,16666.67,ALQUILER DEPTO 2 AMBIENTES CABALLITO,,,0,0,0,0,0,0,0,0,0,0,0,0,0,0,0,0,0,0,0,0,0,0
remax,ab12acc8-a8c6-4c40-8723-970a42268c5d,https://www.remax.com.ar/listings/alquiler-oficina-en-microcentro,2026-08-13T22:35:51+00:00,alquiler,oficina,600.0,USD,USD 600.0,640000.0,ARS,Maipú 700,Maipú,700,,san nicolas,San Nicolás,1.0,Capital Federal,-34.5996802,-58.3770049,112.0,112.0,,,0,,,,5.36,Alquiler Oficina en Microcentro,,,0,0,0,0,0,0,0,0,0,0,0,0,0,0,0,0,0,0,0,0,0,0
remax,aafbfe8a-7c43-461e-b6ba-6369667eaf4f,https://www.remax.com.ar/listings/alquiler-local-palermo-soho-apto-todo-rubro-130-m2,2026-08-13T22:35:51+00:00,alquiler,local,5000.0,USD,USD 5000.0,0.0,ARS,Honduras 4600,Honduras,4600,,palermo,Palermo,14.0,Capital Federal,-34.5907949,-58.4267207,130.0,130.0,,,1,,,,38.46,ALQUILER LOCAL PALERMO SOHO APTO TODO RUBRO 130 M2,,,0,0,0,0,0,0,0,0,0,0,0,0,0,0,0,0,0,0,0,0,0,0
remax,aaf40607-ff1c-4c8d-9b27-1fe2b42a873c,https://www.remax.com.ar/listings/alquiler-departamento-3-ambientes-en-la-boca,2026-08-13T22:35:51+00:00,alquiler,departamento_estandar,950000.0,ARS,ARS 950000.0,225000.0,ARS,Irala 100,Irala,100,,la boca,La Boca,4.0,Capital Federal,-34.6296701,-58.3685763,79.0,75.0,3.0,,1,,,,12025.32,ALQUILER DEPARTAMENTO 3 AMBIENTES EN LA BOCA,,,0,0,0,0,0,0,0,0,0,0,0,0,0,0,0,0,0,0,0,0,0,0
remax,aacca921-b431-4435-acfa-1f6537513ab0,https://www.remax.com.ar/listings/recoleta-alquiler-monoamb-balcon-al-frente,2026-08-13T22:35:51+00:00,alquiler,departamento_estandar,650000.0,ARS,ARS 650000.0,200000.0,ARS,Jean Jaures 1000,Jean Jaures,1000,,recoleta,Recoleta,2.0,Capital Federal,-34.5977177,-58.4064869,29.0,24.0,1.0,,1,,,,22413.79,"Recoleta,Alquiler Monoamb. balcon al frente",,,0,0,0,0,0,0,0,0,0,0,0,0,0,1,0,0,0,1,0,0,0,0
remax,aaa8d480-32c8-4fac-b508-ba8c063d1545,https://www.remax.com.ar/listings/alquiler-2-amb-en-nunez-con-cochera,2026-08-13T22:35:51+00:00,alquiler,departamento_estandar,1000000.0,ARS,ARS 1000000.0,200000.0,ARS,Manuela Pedraza 2500,Manuela Pedraza,2500,,nunez,Nuñez,13.0,Capital Federal,-34.552608606293,-58.467650953756,49.68,45.15,2.0,,1,1.0,,,20128.82,ALQUILER 2 AMB EN NUÑEZ CON COCHERA,,,0,0,0,0,0,0,0,0,0,1,0,0,0,0,0,0,0,0,0,0,0,0
remax,aa95c75e-f347-407b-9199-71ea6aa61f62,https://www.remax.com.ar/listings/alquiler-monoambiente-con-balcon-en-microcentro,2026-08-13T22:35:51+00:00,alquiler,departamento_monoambiente,1000.0,USD,USD 1000.0,0.0,ARS,Montevideo 300,Montevideo,300,,san nicolas,San Nicolás,1.0,Capital Federal,-34.6047305,-58.3895481,50.97,48.45,1.0,,1,,,,19.62,ALQUILER MONOAMBIENTE CON BALCON EN MICROCENTRO,,,0,0,0,0,0,0,0,0,0,0,0,0,0,1,0,0,0,0,0,0,0,0
remax,aa524a08-2e01-4086-92d0-f0390091c7ab,https://www.remax.com.ar/listings/alquiler-2-ambientes-amoblado-sls-puerto-madero,2026-08-13T22:35:54+00:00,alquiler,departamento_estandar,1700.0,USD,USD 1700.0,700000.0,ARS,Juana Manso 1700,Juana Manso,1700,,puerto madero,Puerto Madero,1.0,Capital Federal,-34.618599304494,-58.36185336113,69.0,49.0,2.0,,1,,,,24.64,ALQUILER 2 ambientes amoblado SLS Puerto Madero,,,0,0,0,0,0,0,0,0,0,0,0,0,0,0,0,0,0,0,1,0,0,0
remax,aa1d8e3d-e7b0-4c25-9f84-6b8d475aab64,https://www.remax.com.ar/listings/alquiler-oficina-5-ambiente-retiro,2026-08-13T22:35:54+00:00,alquiler,oficina,1300.0,USD,USD 1300.0,695000.0,ARS,Esmeralda 1300,Esmeralda,1300,,recoleta,Recoleta,2.0,Capital Federal,-34.591171201709,-58.377993317983,121.0,112.0,5.0,,1,,,,10.74,Alquiler Oficina 5 Ambiente Retiro,,,0,0,0,0,0,0,0,0,0,0,0,0,0,0,0,0,0,0,0,0,0,0
remax,aa1ca0ce-57d8-4745-8089-fe7cf0753148,https://www.remax.com.ar/listings/alquiler-oficinas-450-mts-con-cocheras-retiro-caba,2026-08-13T22:35:54+00:00,alquiler,oficina,1500.0,USD,USD 1500.0,4300000.0,ARS,Avenida Santa Fe 800,Avenida Santa Fe,800,,,Plaza San Martín,,Capital Federal,-34.595061620593,-58.379201889038,450.0,450.0,,,0,1.0,,,3.33,ALQUILER OFICINAS 450 mts con cocheras RETIRO CABA,,,0,0,0,0,0,0,0,0,0,1,0,0,0,0,0,0,0,0,0,0,0,0
remax,a9d9b8d7-b082-462f-ae6b-06bee4712bce,https://www.remax.com.ar/listings/alquiler-monoambiente-amueblado-en-san-cristobal,2026-08-13T22:35:54+00:00,alquiler,departamento_monoambiente,600000.0,ARS,ARS 600000.0,85000.0,ARS,Humberto 1º 2300,Humberto 1º,2300,1,san cristobal,San Cristobal,3.0,Capital Federal,-34.6218656,-58.3991982,21.46,21.46,1.0,,1,,,,27958.99,Alquiler monoambiente amueblado en San Cristobal,,,0,0,0,0,0,0,0,0,0,0,0,0,0,0,0,0,0,0,1,0,0,0
remax,a98eba3b-dd34-495f-9460-6cf616187ff6,https://www.remax.com.ar/listings/alquiler-2-ambientes-recoleta-calefaccion-central,2026-08-13T22:35:57+00:00,alquiler,departamento_estandar,790000.0,ARS,ARS 790000.0,219995.0,ARS,Billinghurst 2400,Billinghurst,2400,,recoleta,Recoleta,2.0,Capital Federal,-34.5838798,-58.4043341,35.5,34.21,2.0,,1,,,,22253.52,Alquiler 2 ambientes Recoleta calefacción central,,,0,0,0,0,0,1,0,0,0,0,0,0,0,0,0,0,0,0,0,0,0,0
remax,a96b18cc-4d8c-49a8-afd5-6b7403162958,https://www.remax.com.ar/listings/alquiler-departamento-3-amb-villa-urquiza,2026-08-13T22:35:57+00:00,alquiler,departamento_estandar,900000.0,ARS,ARS 900000.0,105000.0,ARS,Nahuel Huapi 5200,Nahuel Huapi,5200,,villa urquiza,Villa Urquiza,12.0,Capital Federal,-34.5722555,-58.4909198,55.66,52.64,3.0,,1,,,,16169.6,ALQUILER DEPARTAMENTO 3 AMB. VILLA URQUIZA,,,0,0,0,0,0,0,0,0,0,0,0,0,0,0,0,0,0,0,0,0,0,0
remax,a9685066-5e1e-4828-88e5-c34e7c3cd53e,https://www.remax.com.ar/listings/monoambiente-en-alquiler-en-boedo,2026-08-13T22:35:57+00:00,alquiler,departamento_estandar,500000.0,ARS,ARS 500000.0,70000.0,ARS,Avenida San Juan 4100,Avenida San Juan,4100,,boedo,Boedo,5.0,Capital Federal,-34.6266627,-58.4233961,18.0,18.0,1.0,,1,,,,27777.78,Monoambiente en ALQUILER en Boedo,,,0,0,0,0,0,0,0,0,0,0,0,0,0,0,0,0,0,0,0,0,0,0
remax,a964ec19-14f9-44ff-b415-7b11b07ddba5,https://www.remax.com.ar/listings/alquiler-3-ambientes-recoleta-dep-coch,2026-08-13T22:35:57+00:00,alquiler,departamento_semipiso,1800000.0,ARS,ARS 1800000.0,405440.0,ARS,Vicente López 1600,Vicente López,1600,,recoleta,Recoleta,2.0,Capital Federal,-34.5921179,-58.3893422,98.0,84.0,3.0,,2,,,,18367.35,ALQUILER 3 AMBIENTES RECOLETA + DEP + COCH,,,0,0,0,0,0,0,0,0,0,0,0,0,0,0,0,0,0,0,0,0,0,0
remax,a9290488-5a14-47e5-9c4d-b2eb8f862502,https://www.remax.com.ar/listings/alquiler-depto-2-amb-balcon-en-villa-urquiza,2026-08-13T22:35:57+00:00,alquiler,departamento_estandar,900000.0,ARS,ARS 900000.0,190000.0,ARS,Pacheco 3200,Pacheco,3200,,villa urquiza,Villa Urquiza,12.0,Capital Federal,-34.5658227,-58.4898109,41.54,39.35,2.0,,1,,,,21665.86,Alquiler Depto 2 amb balcón en Villa Urquiza,,,0,0,0,0,0,0,0,0,0,0,0,0,0,1,0,0,0,0,0,0,0,0
remax,a917c3d0-9ae0-4ed3-b20a-1fb60334c047,https://www.remax.com.ar/listings/alquiler-monoambiente-a-estrenar-reciclado-nuevo,2026-08-13T22:35:57+00:00,alquiler,departamento_monoambiente,600.0,USD,USD 600.0,185000.0,ARS,Pasaje San Benito de Palermo 1600,Pasaje San Benito de Palermo,1600,,palermo,Las Cañitas,14.0,Capital Federal,-34.5674796,-58.4322536,36.94,33.83,1.0,,1,,,,16.24,Alquiler Monoambiente a Estrenar Reciclado NUEVO,,,0,0,0,0,0,0,0,0,0,0,0,0,0,0,0,1,0,0,0,0,0,0
remax,a8faa6c9-4a73-4140-b01d-1b876decd46a,https://www.remax.com.ar/listings/alquiler-2-amb-palermo-reciclado-a-nuevo-bajas-exp,2026-08-13T22:35:57+00:00,alquiler,departamento_estandar,700000.0,ARS,ARS 700000.0,77000.0,ARS,Güemes 4500,Güemes,4500,,palermo,Palermo,14.0,Capital Federal,-34.5817193,-58.4231128,30.0,30.0,2.0,,1,,,,23333.33,ALQUILER 2 amb Palermo Reciclado a nuevo BAJAS EXP,,,0,0,0,0,0,0,0,0,0,0,0,0,0,0,0,1,0,0,0,0,0,0
remax,a8dcf257-08e7-49d7-a807-b4bbed9b65b8,https://www.remax.com.ar/listings/alquiler-3-ambientes-cochera-baulera-palermo-view,2026-08-13T22:36:01+00:00,alquiler,departamento_estandar,1800.0,USD,USD 1800.0,1.0,ARS,Avenida Luis María Campos 0,Avenida Luis María Campos,0,,palermo,Palermo,14.0,Capital Federal,-34.5760801,-58.4302195,74.0,74.0,3.0,,2,1.0,,,24.32,ALQUILER 3 AMBIENTES COCHERA BAULERA PALERMO VIEW,,,0,0,0,0,0,0,0,0,0,1,1,0,0,0,0,0,0,0,0,0,0,0
remax,a8be00ba-42e0-443b-98d2-02b372d5c30e,https://www.remax.com.ar/listings/alquiler-piso-oficina-1000-metros-planta-libre,2026-08-13T22:36:01+00:00,alquiler,oficina,15000.0,USD,USD 15000.0,5500.0,USD,Avenida Presidente Roque Sáenz Peña 700,Avenida Presidente Roque Sáenz Peña,700,,san nicolas,San Nicolás,1.0,Capital Federal,-34.6059737,-58.3776843,1000.0,1000.0,,,4,,,,15.0,ALQUILER PISO OFICINA 1000 METROS PLANTA LIBRE,,,0,0,0,0,0,0,0,0,0,0,0,0,0,0,0,0,0,0,0,0,0,0
remax,a8ae1666-390c-44a7-80bd-7d23e3a1d28a,https://www.remax.com.ar/listings/alquiler-departamento-2-ambientes-patio-floresta,2026-08-13T22:36:01+00:00,alquiler,departamento_estandar,600000.0,ARS,ARS 600000.0,180000.0,ARS,Mercedes 100,Mercedes,100,,floresta,Floresta,10.0,Capital Federal,-34.6324881,-58.4833902,46.59,35.97,2.0,,1,,,,12878.3,ALQUILER DEPARTAMENTO 2 AMBIENTES PATIO FLORESTA,,,0,0,0,0,0,0,0,0,0,0,0,0,0,0,0,0,0,0,0,1,0,0
remax,a8993b89-e3c6-42c3-b8f9-cbf7a7998c3d,https://www.remax.com.ar/listings/depto-2-amb-grandes-alquiler-barracas-c-vestidor,2026-08-13T22:36:01+00:00,alquiler,departamento_estandar,700000.0,ARS,ARS 700000.0,182500.0,ARS,Bolívar 1800,Bolívar,1800,,barracas,Barracas,4.0,Capital Federal,-34.6304333,-58.3718837,55.95,55.95,2.0,,1,,,,12511.17,DEPTO 2 AMB.GRANDES ALQUILER- BARRACAS -C/VESTIDOR,,,0,0,0,0,0,0,0,0,0,0,0,0,0,0,0,0,0,0,0,0,0,0
remax,a88d8c2e-bf51-4e49-8cac-413a39990ba0,https://www.remax.com.ar/listings/alquiler-importante-local-comercial-av-rivadavia,2026-08-13T22:36:01+00:00,alquiler,local,5900000.0,ARS,ARS 5900000.0,0.0,ARS,Avenida Rivadavia 1900,Avenida Rivadavia,1900,,balvanera,Balvanera,3.0,Capital Federal,-34.609205056789,-58.39353092977,198.0,198.0,,,1,,,,29797.98,ALQUILER IMPORTANTE LOCAL COMERCIAL AV. RIVADAVIA,,,0,0,0,0,0,0,0,0,0,0,0,0,0,0,0,0,0,0,0,0,0,0
remax,a886d392-354b-4f0f-8ecc-2265592a8baf,https://www.remax.com.ar/listings/alquiler-comercial-c-tres-oficinas-excelente-zona,2026-08-13T22:36:01+00:00,alquiler,oficina,500000.0,ARS,ARS 500000.0,195000.0,ARS,Ayacucho 400,Ayacucho,400,,balvanera,Balvanera,3.0,Capital Federal,-34.6046601,-58.3953847,51.9,51.9,,,2,,,,9633.91,ALQUILER COMERCIAL C/ TRES OFICINAS EXCELENTE ZONA,,,0,0,0,0,0,0,0,0,0,0,0,0,0,0,0,0,0,0,0,0,0,0
remax,a878a953-e04b-4d00-883c-e1e889d4f408,https://www.remax.com.ar/listings/monoambiente-38m2-almagro-con-balcon-sum-laundry,2026-08-13T22:36:01+00:00,alquiler,departamento_monoambiente,580000.0,ARS,ARS 580000.0,193000.0,ARS,Avenida Belgrano 3600,Avenida Belgrano,3600,,almagro,Almagro,5.0,Capital Federal,-34.61533884115,-58.417893452146,38.11,34.36,1.0,,1,,,,15219.1,"MONOAMBIENTE 38M2 ALMAGRO CON BALCÓN, SUM LAUNDRY",,,1,0,0,0,1,0,0,0,0,0,0,0,0,1,0,0,0,0,0,0,0,0
remax,a864f9eb-8cb1-49ba-acd3-af22dce494b9,https://www.remax.com.ar/listings/alquiler-dep-2-amb-en-palermo-c-sum-gym-y-cochera,2026-08-13T22:36:01+00:00,alquiler,departamento_estandar,1100.0,USD,USD 1100.0,400000.0,ARS,Avenida Córdoba 3700,Avenida Córdoba,3700,,palermo,Palermo,14.0,Capital Federal,-34.5976045,-58.4198511,71.82,70.0,2.0,,2,1.0,,,15.32,ALQUILER DEP 2 AMB. EN PALERMO C SUM GYM y COCHERA,,,1,0,0,1,1,0,0,0,0,1,0,0,0,0,0,0,0,0,0,0,0,0
remax,a85f8a45-e863-44b0-b97c-fd8e243611fb,https://www.remax.com.ar/listings/hermoso-dpto-saavedra-alquiler,2026-08-13T22:36:01+00:00,alquiler,departamento_estandar,700.0,USD,USD 700.0,210000.0,ARS,Quintana 4700,Quintana,4700,,saavedra,Saavedra,12.0,Capital Federal,-34.543147019646,-58.480984210837,41.0,37.0,2.0,,1,,,,17.07,Hermoso Dpto - Saavedra ALQUILER,,,0,0,0,0,0,0,0,0,0,0,0,0,0,0,0,0,0,0,0,0,0,0
remax,a84ea81f-b521-4640-aacd-bd6cf144cffd,https://www.remax.com.ar/listings/alquiler-3-ambientes-luminoso-villa-urquiza,2026-08-13T22:36:01+00:00,alquiler,departamento_estandar,800000.0,ARS,ARS 800000.0,200000.0,ARS,Andonaegui 2100,Andonaegui,2100,,villa urquiza,Villa Urquiza,12.0,Capital Federal,-34.578095,-58.48738,51.0,51.0,3.0,,1,,,,15686.27,ALQUILER 3 AMBIENTES LUMINOSO VILLA URQUIZA,,,0,0,0,0,0,0,0,0,0,0,0,0,1,0,0,0,0,0,0,0,0,0
remax,a8422efd-80c3-4c44-a2f1-8c7a35285c0c,https://www.remax.com.ar/listings/alquiler-depto-3-amb-c-balcon-corrido-almagro,2026-08-13T22:36:01+00:00,alquiler,departamento_estandar,900000.0,ARS,ARS 900000.0,200000.0,ARS,Estado de Palestina 500,Estado de Palestina,500,,almagro,Almagro,5.0,Capital Federal,-34.6054405,-58.4258035,54.44,44.98,3.0,,1,,,,16531.96,ALQUILER DEPTO 3 AMB C BALCÓN CORRIDO ALMAGRO,,,0,0,0,0,0,0,0,0,0,0,0,0,0,1,0,0,0,0,0,0,0,0
remax,a83fe53d-435f-4115-a9fe-0acbe65377d6,https://www.remax.com.ar/listings/alquiler-departamento-2-ambientes-2,2026-08-13T22:36:01+00:00,alquiler,departamento_estandar,650000.0,ARS,ARS 650000.0,150000.0,ARS,Gascón 0,Gascón,0,,almagro,Almagro,5.0,Capital Federal,-34.6117411,-58.4238495,43.0,38.0,2.0,,1,,,,15116.28,ALquiler departamento 2 ambientes,,,0,0,0,0,0,0,0,0,0,0,0,0,0,0,0,0,0,0,0,0,0,0
remax,a82340bc-9cd0-47ba-800e-cf77e34053dc,https://www.remax.com.ar/listings/alq-depto-monoambiente-divisible-balcon-caballito,2026-08-13T22:36:04+00:00,alquiler,departamento_monoambiente,700000.0,ARS,ARS 700000.0,200000.0,ARS,Cucha Cucha 1000,Cucha Cucha,1000,,caballito,Caballito Norte,6.0,Capital Federal,-34.610207970664,-58.449494287961,40.0,37.0,1.0,,1,,,,17500.0,ALQ DEPTO MONOAMBIENTE DIVISIBLE BALCÓN CABALLITO,,,0,0,0,0,0,0,0,0,0,0,0,0,0,1,0,0,0,0,0,0,0,0
remax,a820e484-fa9b-489a-9d20-595aa75ff4e2,https://www.remax.com.ar/listings/alquiler-monoambiente-c-balcon-al-frente-balvanera,2026-08-13T22:36:04+00:00,alquiler,departamento_monoambiente,550000.0,ARS,ARS 550000.0,150000.0,ARS,Matheu 100,Matheu,100,,balvanera,Balvanera,3.0,Capital Federal,-34.611648,-58.400527,29.0,25.0,1.0,,1,,,,18965.52,ALQUILER MONOAMBIENTE C BALCON AL FRENTE Balvanera,,,0,0,0,0,0,0,0,0,0,0,0,0,0,1,0,0,0,1,0,0,0,0
remax,a8142d62-3791-454a-8c8d-c7f7e6fb5f66,https://www.remax.com.ar/listings/alquiler-2-ambientes-amenities-cochera-v-urq,2026-08-13T22:36:04+00:00,alquiler,departamento_estandar,950000.0,ARS,ARS 950000.0,200000.0,ARS,Avenida Congreso 5000,Avenida Congreso,5000,,villa urquiza,Villa Urquiza,12.0,Capital Federal,-34.5697492,-58.4896974,41.23,36.36,2.0,,1,1.0,,,23041.47,ALQUILER 2 AMBIENTES - AMENITIES - COCHERA - V URQ,,,1,0,0,0,0,0,0,0,0,1,0,0,0,0,0,0,0,0,0,0,0,0
remax,a8039786-b679-465e-bfd6-850f2b66342e,https://www.remax.com.ar/listings/departamento-en-alquiler-dos-amb-c-balcon-flores-2,2026-08-13T22:36:04+00:00,alquiler,departamento_estandar,850000.0,ARS,ARS 850000.0,90000.0,ARS,Yerbal 2100,Yerbal,2100,,flores,Flores,7.0,Capital Federal,-34.6265345,-58.4602196,44.0,44.0,2.0,,1,,,,19318.18,departamento en alquiler dos amb. c. balcon Flores,,,0,0,0,0,0,0,0,0,0,0,0,0,0,1,0,0,0,0,0,0,0,0
remax,a7f6908c-41eb-4793-aec4-db24b00d82fe,https://www.remax.com.ar/listings/alquiler-depto-monoambiente-palermo-chico-nuevo,2026-08-13T22:36:04+00:00,alquiler,departamento_monoambiente,590000.0,ARS,ARS 590000.0,100000.0,ARS,Fray Justo Santa María de Oro 2600,Fray Justo Santa María de Oro,2600,,palermo,Palermo,14.0,Capital Federal,-34.5779401,-58.4229718,39.0,34.0,1.0,,1,,,,15128.21,ALQUILER DEPTO MONOAMBIENTE PALERMO CHICO. NUEVO!,,,0,0,0,0,0,0,0,0,0,0,0,0,0,0,0,0,0,0,0,0,0,0
remax,a7f1116d-db4b-4df5-beb6-792f287c21d7,https://www.remax.com.ar/listings/departamento-2-ambientes-en-alquiler-en-caballito-1,2026-08-13T22:36:04+00:00,alquiler,departamento_estandar,700000.0,ARS,ARS 700000.0,222000.0,ARS,Espinosa 700,Espinosa,700,,caballito,Caballito,6.0,Capital Federal,-34.6143058,-58.4497459,40.46,36.74,2.0,,1,,,,17301.04,Departamento 2 ambientes en alquiler en Caballito,,,0,0,0,0,0,0,0,0,0,0,0,0,0,0,0,0,0,0,0,0,0,0
remax,a7cf9c87-711d-42ce-9573-eb4c71cd4f84,https://www.remax.com.ar/listings/loft-residencial-apto-profesional-comercial-1,2026-08-13T22:36:04+00:00,alquiler,oficina,1800000.0,ARS,ARS 1800000.0,360000.0,ARS,Avenida Regimiento de Patricios 100,Avenida Regimiento de Patricios,100,,la boca,La Boca,4.0,Capital Federal,-34.6315127,-58.3703175,106.66,102.52,1.0,,2,,,,16876.05,Loft Residencial Apto Profesional / Comercial,,,0,0,0,0,0,0,0,0,1,0,0,0,0,0,0,0,0,0,0,0,0,0
remax,a7bf18f5-4add-42ad-a3bc-adc85001010a,https://www.remax.com.ar/listings/departamento-2-ambientes-alquiler-palermo-1,2026-08-13T22:36:04+00:00,alquiler,departamento_estandar,750000.0,ARS,ARS 750000.0,0.0,ARS,Avenida Santa Fe 1900,Avenida Santa Fe,1900,,recoleta,Recoleta,2.0,Capital Federal,-34.5955503,-58.395035,30.0,30.0,2.0,,1,,,,25000.0,Departamento 2 ambientes alquiler Palermo,,,0,0,0,0,0,0,0,0,0,0,0,0,0,0,0,0,0,0,0,0,0,0
remax,a7bcd58e-b73c-4ae8-994f-b64b6dd1c16d,https://www.remax.com.ar/listings/departamento-dos-ambientes-7,2026-08-13T22:36:04+00:00,alquiler,departamento_estandar,500000.0,ARS,ARS 500000.0,150000.0,ARS,Tucumán 400,Tucumán,400,,san nicolas,San Nicolás,1.0,Capital Federal,-34.601004,-58.3732183,38.75,38.75,2.0,,1,,,,12903.23,Departamento Dos Ambientes,,,0,0,0,0,0,0,0,0,0,0,0,0,0,0,0,0,0,0,0,0,0,0
remax,a7a18d60-3e70-4943-b547-7c346b6d42d2,https://www.remax.com.ar/listings/alquiler-oficina-puerto-madero-amoblada,2026-08-13T22:36:04+00:00,alquiler,oficina,1800.0,USD,USD 1800.0,685000.0,ARS,Avenida Alicia Moreau de Justo 1700,Avenida Alicia Moreau de Justo,1700,,puerto madero,Puerto Madero,1.0,Capital Federal,-34.618967508188,-58.365399241447,135.0,132.0,,,1,,,,13.33,Alquiler oficina Puerto Madero Amoblada,,,0,0,0,0,0,0,0,0,0,0,0,0,0,0,0,0,0,0,0,0,0,0
remax,a784f681-36ab-4e16-a42e-396a7f928108,https://www.remax.com.ar/listings/alquiler-monoambiente-premium-amoblado-palermo,2026-08-13T22:36:04+00:00,alquiler,departamento_estandar,1000.0,USD,USD 1000.0,182101.07,ARS,Fray Justo Santa María de Oro 2700,Fray Justo Santa María de Oro,2700,,palermo,Palermo,14.0,Capital Federal,-34.5763587,-58.4218912,33.84,30.87,1.0,,1,,,,29.55,ALQUILER MONOAMBIENTE PREMIUM AMOBLADO PALERMO,,,0,0,0,0,0,0,0,0,0,0,0,0,0,0,0,0,0,0,1,0,0,0
remax,a7571fd9-69e3-4347-8b43-433173871998,https://www.remax.com.ar/listings/alquiler-departamento-excelente-2-amb-palermo,2026-08-13T22:36:08+00:00,alquiler,departamento_estandar,610000.0,ARS,ARS 610000.0,171000.0,ARS,Alvarez Thomas 1200,Alvarez Thomas,1200,,palermo,Palermo,14.0,Capital Federal,-34.630077429831,-58.407430794133,30.79,30.79,2.0,,1,,,,19811.63,Alquiler Departamento Excelente 2 amb. Palermo,,,0,0,0,0,0,0,0,0,0,0,0,0,0,0,0,0,0,0,0,0,0,0
remax,a70fd2ae-02a8-4d20-abe9-31e7d36c7a28,https://www.remax.com.ar/listings/3-ambientes-amoblado-con-balcon-terraza-en-palermo,2026-08-13T22:36:08+00:00,alquiler,departamento_estandar,1690000.0,ARS,ARS 1690000.0,200000.0,ARS,Charcas 5200,Charcas,5200,,palermo,Palermo Hollywood,14.0,Capital Federal,-34.57776351641,-58.431051659253,68.64,50.77,3.0,,1,,,,24621.21,3 Ambientes Amoblado con Balcón Terraza en Palermo,,,0,0,0,0,0,0,0,0,0,0,0,0,0,1,0,0,0,0,1,0,0,0
remax,a7042e00-89e5-451f-accf-d6e41b2d95f3,https://www.remax.com.ar/listings/monoambiente-con-muebles-zona-palermo-disponible,2026-08-13T22:36:08+00:00,alquiler,departamento_estandar,390.0,USD,USD 390.0,98000.0,ARS,Avenida Santa Fe 4500,Avenida Santa Fe,4500,,palermo,Palermo Chico,14.0,Capital Federal,-34.5795078,-58.4244713,26.0,26.0,1.0,,1,,,,15.0,Monoambiente con muebles zona Palermo disponible,,,0,0,0,0,0,0,0,0,0,0,0,0,0,0,0,0,0,0,0,0,0,0
remax,a69cb95b-021f-4d89-9d6e-10f839e53a54,https://www.remax.com.ar/listings/depto-duplex-5-ambientes-en-alquiler-en-recoleta,2026-08-13T22:36:11+00:00,alquiler,departamento_duplex,2450.0,USD,USD 2450.0,894000.0,ARS,José Andrés Pacheco de Melo 1800,José Andrés Pacheco de Melo,1800,,recoleta,Recoleta,2.0,Capital Federal,-34.5919599,-58.39358,206.0,165.0,5.0,,3,,,,11.89,Depto duplex 5 Ambientes en Alquiler en Recoleta,,,0,0,0,0,0,0,0,0,0,0,0,0,0,0,0,0,0,0,0,0,0,0
remax,a6914a78-9aa5-46c5-8fe5-0ca3869492ea,https://www.remax.com.ar/listings/casa-alquiler-comercial-8-ambientes-caballito,2026-08-13T22:36:11+00:00,alquiler,casa,2500.0,USD,USD 2500.0,0.0,ARS,Arturo Jauretche 0,Arturo Jauretche,0,,caballito,Caballito,6.0,Capital Federal,-34.609382773738,-58.433328866959,252.96,213.7,8.0,,2,,,,9.88,CASA ALQUILER COMERCIAL 8 AMBIENTES CABALLITO,,,0,0,0,0,0,0,0,0,0,0,0,0,0,0,0,0,0,0,0,0,0,0
remax,a67e84ad-ee36-43ba-877d-f3cbd805e589,https://www.remax.com.ar/listings/monoambiente-amplio-y-luminoso-en-microcentro,2026-08-13T22:36:11+00:00,alquiler,departamento_monoambiente,550000.0,ARS,ARS 550000.0,170000.0,ARS,Tucumán 300,Tucumán,300,,san nicolas,San Nicolás,1.0,Capital Federal,-34.6009171,-58.3718375,36.0,36.0,1.0,,1,,,,15277.78,Monoambiente amplio y luminoso en Microcentro,,,0,0,0,0,0,0,0,0,0,0,0,0,1,0,0,0,0,0,0,0,0,0
remax,a660c654-a95e-49ef-96a8-dff76ab9c9dd,https://www.remax.com.ar/listings/alquiler-oficina-corporativa-microcentro,2026-08-13T22:36:11+00:00,alquiler,oficina,1500.0,USD,USD 1500.0,,ARS,Sarmiento 400,Sarmiento,400,,san nicolas,San Nicolás,1.0,Capital Federal,-34.6043232,-58.3731855,229.05,229.05,,,2,,,,6.55,Alquiler Oficina Corporativa | Microcentro,,,0,0,0,0,0,0,0,0,0,0,0,0,0,0,0,0,0,0,0,0,0,0
remax,a650c5e9-8351-4355-812f-dc9d29799e76,https://www.remax.com.ar/listings/depto-1-amb-divisible-alquiler-almagro-apto-prof,2026-08-13T22:36:11+00:00,alquiler,departamento_estandar,500000.0,ARS,ARS 500000.0,158650.0,ARS,Rauch 3900,Rauch,3900,,almagro,Almagro,5.0,Capital Federal,-34.5999506,-58.4196765,27.2,27.2,1.0,,1,,,,18382.35,DEPTO 1 AMB DIVISIBLE ALQUILER ALMAGRO APTO PROF,,,0,0,0,0,0,0,0,0,0,0,0,0,0,0,0,0,0,0,0,0,0,0
remax,a6506a5f-0b0b-4981-bd99-48a8f23073c1,https://www.remax.com.ar/listings/alquiler-departamento-2-amb-a-estrenar,2026-08-13T22:36:11+00:00,alquiler,departamento_estandar,900000.0,ARS,ARS 900000.0,110000.0,ARS,Martiniano Leguizamón 4200,Martiniano Leguizamón,4200,,villa lugano,Villa Lugano,8.0,Capital Federal,-34.6782239,-58.4759619,42.0,40.0,2.0,,1,,,,21428.57,ALQUILER departamento 2 amb a estrenar,,,0,0,0,0,0,0,0,0,0,0,0,0,0,0,0,0,0,0,0,0,0,0
remax,a5e623ce-b9ca-4b58-9b06-7e58fb607ef8,https://www.remax.com.ar/listings/alquiler-palermo-chico-3-dorm-en-suite-sin-muebles-1,2026-08-13T22:36:11+00:00,alquiler,departamento_piso,4900.0,USD,USD 4900.0,2100000.0,ARS,Zenteno 3100,Zenteno,3100,,palermo,Palermo Chico,14.0,Capital Federal,-34.5799765,-58.403992,280.0,240.0,6.0,,4,,,,17.5,Alquiler Palermo Chico 3 dorm en suite SIN muebles,,,0,0,0,0,0,0,0,0,0,0,0,0,0,0,0,0,0,0,0,0,0,0
remax,a59bedca-5330-4265-b630-7c0cca0cc69e,https://www.remax.com.ar/listings/departamento-en-alquiler-san-cristobal-1-ambiente,2026-08-13T22:36:14+00:00,alquiler,departamento_monoambiente,550000.0,ARS,ARS 550000.0,127000.0,ARS,Avenida San Juan 2100,Avenida San Juan,2100,,san cristobal,San Cristobal,3.0,Capital Federal,-34.6228826,-58.3962814,33.6,30.3,1.0,,1,,,,16369.05,DEPARTAMENTO EN ALQUILER SAN CRISTOBAL 1 AMBIENTE,,,0,0,0,0,0,0,0,0,0,0,0,0,0,0,0,0,0,0,0,0,0,0
remax,a53344cd-1dcf-4a24-9089-8576c43dbd52,https://www.remax.com.ar/listings/luminoso-depto-2-amb-45-m2-pileta-balcon-apto-prof,2026-08-13T22:36:14+00:00,alquiler,departamento_estandar,1200000.0,ARS,ARS 1200000.0,350000.0,ARS,Ávalos 1900,Ávalos,1900,,villa urquiza,Villa Urquiza,12.0,Capital Federal,-34.5789824,-58.4825991,45.0,42.0,2.0,,1,,,,26666.67,LUMINOSO DEPTO 2 AMB/45 M2/PILETA/BALCON/APTO PROF,,,1,1,0,0,0,0,0,0,0,0,0,0,1,1,0,0,0,0,0,0,0,0
remax,a4ebf703-f5c5-49c5-982a-2c5c24af5254,https://www.remax.com.ar/listings/monoambiente-alquiler-con-patio-villa-urquiza,2026-08-13T22:36:14+00:00,alquiler,departamento_monoambiente,650000.0,ARS,ARS 650000.0,165000.0,ARS,Donado 2100,Donado,2100,,villa urquiza,Villa Urquiza,12.0,Capital Federal,-34.5723387,-58.4753799,36.0,18.0,1.0,,1,,,,18055.56,Monoambiente alquiler con patio Villa Urquiza,,,0,0,0,0,0,0,0,0,0,0,0,0,0,0,0,0,0,0,0,1,0,0
remax,a4e782be-3e42-4cac-a722-261ef0ebbe14,https://www.remax.com.ar/listings/alquiler-2-3-ambientes-recoleta-apto-prof,2026-08-13T22:36:14+00:00,alquiler,departamento_estandar,800000.0,ARS,ARS 800000.0,520000.0,ARS,Avenida Pueyrredón 1500,Avenida Pueyrredón,1500,,recoleta,Barrio Norte,2.0,Capital Federal,-34.592856,-58.4018374,63.23,56.38,2.0,,2,,,,12652.22,ALQUILER 2/3 AMBIENTES RECOLETA -APTO PROF,,,0,0,0,0,0,0,0,0,0,0,0,0,0,0,0,0,0,0,0,0,0,0
remax,a4e60934-2d83-4e97-b298-8ac52a12de13,https://www.remax.com.ar/listings/cochera-privada-sin-expensas-en-alquiler-barracas,2026-08-13T22:36:14+00:00,alquiler,cochera,220000.0,ARS,ARS 220000.0,0.0,ARS,Avenida Suárez 1700,Avenida Suárez,1700,,barracas,Barracas,4.0,Capital Federal,-34.6387354,-58.3750237,15.0,15.0,,,0,1.0,,,14666.67,Cochera privada sin Expensas en alquiler Barracas,,,0,0,0,0,0,0,0,0,0,1,0,0,0,0,0,0,0,0,0,0,0,0
remax,a4ddd1a6-abb0-4a9e-9fa1-9f331a199ad9,https://www.remax.com.ar/listings/alquiler-depto-planta-libre-c-recepcion-palermo,2026-08-13T22:36:17+00:00,alquiler,departamento_estandar,750000.0,ARS,ARS 750000.0,188000.0,ARS,Mario Bravo 1000,Mario Bravo,1000,,recoleta,Barrio Norte,2.0,Capital Federal,-34.5974682,-58.4157121,58.29,52.39,2.0,,1,,,,12866.7,"ALQUILER DEPTO, PLANTA LIBRE C/RECEPCIÓN PALERMO",,,0,0,0,0,0,0,0,0,0,0,0,0,0,0,0,0,0,0,0,0,0,0
remax,a4caa211-ba1d-40d4-9d44-0467b472e721,https://www.remax.com.ar/listings/depto-2-amb-c-cochera-alquiler-san-cristobal,2026-08-13T22:36:17+00:00,alquiler,departamento_estandar,1050000.0,ARS,ARS 1050000.0,347000.0,ARS,Av Independencia 3200,Av Independencia,3200,,san cristobal,San Cristobal,3.0,Capital Federal,-34.61922355685,-58.411903381348,41.46,37.0,2.0,,1,1.0,,,25325.62,DEPTO 2 amb. c/cochera - ALQUILER -San Cristobal,,,0,0,0,0,0,0,0,0,0,1,0,0,0,0,0,0,0,0,0,0,0,0
remax,a4beda70-fe80-45a0-b89e-0a7aef09e87d,https://www.remax.com.ar/listings/impecable-2-amb-en-belgrano-c-opcion-amoblado,2026-08-13T22:36:17+00:00,alquiler,departamento_estandar,700000.0,ARS,ARS 700000.0,137000.0,ARS,Ciudad de la Paz 2700,Ciudad de la Paz,2700,,belgrano,Belgrano,13.0,Capital Federal,-34.556993351544,-58.462502122857,30.59,30.59,2.0,,1,,,,22883.3,Impecable 2 Amb. en Belgrano. (c/opción Amoblado),,,0,0,0,0,0,0,0,0,0,0,0,0,0,0,0,0,0,0,1,0,0,0
remax,a3a64eed-2bdc-4fd4-ac24-2e61a17253ab,https://www.remax.com.ar/listings/alquiler-local-comercial-a-la-calle-villa-urquiza,2026-08-13T22:36:21+00:00,alquiler,local,700000.0,ARS,ARS 700000.0,0.0,ARS,Manuela Pedraza 5600,Manuela Pedraza,5600,,villa urquiza,Villa Urquiza,12.0,Capital Federal,-34.5680903,-58.4978482,27.0,27.0,,,1,,,,25925.93,ALQUILER LOCAL Comercial a la calle VIlla Urquiza,,,0,0,0,0,0,0,0,0,0,0,0,0,0,0,0,0,0,0,0,0,0,0
remax,a39c54e2-dab0-4dda-b98e-f43c494e02ab,https://www.remax.com.ar/listings/alquiler-monoambiente-en-palermo-1,2026-08-13T22:36:21+00:00,alquiler,departamento_estandar,500000.0,ARS,ARS 500000.0,120000.0,ARS,Aráoz 2200,Aráoz,2200,,palermo,Palermo,14.0,Capital Federal,-34.5877068,-58.4184504,22.37,22.37,1.0,,1,,,,22351.36,ALQUILER MONOAMBIENTE EN PALERMO,,,0,0,0,0,0,0,0,0,0,0,0,0,0,0,0,0,0,0,0,0,0,0
remax,a368a719-88e4-4a61-bde3-f4153c526bb5,https://www.remax.com.ar/listings/alquiler-de-monoambiente-en-belgrano-cochera-desc,2026-08-13T22:36:21+00:00,alquiler,departamento_monoambiente,750000.0,ARS,ARS 750000.0,225000.0,ARS,Manuel Ugarte 1700,Manuel Ugarte,1700,,belgrano,Belgrano,13.0,Capital Federal,-34.5528979,-58.4549849,33.0,30.0,1.0,,1,1.0,,,22727.27,ALQUILER DE MONOAMBIENTE EN BELGRANO COCHERA DESC,,,0,0,0,0,0,0,0,0,0,1,0,0,0,0,0,0,0,0,0,0,0,0
remax,a365c156-475f-4a1f-87ce-70a89e027a33,https://www.remax.com.ar/listings/alquiler-monoambiente-c-balcon-zona-alto-palermo,2026-08-13T22:36:21+00:00,alquiler,departamento_estandar,700000.0,ARS,ARS 700000.0,166467.0,ARS,Avenida Coronel Díaz 1700,Avenida Coronel Díaz,1700,,palermo,Palermo,14.0,Capital Federal,-34.5908331,-58.4119098,33.0,27.5,1.0,,1,,,,21212.12,"Alquiler Monoambiente , c/balcón zona Alto Palermo",,,0,0,0,0,0,0,0,0,0,0,0,0,0,1,0,0,0,0,0,0,0,0
remax,a363cbae-0ee0-4f82-9a56-d0de557b7f2a,https://www.remax.com.ar/listings/quartier-boulevard-piso-20-remodelado-2-ambientes,2026-08-13T22:36:21+00:00,alquiler,departamento_estandar,1800.0,USD,USD 1800.0,450000.0,ARS,Juan B Justo 1000,Juan B Justo,1000,,palermo,Palermo,14.0,Capital Federal,-34.582379750339,-58.431279659271,55.0,50.0,2.0,,1,,,,32.73,Quartier Boulevard Piso 20 Remodelado 2 Ambientes,,,0,0,0,0,0,0,0,0,0,0,0,0,0,0,0,0,0,0,0,0,0,0
remax,a360a94e-4f97-46d2-b8ed-f6a8b48810c4,https://www.remax.com.ar/listings/alquiler-3-ambientes-escritorio-belgrano-cochera,2026-08-13T22:36:21+00:00,alquiler,departamento_piso,1650000.0,ARS,ARS 1650000.0,380000.0,ARS,Capitán General Ramón Freire 2700,Capitán General Ramón Freire,2700,,belgrano,Belgrano,13.0,Capital Federal,-34.560670877345,-58.468965093925,80.0,75.0,3.0,,2,1.0,,,20625.0,ALQUILER 3 AMBIENTES ESCRITORIO BELGRANO COCHERA,,,0,0,0,0,0,0,0,0,0,1,0,0,0,0,0,0,0,0,0,0,0,0
remax,a35e12e6-b15b-4354-abb1-f787e71a511e,https://www.remax.com.ar/listings/alquiler-2-amb-cochera-sum-seguridad-24hs,2026-08-13T22:36:21+00:00,alquiler,departamento_estandar,1000000.0,ARS,ARS 1000000.0,270000.0,ARS,Franklin Delano Roosevelt 5600,Franklin Delano Roosevelt,5600,,villa urquiza,Villa Urquiza,12.0,Capital Federal,-34.5772213,-58.4929467,39.37,36.63,2.0,,1,1.0,,,25400.05,ALQUILER 2 AMB+ COCHERA/SUM/SEGURIDAD 24HS,,,1,0,0,0,0,0,0,0,0,1,0,1,0,0,0,0,0,0,0,0,0,0
remax,a2ce161e-69a9-4036-bdee-e8b93b0d2870,https://www.remax.com.ar/listings/alquiler-almagro-monoambiente-amenities,2026-08-13T22:36:24+00:00,alquiler,departamento_estandar,470000.0,ARS,ARS 470000.0,110000.0,ARS,Diaz Velez 4300,Diaz Velez,4300,,almagro,Almagro,5.0,Capital Federal,-34.609096,-58.428245,20.0,20.0,1.0,,1,,,,23500.0,Alquiler Almagro Monoambiente Amenities,,,1,0,0,0,0,0,0,0,0,0,0,0,0,0,0,0,0,0,0,0,0,0
remax,a2cd8dc7-172b-47ee-9ce2-7231f7f26024,https://www.remax.com.ar/listings/alquiler-impecable-monoambiente-en-velez-sarfield,2026-08-13T22:36:24+00:00,alquiler,departamento_monoambiente,480000.0,ARS,ARS 480000.0,65000.0,ARS,San Blas 4900,San Blas,4900,,velez sarsfield,Velez Sarsfield,10.0,Capital Federal,-34.62644,-58.504721,26.0,26.0,1.0,,1,,,,18461.54,ALQUILER Impecable Monoambiente en Velez Sarfield,,,0,0,0,0,0,0,0,0,0,0,0,0,0,0,0,0,0,0,0,0,0,0
remax,a2cc56b9-6bd1-4acb-8d33-07caac416b54,https://www.remax.com.ar/listings/local-comercial-alquiler-retiro,2026-08-13T22:36:24+00:00,alquiler,local,2800.0,USD,USD 2800.0,1750000.0,ARS,Esmeralda 1000,Esmeralda,1000,,retiro,Retiro,1.0,Capital Federal,-34.5954218,-58.3785766,215.0,215.0,,,1,,,,13.02,Local comercial alquiler Retiro,,,0,0,0,0,0,0,0,0,0,0,0,0,0,0,0,0,0,0,0,0,0,0
remax,a2c8a841-6d88-4312-a4f2-86fec268e155,https://www.remax.com.ar/listings/departamento-en-alquiler-patio-pileta-palermo,2026-08-13T22:36:24+00:00,alquiler,departamento_estandar,850000.0,ARS,ARS 850000.0,250000.0,ARS,Avenida Raúl Scalabrini Ortiz 3300,Avenida Raúl Scalabrini Ortiz,3300,,palermo,Palermo,14.0,Capital Federal,-34.5786715,-58.4090124,52.0,46.0,2.0,,1,,,,16346.15,Departamento en Alquiler Patio Pileta Palermo,,,1,1,0,0,0,0,0,0,0,0,0,0,0,0,0,0,0,0,0,1,0,0
remax,a2a6ecf6-914d-422b-b4c2-6e3b84f8af27,https://www.remax.com.ar/listings/alquiler-departamento-2-ambientes-villa-crespo,2026-08-13T22:36:24+00:00,alquiler,departamento_estandar,650000.0,ARS,ARS 650000.0,96000.0,ARS,Acoyte 1300,Acoyte,1300,,villa crespo,Villa Crespo,15.0,Capital Federal,-34.6038785,-58.4422094,34.0,33.0,2.0,,1,,,,19117.65,ALQUILER DEPARTAMENTO 2 AMBIENTES VILLA CRESPO,,,0,0,0,0,0,0,0,0,0,0,0,0,0,0,0,0,0,0,0,0,0,0
remax,a29493a3-2ef2-4396-8a09-bc5a57aa0b81,https://www.remax.com.ar/listings/alquiler-piso-4-ambientes-con-dep-en-belgrano,2026-08-13T22:36:24+00:00,alquiler,departamento_estandar,2600000.0,ARS,ARS 2600000.0,900000.0,ARS,O Higgins 1900,O Higgins,1900,,belgrano,Belgrano,13.0,Capital Federal,-34.560877037992,-58.451685905457,161.0,139.0,4.0,,3,,,,16149.07,ALQUILER PISO 4 ambientes con dep en Belgrano,,,0,0,0,0,0,0,0,0,0,0,0,0,0,0,0,0,0,0,0,0,0,0
remax,a28cdc3f-2fae-4717-bc58-b58c8c74ee1e,https://www.remax.com.ar/listings/local-alquiler-av-san-martin-villa-devoto-38-mts,2026-08-13T22:36:24+00:00,alquiler,local,1150000.0,ARS,ARS 1150000.0,,ARS,San Martin 6500,San Martin,6500,,villa devoto,Villa Devoto,11.0,Capital Federal,-34.592971355293,-58.506848970428,37.81,37.81,,,1,,,,30415.23,LOCAL ALQUILER AV SAN MARTIN VILLA DEVOTO 38 MTS,,,0,0,0,0,0,0,0,0,0,0,0,0,0,0,0,0,0,0,0,0,0,0
remax,a28cb94e-7aa3-4368-99f3-da46bf662d4e,https://www.remax.com.ar/listings/alquiler-oficina-s-nicolas-con-opcion-de-compra,2026-08-13T22:36:24+00:00,alquiler,oficina,300000.0,ARS,ARS 300000.0,324000.0,ARS,Avenida de Mayo 900,Avenida de Mayo,900,,san nicolas,San Nicolás,1.0,Capital Federal,-34.6087715,-58.3803712,89.76,89.76,,,4,,,,3342.25,"Alquiler Oficina S. Nicolás, con opcion de compra",,,0,0,0,0,0,0,0,0,0,0,0,0,0,0,0,0,0,0,0,0,0,0
remax,a26ed2a9-7c18-41d7-9509-c1b0c5cd03f4,https://www.remax.com.ar/listings/alquiler-2-amb-almagro-luminoso,2026-08-13T22:36:24+00:00,alquiler,departamento_estandar,660000.0,ARS,ARS 660000.0,99000.0,ARS,Colombres 0,Colombres,0,,almagro,Almagro,5.0,Capital Federal,-34.6118587384,-58.419344918802,36.0,36.0,2.0,,1,,,,18333.33,Alquiler 2 AMB - Almagro - Luminoso -,,,0,0,0,0,0,0,0,0,0,0,0,0,1,0,0,0,0,0,0,0,0,0
remax,a253a278-39ab-417b-b6c3-bf8c13098049,https://www.remax.com.ar/listings/alquiler-departamento-3-ambientes-san-telmo-2,2026-08-13T22:36:26+00:00,alquiler,departamento_estandar,720000.0,ARS,ARS 720000.0,170000.0,ARS,Carlos Calvo 600,Carlos Calvo,600,,san telmo,San Telmo,1.0,Capital Federal,-34.6197331,-58.374799,51.5,51.5,3.0,,1,,,,13980.58,ALQUILER DEPARTAMENTO 3 AMBIENTES SAN TELMO,,,0,0,0,0,0,0,0,0,0,0,0,0,0,0,0,0,0,0,0,0,0,0
remax,a2448dec-c5d2-46a2-99f6-916051838984,https://www.remax.com.ar/listings/departamento-alquiler-3-ambientes-frente-parque,2026-08-13T22:36:26+00:00,alquiler,departamento_estandar,1000000.0,ARS,ARS 1000000.0,300000.0,ARS,Avenida General Las Heras 3200,Avenida General Las Heras,3200,,palermo,Palermo,14.0,Capital Federal,-34.5832337,-58.4064565,56.0,56.0,3.0,,1,,,,17857.14,Departamento Alquiler 3 Ambientes Frente Parque,,,0,0,0,0,0,0,0,0,0,0,0,0,0,0,0,0,0,0,0,0,0,0
remax,a237b592-3482-4447-8e9a-a59916c1a05e,https://www.remax.com.ar/listings/alquiler-monoamb-palermo-a-prof-comercial-balcon,2026-08-13T22:36:26+00:00,alquiler,departamento_estandar,700000.0,ARS,ARS 700000.0,360000.0,ARS,Ciudad de la Paz 300,Ciudad de la Paz,300,,palermo,Palermo,14.0,Capital Federal,-34.5739187,-58.4419798,47.08,42.24,1.0,,1,,,,14868.31,ALQUILER MONOAMB PALERMO. A/PROF-COMERCIAL. BALCON,,,0,0,0,0,0,0,0,0,0,0,0,0,0,1,0,0,0,0,0,0,0,0
remax,a2212d7a-7c08-4a57-843b-21e45b3d240f,https://www.remax.com.ar/listings/palermo-nuevo-tres-ambientes-amenities-amoblado,2026-08-13T22:36:26+00:00,alquiler,departamento_estandar,1350.0,USD,USD 1350.0,310000.0,ARS,Juncal 4500,Juncal,4500,,palermo,Palermo Nuevo,14.0,Capital Federal,-34.576931056298,-58.423023819923,77.0,73.33,3.0,,1,,,,17.53,"Palermo Nuevo, tres ambientes amenities!!AMOBLADO.",,,1,0,0,0,0,0,0,0,0,0,0,0,0,0,0,0,0,0,1,0,0,0
remax,a2205cf1-a668-4796-b8fa-f196048a49ea,https://www.remax.com.ar/listings/alquiler-monoambiente-amoblado-solar-del-abasto,2026-08-13T22:36:26+00:00,alquiler,departamento_estandar,600000.0,ARS,ARS 600000.0,150000.0,ARS,Avenida Corrientes 3300,Avenida Corrientes,3300,,balvanera,Balvanera,3.0,Capital Federal,-34.6039418,-58.4123399,26.0,26.0,1.0,,1,,,,23076.92,ALQUILER MONOAMBIENTE AMOBLADO SOLAR DEL ABASTO,,,0,0,0,0,0,0,0,0,0,0,0,0,0,0,0,0,0,0,1,0,0,0
remax,a207237b-5ac4-4872-ad78-687eac627623,https://www.remax.com.ar/listings/torre-versalles-local-1-amb-versalles,2026-08-13T22:36:26+00:00,alquiler,local,2300.0,USD,USD 2300.0,0.0,ARS,Avenida Lope de Vega 1400,Avenida Lope de Vega,1400,,villa luro,Villa Luro,10.0,Capital Federal,-34.6264086,-58.5090705,134.0,134.0,1.0,,1,,,,17.16,TORRE VERSALLES - LOCAL - 1 AMB - VERSALLES,,,0,0,0,0,0,0,0,0,0,0,0,0,0,0,0,0,0,0,0,0,0,0
remax,a1ef2f02-c663-4629-98c8-d7845834790a,https://www.remax.com.ar/listings/alquiler-3-ambientes-en-monserrat-apto-prof,2026-08-13T22:36:26+00:00,alquiler,departamento_estandar,900000.0,ARS,ARS 900000.0,280000.0,ARS,Moreno 800,Moreno,800,,monserrat,Monserrat,1.0,Capital Federal,-34.6118431,-58.3784459,76.4,70.0,3.0,,1,,,,11780.1,"Alquiler 3 ambientes en Monserrat, apto Prof.",,,0,0,0,0,0,0,0,0,0,0,0,0,0,0,0,0,0,0,0,0,0,0
remax,a1bfee6b-26f9-471a-80a9-352ee6e25ed2,https://www.remax.com.ar/listings/alquiler-ph-3-ambientes-villa-urquiza,2026-08-13T22:36:29+00:00,alquiler,ph,800000.0,ARS,ARS 800000.0,0.0,ARS,La Pampa 5000,La Pampa,5000,,villa urquiza,Villa Urquiza,12.0,Capital Federal,-34.5793521,-58.4797415,76.4,76.4,3.0,,1,,,,10471.2,ALQUILER PH 3 AMBIENTES VILLA URQUIZA,,,0,0,0,0,0,0,0,0,0,0,0,0,0,0,0,0,0,0,0,0,0,0
remax,a1b033bd-67e5-45fa-b097-3dcdd63f4a55,https://www.remax.com.ar/listings/alquiler-4-amb-c-dep-coch-y-balcon-las-canitas,2026-08-13T22:36:29+00:00,alquiler,departamento_estandar,2500000.0,ARS,ARS 2500000.0,550000.0,ARS,Teodoro García 1900,Teodoro García,1900,,palermo,Palermo,14.0,Capital Federal,-34.5648186,-58.4413416,119.44,119.44,4.0,,3,,,,20931.01,"Alquiler 4 amb. c/dep. Coch y Balcón, Las Cañitas!",,,0,0,0,0,0,0,0,0,0,0,0,0,0,1,0,0,0,0,0,0,0,0
remax,a1a0ec09-34f8-49a3-aea8-47ce05a4a51f,https://www.remax.com.ar/listings/alquiler-monoambiente-balvanera-p-9-amplio-balcon,2026-08-13T22:36:29+00:00,alquiler,departamento_estandar,550000.0,ARS,ARS 550000.0,74360.0,ARS,San Luis 2600,San Luis,2600,,balvanera,Balvanera,3.0,Capital Federal,-34.6001135,-58.4036491,30.0,25.0,1.0,,1,,,,18333.33,Alquiler monoambiente Balvanera P. 9 amplio balcón,,,0,0,0,0,0,0,0,0,0,0,0,0,0,1,0,0,0,0,0,0,0,0
remax,a19180c8-0c54-421a-9eb1-b9e70b1a8741,https://www.remax.com.ar/listings/alquiler-oficina-piso-11-edificio-job-upgrade-1,2026-08-13T22:36:29+00:00,alquiler,oficina,550000.0,ARS,ARS 550000.0,125000.0,ARS,Avenida Congreso 2100,Avenida Congreso,2100,,nunez,Nuñez,13.0,Capital Federal,-34.5539217,-58.4601675,57.0,51.0,,,1,,,,9649.12,ALQUILER OFICINA PISO 11. EDIFICIO JOB UPGRADE,,,0,0,0,0,0,0,0,0,0,0,0,0,0,0,0,0,0,0,0,0,0,0
remax,a18971e3-1e56-45e1-a004-9838d359801c,https://www.remax.com.ar/listings/depto-2-amb-luminoso-en-villa-crespo,2026-08-13T22:36:29+00:00,alquiler,departamento_estandar,900000.0,ARS,ARS 900000.0,200000.0,ARS,Juan Ramírez de Velasco 200,Juan Ramírez de Velasco,200,,villa crespo,Villa Crespo,15.0,Capital Federal,-34.6005656,-58.4347438,47.16,42.22,2.0,,1,,,,19083.97,Depto 2 Amb. Luminoso en Villa Crespo,,,0,0,0,0,0,0,0,0,0,0,0,0,1,0,0,0,0,0,0,0,0,0
remax,a17ead35-878a-4953-9ac8-1b63460553ea,https://www.remax.com.ar/listings/departamento-2-amb-alquiler-palermo-balcon,2026-08-13T22:36:29+00:00,alquiler,departamento_estandar,1200.0,USD,USD 1200.0,150000.0,ARS,Zapata 0,Zapata,0,,palermo,Palermo,14.0,Capital Federal,-34.5754878,-58.4380245,50.53,43.7,2.0,,1,,,,23.75,DEPARTAMENTO 2 AMB ALQUILER PALERMO BALCON,,,0,0,0,0,0,0,0,0,0,0,0,0,0,1,0,0,0,0,0,0,0,0
remax,a174a73f-db60-49f2-b3c0-49291db83561,https://www.remax.com.ar/listings/alquiler-2-ambientes-cochera-amenities,2026-08-13T22:36:29+00:00,alquiler,departamento_estandar,1400000.0,ARS,ARS 1400000.0,340000.0,ARS,Avenida Olazábal 4100,Avenida Olazábal,4100,,villa urquiza,Villa Urquiza,12.0,Capital Federal,-34.5707484,-58.4762989,50.0,47.0,2.0,,1,1.0,,,28000.0,Alquiler 2 ambientes cochera - Amenities,,,1,0,0,0,0,0,0,0,0,1,0,0,0,0,0,0,0,0,0,0,0,0
remax,a133f83d-e535-4042-870b-f60c524b9516,https://www.remax.com.ar/listings/venta-de-oficina-de-155m2-en-retiro-1,2026-08-13T22:36:29+00:00,alquiler,oficina,700.0,USD,USD 700.0,920000.0,ARS,Reconquista 1000,Reconquista,1000,,retiro,Retiro,1.0,Capital Federal,-34.5957432,-58.373399,155.0,155.0,,,3,,,,4.52,"VENTA DE OFICINA DE 155m2 EN ""RETIRO""",,,0,0,0,0,0,0,0,0,0,0,0,0,0,0,0,0,0,0,0,0,0,0
remax,a13006e7-0ba8-4e15-88d3-92096f5a33b1,https://www.remax.com.ar/listings/aquiler-2-ambientes-reciclado-con-patio-en-canitas-1,2026-08-13T22:36:29+00:00,alquiler,departamento_estandar,470.0,USD,USD 470.0,200000.0,ARS,Avenida Luis María Campos 300,Avenida Luis María Campos,300,,palermo,Palermo,14.0,Capital Federal,-34.5735676,-58.4328082,33.0,33.0,2.0,,1,,,,14.24,Aquiler 2 Ambientes Reciclado con patio en Cañitas,,,0,0,0,0,0,0,0,0,0,0,0,0,0,0,0,1,0,0,0,1,0,0
remax,a12834fb-89eb-455d-8cf6-a332e9b0db11,https://www.remax.com.ar/listings/oficina-en-alquiler-palermo,2026-08-13T22:36:29+00:00,alquiler,oficina,2000.0,USD,USD 2000.0,180000.0,ARS,Francisco Acuña de Figueroa 1200,Francisco Acuña de Figueroa,1200,,palermo,Palermo,14.0,Capital Federal,-34.5975578,-58.4218597,83.82,83.82,,,2,,,,23.86,Oficina en alquiler Palermo,,,0,0,0,0,0,0,0,0,0,0,0,0,0,0,0,0,0,0,0,0,0,0
remax,a122aedc-148c-4912-9a27-99e53d169553,https://www.remax.com.ar/listings/alquiler-local-comercial-de-tres-plantas-en-caba,2026-08-13T22:36:29+00:00,alquiler,local,12500.0,USD,USD 12500.0,1.0,ARS,Teniente General Juan Domingo Perón 1700,Teniente General Juan Domingo Perón,1700,,san nicolas,San Nicolás,1.0,Capital Federal,-34.6067089,-58.3917276,1563.0,1535.0,,,5,,,,8.0,ALQUILER LOCAL COMERCIAL DE TRES PLANTAS EN CABA,,,0,0,0,0,0,0,0,0,0,0,0,0,0,0,0,0,0,0,0,0,0,0
remax,a105a77c-dfac-44d5-b430-3c1f4902e67c,https://www.remax.com.ar/listings/departamento-2-amb-caballito-apto-profesional-2,2026-08-13T22:36:29+00:00,alquiler,consultorio,400000.0,ARS,ARS 400000.0,60000.0,ARS,Avenida Rivadavia 5100,Avenida Rivadavia,5100,,caballito,Caballito,6.0,Capital Federal,-34.61689260196,-58.43825340271,36.0,36.0,2.0,,1,,,,11111.11,Departamento 2 amb Caballito Apto Profesional,,,0,0,0,0,0,0,0,0,1,0,0,0,0,0,0,0,0,0,0,0,0,0
remax,a1042550-2580-4b1f-9f39-3aec078bbbe8,https://www.remax.com.ar/listings/alquiler-depto-2-ambientes-en-flores-con-balcon,2026-08-13T22:36:29+00:00,alquiler,departamento_estandar,900000.0,ARS,ARS 900000.0,90000.0,ARS,Estado Plurinacional de Bolivia 300,Estado Plurinacional de Bolivia,300,,flores,Flores,7.0,Capital Federal,-34.6267247,-58.4665255,43.56,37.56,2.0,,1,,,,20661.16,ALQUILER DEPTO 2 AMBIENTES EN FLORES CON BALCÓN,,,0,0,0,0,0,0,0,0,0,0,0,0,0,1,0,0,0,0,0,0,0,0
remax,a0d46fbf-2a57-4f09-8d5a-ea8d51a0b10b,https://www.remax.com.ar/listings/alquiler-local-comercial-en-paternal,2026-08-13T22:36:32+00:00,alquiler,local,1500000.0,ARS,ARS 1500000.0,,ARS,Fragata Sarmiento 2000,Fragata Sarmiento,2000,,la paternal,La Paternal,15.0,Capital Federal,-34.602517784567,-58.459909558296,109.0,109.0,,,1,,,,13761.47,ALQUILER LOCAL COMERCIAL EN PATERNAL,,,0,0,0,0,0,0,0,0,0,0,0,0,0,0,0,0,0,0,0,0,0,0
remax,a0be0d66-fca8-488b-a934-e9c4739e3f68,https://www.remax.com.ar/listings/alquiler-dos-ambientes-muy-luminoso-en-balvanera,2026-08-13T22:36:32+00:00,alquiler,departamento_estandar,650000.0,ARS,ARS 650000.0,168000.0,ARS,Lavalle 2200,Lavalle,2200,,balvanera,Balvanera,3.0,Capital Federal,-34.6032588,-58.3993144,36.62,35.71,2.0,,1,,,,17749.86,ALQUILER DOS AMBIENTES MUY LUMINOSO EN BALVANERA,,,0,0,0,0,0,0,0,0,0,0,0,0,1,0,0,0,0,0,0,0,0,0
remax,a0bb2fe1-8362-46b7-94d9-070caf5f4767,https://www.remax.com.ar/listings/alquiler-local-115-m2-caballito,2026-08-13T22:36:32+00:00,alquiler,local,3300.0,USD,USD 3300.0,336000.0,ARS,Avenida Rivadavia 5400,Avenida Rivadavia,5400,,caballito,Caballito,6.0,Capital Federal,-34.62126,-58.4422593,115.0,115.0,,,2,,,,28.7,ALQUILER LOCAL 115 m2 CABALLITO,,,0,0,0,0,0,0,0,0,0,0,0,0,0,0,0,0,0,0,0,0,0,0
remax,a083433e-f5aa-4530-9515-6e286f1c72dc,https://www.remax.com.ar/listings/departamento-3-ambientes-en-alquiler-caballito,2026-08-13T22:36:32+00:00,alquiler,departamento_estandar,900000.0,ARS,ARS 900000.0,265000.0,ARS,Colpayo 0,Colpayo,0,,caballito,Caballito,6.0,Capital Federal,-34.618992,-58.44084,59.18,56.18,3.0,,1,,,,15207.84,DEPARTAMENTO 3 AMBIENTES EN ALQUILER - CABALLITO,,,0,0,0,0,0,0,0,0,0,0,0,0,0,0,0,0,0,0,0,0,0,0
remax,a07fc275-b50a-4e29-aec3-9d1c242914a5,https://www.remax.com.ar/listings/alquiler-2-ambientes-con-amenities,2026-08-13T22:36:32+00:00,alquiler,departamento_estandar,800.0,USD,USD 800.0,380000.0,ARS,Avenida Córdoba 4300,Avenida Córdoba,4300,,palermo,Palermo,14.0,Capital Federal,-34.5956024,-58.4274454,62.0,59.0,2.0,,1,,,,12.9,Alquiler 2 ambientes con Amenities,,,1,0,0,0,0,0,0,0,0,0,0,0,0,0,0,0,0,0,0,0,0,0
remax,a0651961-b360-405e-a600-088309f87368,https://www.remax.com.ar/listings/3-ambiente-alquiler-balcon-retiro-plaza-san-martin,2026-08-13T22:36:32+00:00,alquiler,departamento_estandar,900000.0,ARS,ARS 900000.0,300000.0,ARS,Maipú 900,Maipú,900,,retiro,Retiro,1.0,Capital Federal,-34.597291,-58.3768467,78.0,66.0,3.0,,1,,,,11538.46,3 AMBIENTE ALQUILER BALCON RETIRO PLAZA SAN MARTIN,,,0,0,0,0,0,0,0,0,0,0,0,0,0,1,0,0,0,0,0,0,0,0
remax,a056df77-82c0-4e5b-bcf9-1f406214ffc1,https://www.remax.com.ar/listings/alquiler-departamento-monoambiente-villa-urquiza,2026-08-13T22:36:32+00:00,alquiler,departamento_estandar,470000.0,ARS,ARS 470000.0,231000.0,ARS,Pacheco 2100,Pacheco,2100,,villa urquiza,Villa Urquiza,12.0,Capital Federal,-34.5751193,-58.4827303,35.0,33.0,1.0,,1,,,,13428.57,ALQUILER DEPARTAMENTO MONOAMBIENTE VILLA URQUIZA,,,0,0,0,0,0,0,0,0,0,0,0,0,0,0,0,0,0,0,0,0,0,0
remax,a0551260-8849-448d-bb9e-764995f0d8cb,https://www.remax.com.ar/listings/alquiler-departamento-2-ambientes-en-recoleta,2026-08-13T22:36:32+00:00,alquiler,departamento_estandar,750000.0,ARS,ARS 750000.0,0.0,ARS,Austria 1700,Austria,1700,,recoleta,Recoleta,2.0,Capital Federal,-34.590706,-58.4071845,31.49,31.49,2.0,,1,,,,23817.08,Alquiler departamento 2 ambientes en Recoleta,,,0,0,0,0,0,0,0,0,0,0,0,0,0,0,0,0,0,0,0,0,0,0
remax,a0383e85-30dc-461b-8791-5a7ad15cc345,https://www.remax.com.ar/listings/alquiler-oficina-p-patricios-distrito-tecnologico,2026-08-13T22:36:32+00:00,alquiler,oficina,2200000.0,ARS,ARS 2200000.0,930000.0,ARS,Patagones 2600,Patagones,2600,,parque patricios,Parque Patricios,4.0,Capital Federal,-34.6369443,-58.3995506,180.0,180.0,,,2,,,,12222.22,ALQUILER OFICINA P. PATRICIOS DISTRITO TECNOLOGICO,,,0,0,0,0,0,0,0,0,0,0,0,0,0,0,0,0,0,0,0,0,0,0
remax,9ff669b1-d97e-4457-b78a-af6856ea4cbf,https://www.remax.com.ar/listings/alquiler-local-en-constitucion,2026-08-13T22:36:35+00:00,alquiler,local,1300000.0,ARS,ARS 1300000.0,,ARS,Av. Entre Rios 1200,Av. Entre Rios,1200,,constitucion,Constitución,1.0,Capital Federal,-34.623813819863,-58.391293287277,117.0,117.0,,,1,,,,11111.11,ALQUILER LOCAL EN CONSTITUCION,,,0,0,0,0,0,0,0,0,0,0,0,0,0,0,0,0,0,0,0,0,0,0
remax,9fe1541f-7b39-4bec-b087-f3c8fd2e402d,https://www.remax.com.ar/listings/alquiler-villa-urquiza-deposito-galpon-garage-1,2026-08-13T22:36:35+00:00,alquiler,cochera,2500000.0,ARS,ARS 2500000.0,,ARS,José Pascual Tamborini 6000,José Pascual Tamborini,6000,,villa urquiza,Villa Urquiza,12.0,Capital Federal,-34.5721047,-58.5022887,574.72,287.36,,,1,1.0,,,4349.94,Alquiler Villa Urquiza Depósito Galpón Garage,,,0,0,0,0,0,0,0,0,0,1,0,0,0,0,0,0,0,0,0,0,0,0
remax,9fdacf73-40ff-4d58-9a3d-3c0fe5896042,https://www.remax.com.ar/listings/alquiler-departamento-3-amb-en-barracas,2026-08-13T22:36:35+00:00,alquiler,departamento_estandar,799000.0,ARS,ARS 799000.0,170000.0,ARS,Martin Garcia 500,Martin Garcia,500,,barracas,Barracas,4.0,Capital Federal,-34.631331990606,-58.372297883034,54.83,52.93,3.0,,1,,,,14572.31,ALQUILER DEPARTAMENTO 3 AMB EN BARRACAS,,,0,0,0,0,0,0,0,0,0,0,0,0,0,0,0,0,0,0,0,0,0,0
remax,9fd63ca0-bb16-40fb-8b30-5a9381e0381d,https://www.remax.com.ar/listings/semipiso-2-amb-amoblado-palermo-hollywood,2026-08-13T22:36:35+00:00,alquiler,departamento_semipiso,1690000.0,ARS,ARS 1690000.0,0.0,ARS,Charcas 5000,Charcas,5000,,palermo,Palermo Hollywood,14.0,Capital Federal,-34.5788521,-58.4299271,48.0,36.0,2.0,,1,,,,35208.33,Semipiso - 2 amb. - Amoblado - Palermo Hollywood,,,0,0,0,0,0,0,0,0,0,0,0,0,0,0,0,0,0,0,1,0,0,0
remax,9fd02e19-1a5a-4f10-abba-c681b3a6b5dd,https://www.remax.com.ar/listings/departamento-monoambiente-alquiler-san-cristobal,2026-08-13T22:36:35+00:00,alquiler,departamento_monoambiente,480000.0,ARS,ARS 480000.0,140000.0,ARS,La Rioja 1100,La Rioja,1100,,san cristobal,San Cristobal,3.0,Capital Federal,-34.6234009,-58.4070976,31.16,31.16,1.0,,1,,,,15404.36,DEPARTAMENTO MONOAMBIENTE ALQUILER SAN CRISTOBAL,,,0,0,0,0,0,0,0,0,0,0,0,0,0,0,0,0,0,0,0,0,0,0
remax,9fc36c30-42a3-48a6-86f6-91a45456cfb3,https://www.remax.com.ar/listings/alquiler-hermoso-monoambiente-villa-urquiza,2026-08-13T22:36:35+00:00,alquiler,departamento_monoambiente,600000.0,ARS,ARS 600000.0,85000.0,ARS,Avenida Congreso 4700,Avenida Congreso,4700,,villa urquiza,Villa Urquiza,12.0,Capital Federal,-34.5675559,-58.4864517,31.6,29.0,1.0,,1,,,,18987.34,"Alquiler Hermoso Monoambiente, Villa Urquiza",,,0,0,0,0,0,0,0,0,0,0,0,0,0,0,0,0,0,0,0,0,0,0
remax,9f98123f-dd73-4c99-89ed-cc2270f2f276,https://www.remax.com.ar/listings/dpto-2-amb-alquiler-canitas-amoblado,2026-08-13T22:36:35+00:00,alquiler,departamento_estandar,900000.0,ARS,ARS 900000.0,309000.0,ARS,Avenida Jorge Newbery 1800,Avenida Jorge Newbery,1800,,palermo,Palermo,14.0,Capital Federal,-34.568621,-58.435867,55.05,55.05,2.0,,1,,,,16348.77,Dpto 2 Amb Alquiler Cañitas Amoblado,,,0,0,0,0,0,0,0,0,0,0,0,0,0,0,0,0,0,0,1,0,0,0
remax,9f94e471-83e3-419c-9e28-a1a7e59afa51,https://www.remax.com.ar/listings/alquiler-piso-c-jardin-de-invierno-recoleta,2026-08-13T22:36:35+00:00,alquiler,departamento_piso,4500.0,USD,USD 4500.0,1200000.0,ARS,Avenida General Gelly y Obes 2200,Avenida General Gelly y Obes,2200,,recoleta,Recoleta,2.0,Capital Federal,-34.5853871,-58.3961568,320.13,233.4,4.0,,3,,,,14.06,ALQUILER Piso c/Jardín de Invierno-Recoleta,,,0,0,0,0,0,0,0,0,0,0,0,0,0,0,0,0,0,0,0,1,0,0
remax,9f3e53ed-9142-46ff-8363-c779396b3c3c,https://www.remax.com.ar/listings/oficina-en-alquiler-3-amb-congreso-uso-profesional,2026-08-13T22:36:38+00:00,alquiler,oficina,1400000.0,ARS,ARS 1400000.0,192000.0,ARS,Avenida Hipólito Yrigoyen 1500,Avenida Hipólito Yrigoyen,1500,,monserrat,Monserrat,1.0,Capital Federal,-34.6100935,-58.3876234,77.75,77.75,3.0,,1,,,,18006.43,OFICINA EN ALQUILER 3 AMB CONGRESO USO PROFESIONAL,,,0,0,0,0,0,0,0,0,1,0,0,0,0,0,0,0,0,0,0,0,0,0
remax,9f2d4b6f-23e9-47b5-8ab5-a461fa5bcd62,https://www.remax.com.ar/listings/alquiler-2-amb-amoblado-av-las-heras-2800-palermo,2026-08-13T22:36:38+00:00,alquiler,departamento_estandar,750000.0,ARS,ARS 750000.0,200000.0,ARS,Avenida General Las Heras 2800,Avenida General Las Heras,2800,,palermo,Palermo Chico,14.0,Capital Federal,-34.5834405,-58.4015031,55.31,48.1,2.0,,1,,,,13559.93,ALQUILER 2 AMB AMOBLADO-Av. LAS HERAS 2800-PALERMO,,,0,0,0,0,0,0,0,0,0,0,0,0,0,0,0,0,0,0,1,0,0,0
remax,9ef118b5-d4f3-475b-a540-88143e193794,https://www.remax.com.ar/listings/alquiler-mono-ambiente-apto-profesional-luminoso,2026-08-13T22:36:38+00:00,alquiler,departamento_monoambiente,490000.0,ARS,ARS 490000.0,165000.0,ARS,Av Jujuy 400,Av Jujuy,400,,balvanera,Balvanera,3.0,Capital Federal,-34.61463221955,-58.404779434204,26.0,0.0,1.0,,1,,,,18846.15,Alquiler MONO AMBIENTE. Apto Profesional Luminoso.,,,0,0,0,0,0,0,0,0,1,0,0,0,1,0,0,0,0,0,0,0,0,0
remax,9ee6e2e9-d6c0-4bc5-92a3-e79328a2602a,https://www.remax.com.ar/listings/departamento-en-alquiler-3-ambientes-en-floresta,2026-08-13T22:36:38+00:00,alquiler,departamento_estandar,650000.0,ARS,ARS 650000.0,253000.0,ARS,Gaona 3600,Gaona,3600,,floresta,Floresta,10.0,Capital Federal,-34.621450980498,-58.476312160929,61.0,57.0,3.0,,1,,,,10655.74,Departamento en alquiler 3 ambientes en Floresta,,,0,0,0,0,0,0,0,0,0,0,0,0,0,0,0,0,0,0,0,0,0,0
remax,9ec76921-a0e8-4390-b04e-e527919ce4a4,https://www.remax.com.ar/listings/alquiler-monoambiente-caballito-apto-profesional,2026-08-13T22:36:38+00:00,alquiler,departamento_monoambiente,400000.0,ARS,ARS 400000.0,90000.0,ARS,Colpayo 0,Colpayo,0,,caballito,Caballito,6.0,Capital Federal,-34.619416,-58.440603,22.0,22.0,1.0,,1,,,,18181.82,"ALQUILER MONOAMBIENTE, CABALLITO, APTO PROFESIONAL",,,0,0,0,0,0,0,0,0,1,0,0,0,0,0,0,0,0,0,0,0,0,0
remax,9ec5d252-cc10-42fc-a755-cdc691b02076,https://www.remax.com.ar/listings/alquiler-departamento-3-ambientes-en-caballito,2026-08-13T22:36:38+00:00,alquiler,departamento_estandar,1200000.0,ARS,ARS 1200000.0,400000.0,ARS,Avenida Juan Bautista Alberdi 1300,Avenida Juan Bautista Alberdi,1300,,caballito,Caballito,6.0,Capital Federal,-34.6251803,-58.4469885,80.63,72.25,3.0,,1,,,,14882.8,ALQUILER DEPARTAMENTO 3 AMBIENTES EN CABALLITO,,,0,0,0,0,0,0,0,0,0,0,0,0,0,0,0,0,0,0,0,0,0,0
remax,9eb3e092-42b0-49de-83c4-34b5c1576a47,https://www.remax.com.ar/listings/excelente-2-ambientes-en-alquiler-en-almagro,2026-08-13T22:36:38+00:00,alquiler,departamento_estandar,850000.0,ARS,ARS 850000.0,66000.0,ARS,Avenida Medrano 800,Avenida Medrano,800,,almagro,Almagro,5.0,Capital Federal,-34.5995725,-58.4201224,37.0,34.0,2.0,,1,,,,22972.97,Excelente 2 ambientes en alquiler en Almagro,,,0,0,0,0,0,0,0,0,0,0,0,0,0,0,0,0,0,0,0,0,0,0
remax,9eaee643-be4c-4501-a065-aa62a4604e28,https://www.remax.com.ar/listings/alquiler-2-ambientes-con-amenities-v-del-parque,2026-08-13T22:36:38+00:00,alquiler,departamento_estandar,800000.0,ARS,ARS 800000.0,200000.0,ARS,Nogoyá 3300,Nogoyá,3300,,villa del parque,Villa del Parque,11.0,Capital Federal,-34.6049254,-58.4951147,53.0,48.0,2.0,,1,,,,15094.34,Alquiler 2 ambientes con amenities V del Parque,,,1,0,0,0,0,0,0,0,0,0,0,0,0,0,0,0,0,0,0,0,0,0
remax,9ea04841-c281-44f6-ad9f-679c23cfec21,https://www.remax.com.ar/listings/alquiler-2-amb-a-estrenar-amenities-pque-saavedra,2026-08-13T22:36:38+00:00,alquiler,departamento_estandar,1100000.0,ARS,ARS 1100000.0,1.0,ARS,García del Río 3600,García del Río,3600,,saavedra,Saavedra,12.0,Capital Federal,-34.5525393,-58.4812288,53.0,50.0,2.0,,1,,,,20754.72,"ALQUILER 2 AMB A ESTRENAR AMENITIES, PQUE.SAAVEDRA",,,1,0,0,0,0,0,0,0,0,0,0,0,0,0,0,0,0,0,0,0,0,0
remax,9e9b0e8b-f9b3-4198-979a-b48e70b93cf4,https://www.remax.com.ar/listings/dpto-3-amb-alquiler-recoleta-c-depend-guardacoche,2026-08-13T22:36:38+00:00,alquiler,departamento_estandar,1700000.0,ARS,ARS 1700000.0,431700.0,ARS,Juan María Gutiérrez 2600,Juan María Gutiérrez,2600,,recoleta,Recoleta,2.0,Capital Federal,-34.5868293,-58.3994614,93.7,85.71,4.0,,1,,,,18143.01,DPTO 3 AMB ALQUILER RECOLETA C DEPEND GUARDACOCHE,,,0,0,0,0,0,0,0,0,0,0,0,0,0,0,0,0,0,0,0,0,0,0
remax,9e98580f-2d22-4c8c-9394-e39166ed1a67,https://www.remax.com.ar/listings/alquiler-4-amb-c-dep-coch-belgrano,2026-08-13T22:36:38+00:00,alquiler,departamento_semipiso,3000000.0,ARS,ARS 3000000.0,327000.0,ARS,Ciudad de la Paz 2400,Ciudad de la Paz,2400,,belgrano,Belgrano,13.0,Capital Federal,-34.5595111,-58.4606414,158.2,130.34,4.0,,3,,,,18963.34,ALQUILER 4 AMB C/DEP. COCH. BELGRANO,,,0,0,0,0,0,0,0,0,0,0,0,0,0,0,0,0,0,0,0,0,0,0
remax,9e3028a2-cd52-4ed6-a94f-4f6ffcc74188,https://www.remax.com.ar/listings/alquilo-local-ideal-para-centro-de-estetica,2026-08-13T22:36:42+00:00,alquiler,local,2400.0,USD,USD 2400.0,,ARS,Charcas 3600,Charcas,3600,,palermo,Palermo,14.0,Capital Federal,-34.5884248,-58.4165943,160.0,160.0,,,2,,,,15.0,Alquilo Local ideal para centro de estetica,,,0,0,0,0,0,0,0,0,0,0,0,0,0,0,0,0,0,0,0,0,0,0
remax,9e13ae4c-4cfc-4f5d-8fcd-c2b2951de398,https://www.remax.com.ar/listings/dpto-alq-monoamb-m-castro-c-balcon-apto-comercial,2026-08-13T22:36:42+00:00,alquiler,departamento_monoambiente,650000.0,ARS,ARS 650000.0,97359.0,ARS,Lascano 4300,Lascano,4300,,monte castro,Monte Castro,10.0,Capital Federal,-34.6160787,-58.501263,34.53,31.53,1.0,,1,,,,18824.21,DPTO ALQ MONOAMB M.CASTRO C BALCÓN APTO COMERCIAL,,,0,0,0,0,0,0,0,0,0,0,0,0,0,1,0,0,0,0,0,0,0,0
remax,9dfddd5d-45fb-4dac-b9d6-ab00602b406a,https://www.remax.com.ar/listings/alquiler-depto-2-amb-monte-castro-con-balcon,2026-08-13T22:36:42+00:00,alquiler,departamento_estandar,900000.0,ARS,ARS 900000.0,210000.0,ARS,Chivilcoy 2200,Chivilcoy,2200,,monte castro,Monte Castro,10.0,Capital Federal,-34.6130852,-58.499976,53.0,45.0,2.0,,1,,,,16981.13,Alquiler Depto 2 amb Monte Castro con Balcón,,,0,0,0,0,0,0,0,0,0,0,0,0,0,1,0,0,0,0,0,0,0,0
remax,9dfc5ec9-12d2-45c6-9c82-da503d2d616a,https://www.remax.com.ar/listings/alquiler-dto-2-amb-solo-apto-profesional-palermo-1,2026-08-13T22:36:42+00:00,alquiler,departamento_estandar,600000.0,ARS,ARS 600000.0,346000.0,ARS,El Salvador 6000,El Salvador,6000,,palermo,Palermo,14.0,Capital Federal,-34.5798788,-58.439737,54.0,50.0,2.0,,1,,,,11111.11,Alquiler Dto 2 Amb. SOLO APTO PROFESIONAL Palermo,,,0,0,0,0,0,0,0,0,1,0,0,0,0,0,0,0,0,0,0,0,0,0
remax,9db18a74-c892-456d-9f08-6c8ffaff0e37,https://www.remax.com.ar/listings/alquiler-depto-3-ambientes-con-cochera-en-saavedra,2026-08-13T22:36:46+00:00,alquiler,departamento_estandar,1300000.0,ARS,ARS 1300000.0,400000.0,ARS,Arias 4800,Arias,4800,,saavedra,Saavedra,12.0,Capital Federal,-34.55231,-58.4960322,92.6,55.0,3.0,,1,1.0,,,14038.88,ALQUILER DEPTO 3 AMBIENTES CON COCHERA EN SAAVEDRA,,,0,0,0,0,0,0,0,0,0,1,0,0,0,0,0,0,0,0,0,0,0,0
remax,9da8be97-be57-4ca7-b788-9ff73a2c34ce,https://www.remax.com.ar/listings/alquiler-dpto-2-amb-en-quartier-del-bajo,2026-08-13T22:36:46+00:00,alquiler,departamento_estandar,1700.0,USD,USD 1700.0,350000.0,ARS,Venezuela 0,Venezuela,0,,monserrat,Monserrat,1.0,Capital Federal,-34.6132954,-58.3674318,67.0,60.0,2.0,,1,,,,25.37,"ALQUILER Dpto. 2 Amb en ""QUARTIER DEL BAJO""",,,0,0,0,0,0,0,0,0,0,0,0,0,0,0,0,0,0,0,0,0,0,0
remax,9d70cd4b-6cd7-476b-8a2e-3d800c86acd2,https://www.remax.com.ar/listings/alquiler-dpto-2-ambientes-amoblado-luminoso,2026-08-13T22:36:46+00:00,alquiler,departamento_estandar,990000.0,ARS,ARS 990000.0,130000.0,ARS,Avenida Cerviño 4400,Avenida Cerviño,4400,,palermo,Palermo Nuevo,14.0,Capital Federal,-34.576051427641,-58.421044179873,50.0,50.0,2.0,,1,,,,19800.0,ALQUILER DPTO 2 AMBIENTES AMOBLADO LUMINOSO,,,0,0,0,0,0,0,0,0,0,0,0,0,1,0,0,0,0,0,1,0,0,0
remax,9d6e5a8d-642f-4fbb-bf33-0aac5471f45c,https://www.remax.com.ar/listings/alquiler-concepcion-live-2-amb,2026-08-13T22:36:46+00:00,alquiler,departamento_estandar,1300.0,USD,USD 1300.0,450000.0,ARS,Concepción Arenal 2900,Concepción Arenal,2900,,colegiales,Colegiales,13.0,Capital Federal,-34.57889,-58.4424859,66.45,49.3,2.0,,1,,,,19.56,ALQUILER Concepción Live 2 amb.,,,0,0,0,0,0,0,0,0,0,0,0,0,0,0,0,0,0,0,0,0,0,0
remax,9d351f34-2d89-490b-af5d-b245407ad2bf,https://www.remax.com.ar/listings/alquiler-departamento-v-devoto-monoamb-42-m2-fte,2026-08-13T22:36:46+00:00,alquiler,departamento_estandar,600000.0,ARS,ARS 600000.0,240000.0,ARS,Avenida Francisco Beiró 3600,Avenida Francisco Beiró,3600,,villa devoto,Villa Devoto,11.0,Capital Federal,-34.6010396,-58.5042897,42.25,39.0,1.0,,1,,,,14201.18,Alquiler departamento V Devoto Monoamb. 42 M2 Fte,,,0,0,0,0,0,0,0,0,0,0,0,0,0,0,0,0,0,0,0,0,0,0
remax,9d08a757-72ab-43f2-ac09-bbf0e46787df,https://www.remax.com.ar/listings/alquiler-3-ambientes-piso-37-torre-huergo,2026-08-13T22:36:46+00:00,alquiler,departamento_estandar,2500.0,USD,USD 2500.0,500000.0,ARS,Avenida Ingeniero Huergo 400,Avenida Ingeniero Huergo,400,,monserrat,Monserrat,1.0,Capital Federal,-34.6163048,-58.3666231,70.78,67.24,3.0,,2,,,,35.32,ALQUILER 3 AMBIENTES PISO 37 TORRE HUERGO,,,0,0,0,0,0,0,0,0,0,0,0,0,0,0,0,0,0,0,0,0,0,0
remax,9cf3dbfc-0f5d-49b7-80be-580f9e1f499f,https://www.remax.com.ar/listings/alquiler-balcon-parrilla-excelente-estado,2026-08-13T22:36:46+00:00,alquiler,departamento_monoambiente,890000.0,ARS,ARS 890000.0,170000.0,ARS,Agüero 1000,Agüero,1000,,recoleta,Recoleta,2.0,Capital Federal,-34.5977582,-58.4101354,47.0,27.0,1.0,,1,,,,18936.17,Alquiler Balcón+PARRILLA-Excelente Estado,,,0,0,1,0,0,0,0,0,0,0,0,0,0,1,0,0,0,0,0,0,0,0
remax,9ce27ea3-95d2-4361-8d8a-ff907ce33e57,https://www.remax.com.ar/listings/alquiler-de-cochera-fija-p-auto-en-san-telmo,2026-08-13T22:36:48+00:00,alquiler,cochera,170000.0,ARS,ARS 170000.0,0.0,ARS,Estados Unidos 900,Estados Unidos,900,,san telmo,San Telmo,1.0,Capital Federal,-34.618526043122,-58.37956746187,12.5,12.5,,,0,1.0,,,13600.0,ALQUILER DE COCHERA FIJA P/ AUTO EN SAN TELMO,,,0,0,0,0,0,0,0,0,0,1,0,0,0,0,0,0,0,0,0,0,0,0
remax,9ccbd7ae-ca6e-4ad1-b4d9-dbde36204b26,https://www.remax.com.ar/listings/departamento-de-tres-ambientes-con-cochera-fija-1,2026-08-13T22:36:48+00:00,alquiler,departamento_estandar,950000.0,ARS,ARS 950000.0,210000.0,ARS,Culpina 200,Culpina,200,,flores,Flores,7.0,Capital Federal,-34.6322983,-58.465762,51.0,49.0,3.0,,1,1.0,,,18627.45,Departamento de tres ambientes con cochera fija,,,0,0,0,0,0,0,0,0,0,1,0,0,0,0,0,0,0,0,0,0,0,0
remax,9cc130c0-c725-4794-878f-867cfb97a7fb,https://www.remax.com.ar/listings/alquiler-departamento-2-amb-luminoso-almagro,2026-08-13T22:36:48+00:00,alquiler,departamento_estandar,700000.0,ARS,ARS 700000.0,72000.0,ARS,Valentín Gómez 3896 3800,Valentín Gómez 3896,3800,,almagro,Almagro,5.0,Capital Federal,-34.6045247,-58.4194491,28.0,28.0,2.0,,1,,,,25000.0,ALQUILER DEPARTAMENTO 2 AMB LUMINOSO ALMAGRO,,,0,0,0,0,0,0,0,0,0,0,0,0,1,0,0,0,0,0,0,0,0,0
remax,9cad5ab0-6636-46c9-9127-bd525e904b62,https://www.remax.com.ar/listings/alquiler-2-ambientes-balcon-frente-a-la-bombonera,2026-08-13T22:36:48+00:00,alquiler,departamento_estandar,700.0,USD,USD 700.0,973000.0,ARS,Brandsen 900,Brandsen,900,,la boca,La Boca,4.0,Capital Federal,-34.636800732966,-58.365399241447,55.0,46.0,2.0,,1,,,,12.73,"Alquiler 2 ambientes, balcón frente a La Bombonera",,,0,0,0,0,0,0,0,0,0,0,0,0,0,1,0,0,0,0,0,0,0,0
remax,9ca0e415-ff06-477f-8eeb-503eabd578ae,https://www.remax.com.ar/listings/departamento-de-2-ambientes-en-alquiler-belgrano,2026-08-13T22:36:48+00:00,alquiler,departamento_estandar,700000.0,ARS,ARS 700000.0,220000.0,ARS,Miñones 2000,Miñones,2000,,belgrano,Belgrano,13.0,Capital Federal,-34.555733653781,-58.445053819894,37.5,37.5,2.0,,1,,,,18666.67,DEPARTAMENTO DE 2 AMBIENTES EN ALQUILER BELGRANO,,,0,0,0,0,0,0,0,0,0,0,0,0,0,0,0,0,0,0,0,0,0,0
remax,9c70f389-6da0-4c0f-84fe-a3e23b49f660,https://www.remax.com.ar/listings/departamento-3-amb-en-recoleta-luminoso-con-balcon,2026-08-13T22:36:48+00:00,alquiler,departamento_estandar,1500000.0,ARS,ARS 1500000.0,528840.0,ARS,Libertad 1500,Libertad,1500,,recoleta,Recoleta,2.0,Capital Federal,-34.5900438,-58.3836805,66.93,62.48,3.0,,2,,,,22411.47,Departamento 3 amb en Recoleta luminoso con balcón,,,0,0,0,0,0,0,0,0,0,0,0,0,1,1,0,0,0,0,0,0,0,0
remax,9c42cfa5-ed07-42fa-b3d4-6b5a3eaafc3f,https://www.remax.com.ar/listings/alquiler-ph-sin-expensas-santa-rita,2026-08-13T22:36:48+00:00,alquiler,ph,1900000.0,ARS,ARS 1900000.0,0.0,ARS,Gavilán 1600,Gavilán,1600,,villa santa rita,Villa Santa Rita,11.0,Capital Federal,-34.6111839,-58.4696673,86.0,74.0,3.0,,1,,,,22093.02,ALQUILER - PH - SIN EXPENSAS - SANTA RITA,,,0,0,0,0,0,0,0,0,0,0,0,0,0,0,0,0,0,0,0,0,0,0
remax,9c418884-8a65-4e67-8c62-986605800530,https://www.remax.com.ar/listings/departamento-3-ambientes-alquiler-recoleta,2026-08-13T22:36:48+00:00,alquiler,departamento_estandar,1150000.0,ARS,ARS 1150000.0,250000.0,ARS,Pueyrredon 1000,Pueyrredon,1000,,recoleta,Recoleta,2.0,Capital Federal,-34.598088,-58.403729,68.95,62.72,3.0,,1,,,,16678.75,Departamento - 3 ambientes - Alquiler - Recoleta,,,0,0,0,0,0,0,0,0,0,0,0,0,0,0,0,0,0,0,0,0,0,0
remax,9c35705c-856f-40a4-95b2-7cb4e7742ccd,https://www.remax.com.ar/listings/alquiler-monoambiente-villa-crespo-con-balcon,2026-08-13T22:36:48+00:00,alquiler,departamento_monoambiente,800000.0,ARS,ARS 800000.0,100000.0,ARS,Loyola 900,Loyola,900,,villa crespo,Villa Crespo,15.0,Capital Federal,-34.5922854,-58.4386059,36.0,33.0,1.0,,1,,,,22222.22,ALQUILER MONOAMBIENTE VILLA CRESPO CON BALCÓN,,,0,0,0,0,0,0,0,0,0,0,0,0,0,1,0,0,0,0,0,0,0,0
remax,9c20f5f4-f98e-4d1b-add9-d3688e6e5baa,https://www.remax.com.ar/listings/alquiler-depto-3-ambientes-amoblado-san-cristobal,2026-08-13T22:36:48+00:00,alquiler,departamento_estandar,630.0,USD,USD 630.0,173000.0,ARS,Avenida Jujuy 1500,Avenida Jujuy,1500,,san cristobal,San Cristobal,3.0,Capital Federal,-34.6280772,-58.4013727,89.0,89.0,3.0,,1,,,,7.08,ALQUILER DEPTO 3 AMBIENTES AMOBLADO SAN CRISTOBAL,,,0,0,0,0,0,0,0,0,0,0,0,0,0,0,0,0,0,0,1,0,0,0
remax,9c17d02b-46fe-44f9-b1c6-534e097da6b6,https://www.remax.com.ar/listings/alquiler-3-ambientes-c-patio-zona-alto-palermo,2026-08-13T22:36:52+00:00,alquiler,departamento_estandar,900000.0,ARS,ARS 900000.0,212000.0,ARS,Arenales 3100,Arenales,3100,,recoleta,Recoleta,2.0,Capital Federal,-34.5890209,-58.4083644,72.0,70.0,3.0,,1,,,,12500.0,Alquiler 3 ambientes c/patio - Zona Alto Palermo,,,0,0,0,0,0,0,0,0,0,0,0,0,0,0,0,0,0,0,0,1,0,0
remax,9c11bac5-13d8-499d-acdd-daf85d71ef51,https://www.remax.com.ar/listings/local-en-alquiler-villa-riachuelo,2026-08-13T22:36:52+00:00,alquiler,local,1800000.0,ARS,ARS 1800000.0,,ARS,Avenida General Francisco Fernández de la Cruz 6600,Avenida General Francisco Fernández de la Cruz,6600,,villa riachuelo,Villa Riachuelo,8.0,Capital Federal,-34.6883234,-58.4759224,64.0,64.0,,,0,,,,28125.0,"LOCAL EN ALQUILER, VILLA RIACHUELO",,,0,0,0,0,0,0,0,0,0,0,0,0,0,0,0,0,0,0,0,0,0,0
remax,9bff5dc4-1c1d-4f8c-822d-f7ce0fbcba3b,https://www.remax.com.ar/listings/alquiler-2-ambientes-con-amenities-villa-urquiza,2026-08-13T22:36:52+00:00,alquiler,departamento_estandar,1000000.0,ARS,ARS 1000000.0,330000.0,ARS,Olazábal 4800,Olazábal,4800,,villa urquiza,Villa Urquiza,12.0,Capital Federal,-34.575248348545,-58.484214821171,57.0,48.0,2.0,,1,,,,17543.86,Alquiler 2 ambientes con amenities Villa Urquiza,,,1,0,0,0,0,0,0,0,0,0,0,0,0,0,0,0,0,0,0,0,0,0
remax,9be3aaea-4cbb-416f-a819-804c546aa67f,https://www.remax.com.ar/listings/alquiler-de-departamento-en-belgrano2-ambientes,2026-08-13T22:36:52+00:00,alquiler,departamento_estandar,600000.0,ARS,ARS 600000.0,75000.0,ARS,Moldes 1400,Moldes,1400,,colegiales,Colegiales,13.0,Capital Federal,-34.5690519,-58.45444,38.8,38.8,2.0,,1,,,,15463.92,ALQUILER DE DEPARTAMENTO EN BELGRANO2 AMBIENTES,,,0,0,0,0,0,0,0,0,0,0,0,0,0,0,0,0,0,0,0,0,0,0
remax,9bb6745f-f35b-4d6b-84a5-3fe53c0590b3,https://www.remax.com.ar/listings/alquiler-belgrano-monoamb-c-balcon-amenities,2026-08-13T22:36:52+00:00,alquiler,departamento_estandar,690000.0,ARS,ARS 690000.0,200000.0,ARS,Manuel Ugarte 1800,Manuel Ugarte,1800,,nunez,Nuñez,13.0,Capital Federal,-34.553302769917,-58.456329961472,42.0,38.0,1.0,,1,,,,16428.57,ALQUILER BELGRANO MONOAMB.C/BALCON -AMENITIES,,,1,0,0,0,0,0,0,0,0,0,0,0,0,1,0,0,0,0,0,0,0,0
remax,9b8f94c4-10d0-46a1-95cd-4c975e335bb6,https://www.remax.com.ar/listings/alquiler-monoambiente-amoblado-palermo,2026-08-13T22:36:52+00:00,alquiler,departamento_monoambiente,600.0,USD,USD 600.0,0.0,ARS,Aráoz 2900,Aráoz,2900,,palermo,Palermo,14.0,Capital Federal,-34.582664,-58.4108141,33.84,30.0,1.0,,1,,,,17.73,Alquiler Monoambiente Amoblado Palermo,,,0,0,0,0,0,0,0,0,0,0,0,0,0,0,0,0,0,0,1,0,0,0
remax,9b7b5237-1101-4b1f-9b00-e4cf132fa2fa,https://www.remax.com.ar/listings/alquiler-oficina-aaa-en-palermo-vista-al-rio-p11,2026-08-13T22:36:52+00:00,alquiler,oficina,6600.0,USD,USD 6600.0,3000000.0,ARS,Avenida Luis María Campos 0,Avenida Luis María Campos,0,,palermo,Palermo,14.0,Capital Federal,-34.5764144,-58.4298648,360.0,356.0,,,4,,,,18.33,Alquiler Oficina AAA en Palermo Vista Al Rio P11,,,0,0,0,0,0,0,0,0,0,0,0,0,0,0,0,0,0,0,0,0,0,0
remax,9b7b2181-a3bd-4b5c-9045-a01744f0a732,https://www.remax.com.ar/listings/alquiler-dpto-3-ambientes-espacio-guardacoche,2026-08-13T22:36:52+00:00,alquiler,departamento_estandar,1200000.0,ARS,ARS 1200000.0,307000.0,ARS,Ciudad de la Paz 2900,Ciudad de la Paz,2900,,nunez,Nuñez,13.0,Capital Federal,-34.555468,-58.4641821,77.4,65.17,3.0,,1,,,,15503.88,Alquiler Dpto 3 ambientes/espacio guardacoche,,,0,0,0,0,0,0,0,0,0,0,0,0,0,0,0,0,0,0,0,0,0,0
remax,9b44bf80-b8cd-4e54-9c2d-da507d54aa94,https://www.remax.com.ar/listings/alquiler-monoambiente-con-cochera-recoleta,2026-08-13T22:36:55+00:00,alquiler,departamento_monoambiente,450.0,USD,USD 450.0,62000.0,ARS,Austria 2400,Austria,2400,,recoleta,Recoleta,2.0,Capital Federal,-34.585517,-58.4004479,16.0,16.0,1.0,,1,1.0,,,28.12,ALQUILER MONOAMBIENTE CON COCHERA RECOLETA,,,0,0,0,0,0,0,0,0,0,1,0,0,0,0,0,0,0,0,0,0,0,0
remax,9b3d6b2d-8e54-4ee1-a267-fbf8b7d6009f,https://www.remax.com.ar/listings/alquiler-2-ambientes-de-lujo-amenities-amoblado,2026-08-13T22:36:55+00:00,alquiler,departamento_estandar,950.0,USD,USD 950.0,200000.0,ARS,Avenida Luis María Campos 1000,Avenida Luis María Campos,1000,,palermo,Palermo,14.0,Capital Federal,-34.5663534,-58.4387831,50.0,45.0,2.0,,1,,,,19.0,ALQUILER 2 AMBIENTES DE LUJO AMENITIES AMOBLADO,,,1,0,0,0,0,0,0,0,0,0,0,0,0,0,0,0,0,0,1,0,0,0
remax,9b3c5c33-400f-4e2c-ab45-611a2aae6c56,https://www.remax.com.ar/listings/alquiler-local-avenida-rivadavia-liniers,2026-08-13T22:36:55+00:00,alquiler,local,6000000.0,ARS,ARS 6000000.0,,ARS,Avenida Rivadavia 11600,Avenida Rivadavia,11600,,liniers,Liniers,9.0,Capital Federal,-34.639425,-58.5278478,140.0,140.0,,,0,,,,42857.14,ALQUILER LOCAL AVENIDA RIVADAVIA LINIERS,,,0,0,0,0,0,0,0,0,0,0,0,0,0,0,0,0,0,0,0,0,0,0
remax,9b389fa0-7db5-42c2-8071-0168419a0c07,https://www.remax.com.ar/listings/alquiler-2-amb-con-cochera-semi-piso-caballito,2026-08-13T22:36:55+00:00,alquiler,departamento_estandar,790000.0,ARS,ARS 790000.0,350000.0,ARS,Avenida Pedro Goyena 800,Avenida Pedro Goyena,800,,caballito,Caballito,6.0,Capital Federal,-34.6260859,-58.4394439,51.0,48.0,2.0,,1,1.0,,,15490.2,ALQUILER 2 amb con cochera SEMI PISO CABALLITO,,,0,0,0,0,0,0,0,0,0,1,0,0,0,0,0,0,0,0,0,0,0,0
remax,9b3600a0-f873-4a87-b24c-0bb5cc1d2b0d,https://www.remax.com.ar/listings/monoambiente-en-chacarita-apto-profesional,2026-08-13T22:36:55+00:00,alquiler,departamento_estandar,500000.0,ARS,ARS 500000.0,177000.0,ARS,Avenida Córdoba 6000,Avenida Córdoba,6000,,chacarita,Chacarita,15.0,Capital Federal,-34.5846946,-58.4449723,20.25,20.25,1.0,,1,,,,24691.36,MONOAMBIENTE EN CHACARITA/APTO PROFESIONAL,,,0,0,0,0,0,0,0,0,1,0,0,0,0,0,0,0,0,0,0,0,0,0
remax,9b249849-43e5-4b93-8f0b-ade9cf37d49e,https://www.remax.com.ar/listings/alquiler-amoblado-2-ambientes-cochera-vista-al-rio,2026-08-13T22:36:55+00:00,alquiler,departamento_estandar,1500.0,USD,USD 1500.0,0.0,ARS,Bulnes 2700,Bulnes,2700,,palermo,Palermo,14.0,Capital Federal,-34.5805452,-58.4063652,68.0,60.0,2.0,,1,1.0,,,22.06,ALQUILER AMOBLADO 2 AMBIENTES COCHERA VISTA AL RIO,,,0,0,0,0,0,0,0,0,0,1,0,0,0,0,0,0,0,0,1,0,0,0
remax,9ae309c3-e9f7-4618-8fae-a846779e21cb,https://www.remax.com.ar/listings/dpto-mono-alquiler-san-cristobal-c-balcon,2026-08-13T22:36:55+00:00,alquiler,departamento_estandar,650000.0,ARS,ARS 650000.0,130000.0,ARS,Humberto 1º 2600,Humberto 1º,2600,1,san cristobal,San Cristobal,3.0,Capital Federal,-34.622406440657,-58.40195775032,37.0,33.4,1.0,,1,,,,17567.57,Dpto. Mono Alquiler San Cristobal c/ Balcon,,,0,0,0,0,0,0,0,0,0,0,0,0,0,1,0,0,0,0,0,0,0,0
remax,9ac15551-733c-4299-8bfe-2be10ad90117,https://www.remax.com.ar/listings/alquiler-depto-4-amb-piso-15-c-cochera-belgrano-c,2026-08-13T22:36:55+00:00,alquiler,departamento_estandar,2000000.0,ARS,ARS 2000000.0,0.0,ARS,Blanco Encalada 2300,Blanco Encalada,2300,,belgrano,Belgrano,13.0,Capital Federal,-34.5589456,-58.4588095,89.46,78.34,4.0,,2,1.0,,,22356.36,ALQUILER DEPTO 4 AMB PISO 15 C/ COCHERA BELGRANO C,,,0,0,0,0,0,0,0,0,0,1,0,0,0,0,0,0,0,0,0,0,0,0
remax,9aa8a918-6645-4d9d-a52f-a9d0c641cd3a,https://www.remax.com.ar/listings/alquiler-depto-3-ambientes-con-cochera-nunez,2026-08-13T22:36:55+00:00,alquiler,departamento_estandar,1100000.0,ARS,ARS 1100000.0,200000.0,ARS,Vidal 3300,Vidal,3300,,nunez,Nuñez,13.0,Capital Federal,-34.5530965,-58.4701698,54.77,51.12,3.0,,1,1.0,,,20083.99,ALQUILER DEPTO 3 AMBIENTES CON COCHERA NUÑEZ,,,0,0,0,0,0,0,0,0,0,1,0,0,0,0,0,0,0,0,0,0,0,0
remax,9a9fec1e-9088-443a-860a-e8fc2e91270b,https://www.remax.com.ar/listings/alquiler-local-en-galeria-colon-florida-360,2026-08-13T22:36:55+00:00,alquiler,local,400000.0,ARS,ARS 400000.0,,ARS,Florida 300,Florida,300,,san nicolas,Centro / Microcentro,1.0,Capital Federal,-34.603837,-58.3752648,30.56,30.56,,,1,,,,13089.01,ALQUILER LOCAL EN GALERÍA COLON FLORIDA 360,,,0,0,0,0,0,0,0,0,0,0,0,0,0,0,0,0,0,0,0,0,0,0
remax,9a831f1e-4a35-465a-a9e5-19952a8de25f,https://www.remax.com.ar/listings/alquiler-depto-3-amb-mas-dependencia-y-2-balcones,2026-08-13T22:36:58+00:00,alquiler,departamento_estandar,1150000.0,ARS,ARS 1150000.0,238000.0,ARS,La Pampa 2600,La Pampa,2600,,belgrano,Belgrano,13.0,Capital Federal,-34.566240153735,-58.456567525864,69.0,61.0,3.0,,1,,,,16666.67,Alquiler Depto 3 amb más dependencia y 2 balcones,,,0,0,0,0,0,0,0,0,0,0,0,0,0,1,0,0,0,0,0,0,0,0
remax,9a7bdf70-40ce-43c9-8fb9-4dfbc8039285,https://www.remax.com.ar/listings/alquiler-monoambiente-en-nunez-1,2026-08-13T22:36:58+00:00,alquiler,departamento_monoambiente,500000.0,ARS,ARS 500000.0,84000.0,ARS,Vuelta de Obligado 3500,Vuelta de Obligado,3500,,nunez,Nuñez,13.0,Capital Federal,-34.5486406,-58.4667511,23.0,23.0,1.0,,1,,,,21739.13,ALQUILER MONOAMBIENTE EN NUÑEZ,,,0,0,0,0,0,0,0,0,0,0,0,0,0,0,0,0,0,0,0,0,0,0
remax,9a275d7a-4a4f-4918-bb49-cf8751d7df1e,https://www.remax.com.ar/listings/hermoso-depto-2-amb-alquiler-parq-patricios,2026-08-13T22:36:58+00:00,alquiler,departamento_estandar,850000.0,ARS,ARS 850000.0,193000.0,ARS,Avenida Juan de Garay 3100,Avenida Juan de Garay,3100,,parque patricios,Parque Patricios,4.0,Capital Federal,-34.6298991,-58.4093888,46.0,42.0,2.0,,1,,,,18478.26,HERMOSO DEPTO. 2 AMB. / ALQUILER - PARQ. PATRICIOS,,,0,0,0,0,0,0,0,0,0,0,0,0,0,0,0,0,0,0,0,0,0,0
remax,9a272f01-1def-4615-920b-27b6f565364d,https://www.remax.com.ar/listings/alquiler-depto-monoambiente-barracas,2026-08-13T22:36:58+00:00,alquiler,departamento_estandar,550000.0,ARS,ARS 550000.0,64000.0,ARS,Germán Abdala 100,Germán Abdala,100,,barracas,Barracas,4.0,Capital Federal,-34.6297084,-58.3674783,33.24,30.5,1.0,,1,,,,16546.33,ALQUILER DEPTO MONOAMBIENTE BARRACAS,,,0,0,0,0,0,0,0,0,0,0,0,0,0,0,0,0,0,0,0,0,0,0
remax,99abc80a-b910-41b4-b389-11bd00558b04,https://www.remax.com.ar/listings/local-alquiler-galeria-gran-norte,2026-08-13T22:37:04+00:00,alquiler,local,450.0,USD,USD 450.0,56500.0,ARS,Avenida Santa Fe 3500,Avenida Santa Fe,3500,,palermo,Palermo,14.0,Capital Federal,-34.588986,-58.4101025,6.04,6.04,,,0,,,,74.5,LOCAL ALQUILER GALERIA GRAN NORTE,,,0,0,0,0,0,0,0,0,0,0,0,0,0,0,0,0,0,0,0,0,0,0
remax,998f0f0c-6223-4be6-a4e2-719c6587ffad,https://www.remax.com.ar/listings/alquiler-de-amplio-monoambiente-la-mejor-vista,2026-08-13T22:37:04+00:00,alquiler,departamento_monoambiente,600000.0,ARS,ARS 600000.0,70000.0,ARS,Martin Rodriguez 400,Martin Rodriguez,400,,la boca,La Boca,4.0,Capital Federal,-34.632099898058,-58.363061428463,31.0,31.0,1.0,,1,,,,19354.84,"Alquiler de amplio monoambiente, la mejor vista!",,,0,0,0,0,0,0,0,0,0,0,0,0,0,0,0,0,0,0,0,0,0,0
remax,998730a4-0e93-448f-a601-35321a4f8550,https://www.remax.com.ar/listings/alquiler-dpto-2-amb-c-balcon-villa-devoto,2026-08-13T22:37:04+00:00,alquiler,departamento_estandar,900000.0,ARS,ARS 900000.0,94000.0,ARS,Pasaje Sierra Grande 2600,Pasaje Sierra Grande,2600,,villa devoto,Villa Devoto,11.0,Capital Federal,-34.61049979884,-58.504021167755,43.0,40.0,2.0,,1,,,,20930.23,Alquiler Dpto 2 amb c/balcón Villa Devoto,,,0,0,0,0,0,0,0,0,0,0,0,0,0,1,0,0,0,0,0,0,0,0
remax,994f8cdd-0f69-4a4c-bfb2-698911cfebf3,https://www.remax.com.ar/listings/alquiler-departamento-monoambiente-villa-urquiza-2,2026-08-13T22:37:04+00:00,alquiler,departamento_estandar,470000.0,ARS,ARS 470000.0,231000.0,ARS,Pacheco 2100,Pacheco,2100,,villa urquiza,Villa Urquiza,12.0,Capital Federal,-34.5751193,-58.4827303,35.0,33.0,1.0,,1,,,,13428.57,ALQUILER DEPARTAMENTO MONOAMBIENTE VILLA URQUIZA,,,0,0,0,0,0,0,0,0,0,0,0,0,0,0,0,0,0,0,0,0,0,0
remax,98f2e870-91b0-41cb-bb94-18baca6ae163,https://www.remax.com.ar/listings/alquiler-2-amb-amenities-piso-alto-torre-categoria,2026-08-13T22:37:07+00:00,alquiler,departamento_estandar,950000.0,ARS,ARS 950000.0,315000.0,ARS,Congreso 2300,Congreso,2300,,nunez,Nuñez,13.0,Capital Federal,-34.555013952503,-58.46174955368,44.5,42.0,2.0,,1,,,,21348.31,ALQUILER 2 AMB AMENITIES PISO ALTO TORRE CATEGORIA,,,1,0,0,0,0,0,0,0,0,0,0,0,0,0,0,0,0,0,0,0,0,0
remax,98db323f-31b7-4ab7-9694-43a005e2b084,https://www.remax.com.ar/listings/departamento-monoambiente-en-alquiler-caballito,2026-08-13T22:37:07+00:00,alquiler,departamento_monoambiente,500000.0,ARS,ARS 500000.0,100000.0,ARS,Avenida Juan Bautista Alberdi 200,Avenida Juan Bautista Alberdi,200,,caballito,Caballito,6.0,Capital Federal,-34.622838,-58.431154,20.98,20.98,1.0,,1,,,,23832.22,DEPARTAMENTO MONOAMBIENTE EN ALQUILER - CABALLITO,,,0,0,0,0,0,0,0,0,0,0,0,0,0,0,0,0,0,0,0,0,0,0
remax,98d2be75-a5c4-464a-a310-44115dd36819,https://www.remax.com.ar/listings/alquiler-monoambiente-liniers-apto-profesional,2026-08-13T22:37:07+00:00,alquiler,departamento_monoambiente,500000.0,ARS,ARS 500000.0,84175.0,ARS,Avenida Rivadavia 10400,Avenida Rivadavia,10400,,liniers,Liniers,9.0,Capital Federal,-34.639401,-58.5107788,26.46,20.53,1.0,,1,,,,18896.45,ALQUILER-MONOAMBIENTE-LINIERS-APTO PROFESIONAL,,,0,0,0,0,0,0,0,0,1,0,0,0,0,0,0,0,0,0,0,0,0,0
remax,98b2b132-2c9e-43d9-bf50-1c6af17deca6,https://www.remax.com.ar/listings/alquiler-departamento-3-amb-cochera-en-las-canitas,2026-08-13T22:37:07+00:00,alquiler,departamento_estandar,1500000.0,ARS,ARS 1500000.0,300000.0,ARS,Soldado de la Independencia 400,Soldado de la Independencia,400,,palermo,Las Cañitas,14.0,Capital Federal,-34.5695037,-58.4312694,67.0,64.0,3.0,,1,1.0,,,22388.06,Alquiler departamento 3 Amb Cochera en Las Cañitas,,,0,0,0,0,0,0,0,0,0,1,0,0,0,0,0,0,0,0,0,0,0,0
remax,986bb8f1-58a0-4d13-a056-0c23ee03c972,https://www.remax.com.ar/listings/departamento-3-ambientes-en-alquiler-en-caballito,2026-08-13T22:37:07+00:00,alquiler,departamento_estandar,1200000.0,ARS,ARS 1200000.0,180000.0,ARS,Avenida San Martín 1200,Avenida San Martín,1200,,caballito,Caballito,6.0,Capital Federal,-34.6075073,-58.4472404,76.27,76.27,3.0,,1,,,,15733.58,DEPARTAMENTO 3 AMBIENTES EN ALQUILER EN CABALLITO,,,0,0,0,0,0,0,0,0,0,0,0,0,0,0,0,0,0,0,0,0,0,0
remax,9858ae68-e75e-4d3b-9fa5-f318437efcd9,https://www.remax.com.ar/listings/alquiler-departamento-a-estrenar-san-nicolas,2026-08-13T22:37:07+00:00,alquiler,departamento_monoambiente,450.0,USD,USD 450.0,186000.0,ARS,Rodríguez Peña 300,Rodríguez Peña,300,,san nicolas,San Nicolás,1.0,Capital Federal,-34.6045703,-58.3909892,35.37,35.37,1.0,,1,,,,12.72,ALQUILER DEPARTAMENTO A ESTRENAR SAN NICOLAS,,,0,0,0,0,0,0,0,0,0,0,0,0,0,0,0,0,0,0,0,0,0,0
remax,98499c80-1fea-4c9a-9b8b-b617af10ce64,https://www.remax.com.ar/listings/alquiler-2-ambientes-luminoso-dormitorio-en-suite,2026-08-13T22:37:07+00:00,alquiler,departamento_estandar,1500000.0,ARS,ARS 1500000.0,190000.0,ARS,Cabrera 4700,Cabrera,4700,,palermo,Palermo Soho,14.0,Capital Federal,-34.589389,-58.432844,63.0,56.0,2.0,,1,,,,23809.52,Alquiler 2 Ambientes LUMINOSO Dormitorio en Suite,,,0,0,0,0,0,0,0,0,0,0,0,0,1,0,0,0,0,0,0,0,0,0
remax,9845fb4f-8724-46a3-8bf9-b639d27a6261,https://www.remax.com.ar/listings/alquiler-dpto-monoambiente-amoblado-san-telmo,2026-08-13T22:37:10+00:00,alquiler,departamento_monoambiente,600.0,USD,USD 600.0,220000.0,ARS,Avenida Paseo Colón 1400,Avenida Paseo Colón,1400,,san telmo,San Telmo,1.0,Capital Federal,-34.6248847,-58.3678147,43.0,43.0,1.0,,1,,,,13.95,ALQUILER DPTO MONOAMBIENTE AMOBLADO SAN TELMO,,,0,0,0,0,0,0,0,0,0,0,0,0,0,0,0,0,0,0,1,0,0,0
remax,98150d6a-69b3-4086-b31e-4e75960e3f9e,https://www.remax.com.ar/listings/alquiler-residencial-en-belgrano-dep-to-4-ambient,2026-08-13T22:37:10+00:00,alquiler,departamento_estandar,900.0,USD,USD 900.0,350000.0,ARS,Montañeses 2000,Montañeses,2000,,,Barrio Chino,,Capital Federal,-34.5581429,-58.4485271,74.36,69.18,4.0,,1,,,,12.1,Alquiler Residencial en Belgrano Dep.to 4 Ambient.,,,0,0,0,0,0,0,0,0,0,0,0,0,0,0,0,0,0,0,0,0,0,0
remax,97f99f9b-1589-42e3-9982-4ae8c76f681a,https://www.remax.com.ar/listings/alquiler-oficina-con-esp-guarda-coche-microcentro,2026-08-13T22:37:10+00:00,alquiler,oficina,590000.0,ARS,ARS 590000.0,200000.0,ARS,Avenida Corrientes 800,Avenida Corrientes,800,,san nicolas,San Nicolás,1.0,Capital Federal,-34.603657220801,-58.378836715758,48.0,48.0,,,1,1.0,,,12291.67,ALQUILER OFICINA CON ESP. GUARDA COCHE MICROCENTRO,,,0,0,0,0,0,0,0,0,0,1,0,0,0,0,0,0,0,0,0,0,0,0
remax,9770dddb-64b3-440b-9384-70b3198c4615,https://www.remax.com.ar/listings/alquiler-2-ambientes-cochera-torre-astor-nunez,2026-08-13T22:37:13+00:00,alquiler,departamento_estandar,1200.0,USD,USD 1200.0,303000.0,ARS,Pico 2200,Pico,2200,,nunez,Nuñez,13.0,Capital Federal,-34.54027020965,-58.473787307739,45.92,41.64,2.0,,1,1.0,,,26.13,ALQUILER 2 AMBIENTES COCHERA TORRE ASTOR NUÑEZ,,,0,0,0,0,0,0,0,0,0,1,0,0,0,0,0,0,0,0,0,0,0,0
remax,975958bc-e395-4864-9315-3ea6bdf28ab7,https://www.remax.com.ar/listings/alquiler-oficina-lista-para-entrar-con-cochera,2026-08-13T22:37:13+00:00,alquiler,oficina,1100000.0,ARS,ARS 1100000.0,350000.0,ARS,Moreno 900,Moreno,900,,monserrat,Monserrat,1.0,Capital Federal,-34.6120948,-58.3789542,102.0,102.0,,,2,1.0,,,10784.31,ALQUILER OFICINA LISTA PARA ENTRAR CON COCHERA,,,0,0,0,0,0,0,0,0,0,1,0,0,0,0,0,0,0,0,0,0,0,0
remax,9741f6cb-fc95-43a6-b50a-3bda902ea6e2,https://www.remax.com.ar/listings/alquiler-residenc-dep-to-en-chacarita-con-pileta,2026-08-13T22:37:13+00:00,alquiler,departamento_estandar,450.0,USD,USD 450.0,120000.0,ARS,Avenida Córdoba 6200,Avenida Córdoba,6200,,chacarita,Chacarita,15.0,Capital Federal,-34.582832,-58.4478804,39.1,36.4,1.0,,1,,,,11.51,Alquiler Residenc. Dep.to en Chacarita con pileta,,,1,1,0,0,0,0,0,0,0,0,0,0,0,0,0,0,0,0,0,0,0,0
remax,96d3fab3-8ddb-4e2b-9433-b4b05a078d7f,https://www.remax.com.ar/listings/alquiler-3amb-belgrano-r-apto-profesional,2026-08-13T22:37:13+00:00,alquiler,departamento_estandar,1180000.0,ARS,ARS 1180000.0,240000.0,ARS,Avenida de los Incas 3200,Avenida de los Incas,3200,,belgrano,Belgrano R,13.0,Capital Federal,-34.571799202864,-58.459686029359,54.15,50.51,3.0,,1,,,,21791.32,ALQUILER 3AMB BELGRANO R APTO PROFESIONAL,,,0,0,0,0,0,0,0,0,1,0,0,0,0,0,0,0,0,0,0,0,0,0
remax,96ce40f3-98d0-4289-a8b5-21964b356665,https://www.remax.com.ar/listings/dpto-monoambiente-en-alquiler-en-almagro-amoblado,2026-08-13T22:37:13+00:00,alquiler,departamento_monoambiente,540000.0,ARS,ARS 540000.0,322000.0,ARS,Teniente General Juan Domingo Peron 4100,Teniente General Juan Domingo Peron,4100,,almagro,Almagro,5.0,Capital Federal,-34.605766746019,-58.425422152449,47.17,31.36,1.0,,1,,,,11447.95,DPTO MONOAMBIENTE EN ALQUILER EN ALMAGRO AMOBLADO,,,0,0,0,0,0,0,0,0,0,0,0,0,0,0,0,0,0,0,1,0,0,0
remax,96c99de5-5070-4e75-9042-b878f04670cb,https://www.remax.com.ar/listings/alquiler-palermo-loft-con-balcon-terraza,2026-08-13T22:37:13+00:00,alquiler,departamento_loft,800000.0,ARS,ARS 800000.0,160000.0,ARS,Jerónimo Salguero 1600,Jerónimo Salguero,1600,,palermo,Palermo,14.0,Capital Federal,-34.5905474,-58.4172874,56.04,38.63,1.0,,1,,,,14275.52,Alquiler Palermo Loft con Balcon Terraza,,,0,0,0,0,0,0,0,0,0,0,0,0,0,1,0,0,0,0,0,0,0,0
remax,96b9a7cb-c07b-4229-8660-8ad5d19943c6,https://www.remax.com.ar/listings/gran-local-comercial-en-alquiler-recoleta-vip-1,2026-08-13T22:37:13+00:00,alquiler,consultorio,4000000.0,ARS,ARS 4000000.0,1500000.0,ARS,Posadas 1300,Posadas,1300,,recoleta,Recoleta,2.0,Capital Federal,-34.5885031,-58.3852688,193.0,193.0,4.0,,6,,,,20725.39,GRAN LOCAL COMERCIAL EN ALQUILER — RECOLETA VIP,,,0,0,0,0,0,0,0,0,0,0,0,0,0,0,0,0,0,0,0,0,0,0
remax,96aef130-bcdd-4f79-9a6c-f1210b0f0eab,https://www.remax.com.ar/listings/alquiler-dpto-2-amb-con-terraza-y-cochera-belgrano,2026-08-13T22:37:13+00:00,alquiler,departamento_estandar,950000.0,ARS,ARS 950000.0,270000.0,ARS,Franklin Delano Roosevelt 2900,Franklin Delano Roosevelt,2900,,belgrano,Belgrano,13.0,Capital Federal,-34.5605739,-58.4659195,70.0,44.0,2.0,,1,1.0,,,13571.43,ALQUILER DPTO 2 AMB CON TERRAZA Y COCHERA BELGRANO,,,0,0,0,0,0,0,0,0,0,1,0,0,0,1,0,0,0,0,0,0,0,0
remax,96861d83-df28-4ad5-a1ef-652c971a5a71,https://www.remax.com.ar/listings/dos-amb-apto-prof-consultorio-estudio-oficina,2026-08-13T22:37:17+00:00,alquiler,departamento_estandar,850000.0,ARS,ARS 850000.0,150000.0,ARS,Huergo 200,Huergo,200,,palermo,Palermo,14.0,Capital Federal,-34.5731373,-58.4311356,43.66,37.0,2.0,,1,,,,19468.62,"Dos amb.apto prof, consultorio, estudio,oficina,",,,0,0,0,0,0,0,0,0,0,0,0,0,0,0,0,0,0,0,0,0,0,0
remax,9682d4e9-edda-4f9d-b4ae-5ef65f738c0a,https://www.remax.com.ar/listings/local-en-alquiler-en-san-telmo-100-mts,2026-08-13T22:37:17+00:00,alquiler,local,2000.0,USD,USD 2000.0,250000.0,ARS,Bolivar 1000,Bolivar,1000,,san telmo,San Telmo,1.0,Capital Federal,-34.620179,-58.373017,105.0,101.0,,,1,,,,19.05,Local en Alquiler en San Telmo 100 mts,,,0,0,0,0,0,0,0,0,0,0,0,0,0,0,0,0,0,0,0,0,0,0
remax,967eb862-c519-4029-a998-aca11c35a542,https://www.remax.com.ar/listings/alquiler-dpto-piso-5-amb-balcon-cochera-flores,2026-08-13T22:37:17+00:00,alquiler,departamento_estandar,1800000.0,ARS,ARS 1800000.0,668407.0,ARS,Coronel Ramón Lorenzo Falcón 2300,Coronel Ramón Lorenzo Falcón,2300,,flores,Flores,7.0,Capital Federal,-34.629776,-58.4608936,218.7,195.47,5.0,,2,1.0,,,8230.45,ALQUILER DPTO. PISO 5 AMB. BALCON COCHERA FLORES,,,0,0,0,0,0,0,0,0,0,1,0,0,0,1,0,0,0,0,0,0,0,0
remax,967db3c3-28dc-4f68-b392-1f1e3f3892dc,https://www.remax.com.ar/listings/alquiler-local-comercial-mataderos-buena-ubicacion,2026-08-13T22:37:17+00:00,alquiler,local,900000.0,ARS,ARS 900000.0,,ARS,Avenida Coronel Cárdenas 2300,Avenida Coronel Cárdenas,2300,,mataderos,Mataderos,9.0,Capital Federal,-34.6633825,-58.5043683,60.0,60.0,,,1,,,,15000.0,ALQUILER LOCAL COMERCIAL MATADEROS BUENA UBICACIÓN,,,0,0,0,0,0,0,0,0,0,0,0,0,0,0,0,0,0,0,0,0,0,0
remax,96685a63-d2c6-4379-a80b-f213af6b31fa,https://www.remax.com.ar/listings/alquiler-palacio-cabrera-2-amb-cochera-palermo,2026-08-13T22:37:17+00:00,alquiler,departamento_estandar,2000000.0,ARS,ARS 2000000.0,734000.0,ARS,José A. Cabrera 5600,José A. Cabrera,5600,,palermo,Palermo Hollywood,14.0,Capital Federal,-34.5850315,-58.4382539,88.54,57.54,2.0,,1,1.0,,,22588.66,"ALQUILER PALACIO CABRERA, 2 AMB. COCHERA, PALERMO",,,0,0,0,0,0,0,0,0,0,1,0,0,0,0,0,0,0,0,0,0,0,0
remax,965497b8-c83a-47ba-a437-75c96399e107,https://www.remax.com.ar/listings/2-amb-muy-luminoso-en-palermo,2026-08-13T22:37:17+00:00,alquiler,departamento_estandar,550000.0,ARS,ARS 550000.0,120000.0,ARS,Mario Bravo 1200,Mario Bravo,1200,,palermo,Palermo,14.0,Capital Federal,-34.5947632,-58.4148067,30.31,30.31,2.0,,1,,,,18145.83,2 AMB MUY LUMINOSO EN PALERMO,,,0,0,0,0,0,0,0,0,0,0,0,0,1,0,0,0,0,0,0,0,0,0
remax,964f6f37-7bb9-4bfc-8461-a5e6cbf7a062,https://www.remax.com.ar/listings/alquiler-departamento-2-amb-en-caballito-sur,2026-08-13T22:37:17+00:00,alquiler,departamento_estandar,680000.0,ARS,ARS 680000.0,130000.0,ARS,San José de Calasanz 500,San José de Calasanz,500,,caballito,Caballito Norte,6.0,Capital Federal,-34.6250397,-58.4376307,40.0,40.0,2.0,,1,,,,17000.0,Alquiler departamento 2 amb en Caballito Sur,,,0,0,0,0,0,0,0,0,0,0,0,0,0,0,0,0,0,0,0,0,0,0
remax,95fcf2c5-c4aa-45cc-9628-6850e997724c,https://www.remax.com.ar/listings/alquiler-monoambiente-nunez-balcon-pileta,2026-08-13T22:37:17+00:00,alquiler,departamento_monoambiente,700000.0,ARS,ARS 700000.0,171000.0,ARS,Avenida García del Río 2500,Avenida García del Río,2500,,saavedra,Saavedra,12.0,Capital Federal,-34.5486284,-58.470882,33.02,27.28,1.0,,1,,,,21199.27,ALQUILER MONOAMBIENTE NUÑEZ BALCON PILETA,,,1,1,0,0,0,0,0,0,0,0,0,0,0,1,0,0,0,0,0,0,0,0
remax,95f2f388-8e83-4780-bfee-a9809275164c,https://www.remax.com.ar/listings/alquiler-monoambiente-villa-del-parque,2026-08-13T22:37:21+00:00,alquiler,departamento_monoambiente,700000.0,ARS,ARS 700000.0,168000.0,ARS,Avenida Nazca 1700,Avenida Nazca,1700,,villa del parque,Villa del Parque,11.0,Capital Federal,-34.6137186,-58.4797646,38.0,35.0,1.0,,1,,,,18421.05,ALQUILER MONOAMBIENTE - VILLA DEL PARQUE,,,0,0,0,0,0,0,0,0,0,0,0,0,0,0,0,0,0,0,0,0,0,0
remax,95e72ecd-ec2a-4601-b6d7-9fe3cd5e58b9,https://www.remax.com.ar/listings/alquiler-2-ambientes-en-monserrat-1,2026-08-13T22:37:21+00:00,alquiler,departamento_estandar,500000.0,ARS,ARS 500000.0,200000.0,ARS,Avenida Presidente Julio A. Roca 500,Avenida Presidente Julio A. Roca,500,,monserrat,Monserrat,1.0,Capital Federal,-34.60979,-58.373994,32.0,32.0,2.0,,1,,,,15625.0,ALQUILER 2 AMBIENTES EN MONSERRAT,,,0,0,0,0,0,0,0,0,0,0,0,0,0,0,0,0,0,0,0,0,0,0
remax,95d27453-7fcf-4675-b627-80583661c305,https://www.remax.com.ar/listings/alquiler-departamento-3-ambientes-belgrano-cochera,2026-08-13T22:37:21+00:00,alquiler,departamento_estandar,900.0,USD,USD 900.0,250000.0,ARS,Vidal 2100,Vidal,2100,,belgrano,Belgrano,13.0,Capital Federal,-34.5639008,-58.460729,55.01,55.01,3.0,,1,1.0,,,16.36,Alquiler Departamento 3 Ambientes Belgrano cochera,,,0,0,0,0,0,0,0,0,0,1,0,0,0,0,0,0,0,0,0,0,0,0
remax,95b4cc83-6e58-47cc-9761-4772322adef6,https://www.remax.com.ar/listings/alquiler-dpto-2-amb-barrio-norte-reciclado,2026-08-13T22:37:21+00:00,alquiler,departamento_estandar,1100000.0,ARS,ARS 1100000.0,85000.0,ARS,Avenida Córdoba 2600,Avenida Córdoba,2600,,recoleta,Barrio Norte,2.0,Capital Federal,-34.5978969,-58.4045883,55.84,48.32,2.0,,1,,,,19699.14,ALQUILER DPTO 2 AMB. | BARRIO NORTE | RECICLADO!,,,0,0,0,0,0,0,0,0,0,0,0,0,0,0,0,1,0,0,0,0,0,0
remax,95943607-bc6a-450e-aa41-06a2b47e80e3,https://www.remax.com.ar/listings/local-o-oficina-en-galeria-en-florida-142,2026-08-13T22:37:21+00:00,alquiler,local,250000.0,ARS,ARS 250000.0,100000.0,ARS,Florida 100,Florida,100,,san nicolas,San Nicolás,1.0,Capital Federal,-34.606371,-58.375201,18.0,18.0,,,0,,,,13888.89,Local o Oficina en Galería en Florida 142!!!!,,,0,0,0,0,0,0,0,0,0,0,0,0,0,0,0,0,0,0,0,0,0,0
remax,959398c1-6d03-429a-8cea-69868dd2c761,https://www.remax.com.ar/listings/departamento-2dorm-2banos-y-lavadero-alto-palermo,2026-08-13T22:37:21+00:00,alquiler,departamento_estandar,850.0,USD,USD 850.0,180000.0,ARS,Julián Álvarez 2400,Julián Álvarez,2400,,,Botánico,,Capital Federal,-34.5869792,-58.4148408,54.0,54.0,3.0,,1,,,,15.74,Departamento 2dorm- 2baños y lavadero Alto Palermo,,,0,0,0,0,0,0,0,0,0,0,0,0,0,0,0,0,0,0,0,0,0,0
remax,95749998-bbcc-4164-b46f-ed01204d676f,https://www.remax.com.ar/listings/alquiler-de-3-ambientes-c-dependencia-y-lavadero,2026-08-13T22:37:21+00:00,alquiler,departamento_estandar,1000000.0,ARS,ARS 1000000.0,250000.0,ARS,Avenida Córdoba 1400,Avenida Córdoba,1400,,san nicolas,San Nicolás,1.0,Capital Federal,-34.599452,-58.3877035,82.0,82.0,3.0,,2,,,,12195.12,ALQUILER de 3 ambientes c dependencia y lavadero,,,0,0,0,0,0,0,0,0,0,0,0,0,0,0,0,0,0,0,0,0,0,0
remax,956da1af-4da3-4fa2-992f-29e5a5e1684e,https://www.remax.com.ar/listings/alquiler-monoambiente-en-san-nicolas,2026-08-13T22:37:21+00:00,alquiler,departamento_estandar,450000.0,ARS,ARS 450000.0,152000.0,ARS,Bartolomé Mitre 1700,Bartolomé Mitre,1700,,san nicolas,San Nicolás,1.0,Capital Federal,-34.6079031,-58.3916848,25.18,25.18,1.0,,1,,,,17871.33,ALQUILER MONOAMBIENTE EN SAN NICOLAS,,,0,0,0,0,0,0,0,0,0,0,0,0,0,0,0,0,0,0,0,0,0,0
remax,9521efbd-e8fb-41fc-a383-8955157d3960,https://www.remax.com.ar/listings/alquiler-2-amb-amoblado-cochera-pileta-canitas,2026-08-13T22:37:24+00:00,alquiler,departamento_estandar,1200000.0,ARS,ARS 1200000.0,265131.0,ARS,Migueletes 900,Migueletes,900,,palermo,Las Cañitas,14.0,Capital Federal,-34.5656592,-58.4358376,52.68,50.0,2.0,,1,1.0,,,22779.04,Alquiler 2 amb amoblado cochera pileta Cañitas,,,1,1,0,0,0,0,0,0,0,1,0,0,0,0,0,0,0,0,1,0,0,0
remax,950d3e4d-10a8-4d0b-8513-18e972c61aaa,https://www.remax.com.ar/listings/alquiler-dpto-2-amb-palermo-soho-bajas-expensas,2026-08-13T22:37:24+00:00,alquiler,departamento_estandar,900000.0,ARS,ARS 900000.0,61000.0,ARS,Charcas 3700,Charcas,3700,,palermo,Palermo,14.0,Capital Federal,-34.588027,-58.4177081,49.32,43.32,2.0,,1,,,,18248.18,ALQUILER DPTO 2 AMB PALERMO SOHO BAJAS EXPENSAS,,,0,0,0,0,0,0,0,0,0,0,0,0,0,0,0,0,0,0,0,0,0,0
remax,950d0e07-9772-415c-82c6-7f5e9dbaaafb,https://www.remax.com.ar/listings/departamento-espacioso-2-ambientes-con-2-balcones,2026-08-13T22:37:24+00:00,alquiler,departamento_estandar,1200000.0,ARS,ARS 1200000.0,103000.0,ARS,Terrada 4600,Terrada,4600,,villa pueyrredon,Villa Pueyrredón,12.0,Capital Federal,-34.586153704817,-58.500546575524,57.06,49.5,2.0,,1,,,,21030.49,Departamento Espacioso 2 Ambientes Con 2 balcones,,,0,0,0,0,0,0,0,0,0,0,0,0,0,1,0,0,0,0,0,0,0,0
remax,94c9d277-f828-4496-bf8c-7d473408623b,https://www.remax.com.ar/listings/local-comercial-en-alquiler-palermo-a-estrenar,2026-08-13T22:37:24+00:00,alquiler,local,3000000.0,ARS,ARS 3000000.0,97000.0,ARS,Godoy Cruz 2600,Godoy Cruz,2600,,palermo,Palermo,14.0,Capital Federal,-34.579511,-58.4259103,80.5,80.5,,,2,,,,37267.08,LOCAL COMERCIAL EN ALQUILER PALERMO A ESTRENAR,,,0,0,0,0,0,0,0,0,0,0,0,0,0,0,0,0,0,0,0,0,0,0
remax,94b251cb-2c26-49d3-916b-ea2264418fbb,https://www.remax.com.ar/listings/alquiler-depto-3-amb-microcentro,2026-08-13T22:37:24+00:00,alquiler,departamento_estandar,850000.0,ARS,ARS 850000.0,252233.0,ARS,Tucuman 800,Tucuman,800,,san nicolas,San Nicolás,1.0,Capital Federal,-34.600884618717,-58.377868999295,69.94,69.94,3.0,,1,,,,12153.27,ALQUILER DEPTO 3 AMB. MICROCENTRO,,,0,0,0,0,0,0,0,0,0,0,0,0,0,0,0,0,0,0,0,0,0,0
remax,94934e11-294e-4803-8e16-b4107ca4bfc7,https://www.remax.com.ar/listings/monoambiente-en-alquiler-nunez-amoblado-balcon,2026-08-13T22:37:24+00:00,alquiler,departamento_monoambiente,700000.0,ARS,ARS 700000.0,123000.0,ARS,Manzanares 2000,Manzanares,2000,,nunez,Nuñez,13.0,Capital Federal,-34.5455685,-58.4655184,25.0,23.0,1.0,,1,,,,28000.0,Monoambiente en alquiler Nuñez amoblado balcón,,,0,0,0,0,0,0,0,0,0,0,0,0,0,1,0,0,0,0,1,0,0,0
remax,94834f21-513d-4dc7-bcd7-0b46ec21f8d5,https://www.remax.com.ar/listings/oportunidad-depto-amoblado-en-parana-al-800,2026-08-13T22:37:24+00:00,alquiler,departamento_estandar,850000.0,ARS,ARS 850000.0,200000.0,ARS,Paraná 800,Paraná,800,,recoleta,Recoleta,2.0,Capital Federal,-34.5989279,-58.3882552,39.0,39.0,2.0,,1,,,,21794.87,Oportunidad! Depto Amoblado en Parana al 800,,,0,0,0,0,0,0,0,0,0,0,0,0,0,0,0,0,0,0,1,0,0,0
remax,9474f0b6-7371-483a-b499-18a3139468ff,https://www.remax.com.ar/listings/alquiler-oficina-en-semipiso-zona-obelisco,2026-08-13T22:37:24+00:00,alquiler,oficina,1500.0,USD,USD 1500.0,250000.0,ARS,Avenida Corrientes 1300,Avenida Corrientes,1300,,san nicolas,San Nicolás,1.0,Capital Federal,-34.6040287,-58.3852957,163.0,163.0,,,2,,,,9.2,ALQUILER Oficina en Semipiso - Zona Obelisco,,,0,0,0,0,0,0,0,0,0,0,0,0,0,0,0,0,0,0,0,0,0,0
remax,945d854c-0458-452c-9813-a31acbc7040c,https://www.remax.com.ar/listings/alquiler-local-comercial-en-microcentro,2026-08-13T22:37:27+00:00,alquiler,local,750000.0,ARS,ARS 750000.0,264000.0,ARS,Tucumán 400,Tucumán,400,,san nicolas,San Nicolás,1.0,Capital Federal,-34.6007369,-58.3730281,50.0,50.0,,,1,,,,15000.0,ALQUILER LOCAL COMERCIAL EN MICROCENTRO,,,0,0,0,0,0,0,0,0,0,0,0,0,0,0,0,0,0,0,0,0,0,0
remax,945b227b-770f-43b5-b1d3-1007f244f328,https://www.remax.com.ar/listings/alquiler-local-comercial-depto-san-cristobal-caba,2026-08-13T22:37:27+00:00,alquiler,local,3500.0,USD,USD 3500.0,500000.0,ARS,Saavedra 800,Saavedra,800,,san cristobal,San Cristobal,3.0,Capital Federal,-34.6189878,-58.4022948,207.0,207.0,,,4,,,,16.91,Alquiler local comercial +depto San Cristobal CABA,,,0,0,0,0,0,0,0,0,0,0,0,0,0,0,0,0,0,0,0,0,0,0
remax,94416683-2e1f-480a-84ae-6fa1587c1a6c,https://www.remax.com.ar/listings/alquiler-departamento-2-ambientes-en-nunez,2026-08-13T22:37:27+00:00,alquiler,departamento_estandar,650000.0,ARS,ARS 650000.0,197860.0,ARS,Vuelta de Obligado 3700,Vuelta de Obligado,3700,,nunez,Nuñez,13.0,Capital Federal,-34.5470603,-58.4678142,38.0,38.0,2.0,,1,,,,17105.26,ALQUILER DEPARTAMENTO 2 AMBIENTES EN NUÑEZ,,,0,0,0,0,0,0,0,0,0,0,0,0,0,0,0,0,0,0,0,0,0,0
remax,94156358-67ac-45aa-b98f-9d1075d091d5,https://www.remax.com.ar/listings/alquiler-ofi-local-centro-pb-subsuelo-patio,2026-08-13T22:37:27+00:00,alquiler,local,1500.0,USD,USD 1500.0,1100000.0,ARS,Reconquista 500,Reconquista,500,,san nicolas,San Nicolás,1.0,Capital Federal,-34.6013446,-58.3725067,428.0,408.0,,,4,,,,3.5,"ALQUILER OFI LOCAL CENTRO PB ,SUBSUELO, PATIO",,,0,0,0,0,0,0,0,0,0,0,0,0,0,0,0,0,0,0,0,1,0,0
remax,940f7019-f3d7-49e4-bb45-c7d1354740e4,https://www.remax.com.ar/listings/alquiler-venta-530-mts-meses-de-gracia,2026-08-13T22:37:27+00:00,alquiler,oficina,,USD,USD,1417186.0,ARS,Florida 500,Florida,500,,san nicolas,San Nicolás,1.0,Capital Federal,-34.6017848,-58.3747044,530.0,530.0,,,2,,,,,ALQUILER/VENTA 530 MTS.² (MESES DE GRACIA),,,0,0,0,0,0,0,0,0,0,0,0,0,0,0,0,0,0,0,0,0,0,0
remax,93f91264-9d3e-43e1-80bf-b82a2458bc90,https://www.remax.com.ar/listings/alquiler-dos-ambientes-planta-baja-caballito,2026-08-13T22:37:27+00:00,alquiler,departamento_estandar,750000.0,ARS,ARS 750000.0,168000.0,ARS,Río de Janeiro 500,Río de Janeiro,500,,caballito,Caballito,6.0,Capital Federal,-34.6096767,-58.4304751,32.83,32.83,2.0,,1,,,,22844.96,ALQUILER DOS Ambientes. Planta BAJA - CABALLITO,,,0,0,0,0,0,0,0,0,0,0,0,0,0,0,0,0,0,0,0,0,0,0
remax,93e18696-5a83-4cf0-bbd4-0ab57c34c747,https://www.remax.com.ar/listings/bajo-belgrano-alquiler-torre-ramsay-4-amb-seg,2026-08-13T22:37:27+00:00,alquiler,departamento_estandar,4300.0,USD,USD 4300.0,0.0,ARS,Ramsay 1900,Ramsay,1900,,belgrano,Belgrano,13.0,Capital Federal,-34.5530076,-58.4387251,182.7,163.4,5.0,,2,,,,23.54,BAJO BELGRANO ALQUILER TORRE RAMSAY 4 AMB SEG,,,0,0,0,0,0,0,0,0,0,0,0,0,0,0,0,0,0,0,0,0,0,0
remax,93aba434-db89-42a7-9164-dbc4c528f41b,https://www.remax.com.ar/listings/alquiler-local-comercial-con-4-cocheras-villa-luro,2026-08-13T22:37:27+00:00,alquiler,departamento_estandar,2500.0,USD,USD 2500.0,200000.0,ARS,Virgilio 900,Virgilio,900,,villa luro,Villa Luro,10.0,Capital Federal,-34.629409,-58.5064731,220.0,110.0,4.0,,3,1.0,,,11.36,ALQUILER LOCAL COMERCIAL CON 4 COCHERAS VILLA LURO,,,0,0,0,0,0,0,0,0,0,1,0,0,0,0,0,0,0,0,0,0,0,0
remax,939449fb-17f1-4cdf-9948-d4337bd69c00,https://www.remax.com.ar/listings/alquiler-a-estrenar-2-amb-frente-balcon,2026-08-13T22:37:27+00:00,alquiler,departamento_estandar,850000.0,ARS,ARS 850000.0,150000.0,ARS,Avenida Juan Bautista Alberdi 3200,Avenida Juan Bautista Alberdi,3200,,floresta,Floresta,10.0,Capital Federal,-34.6349035,-58.4731094,61.0,57.0,2.0,,1,,,,13934.43,Alquiler A Estrenar 2 amb frente balcon,,,0,0,0,0,0,0,0,0,0,0,0,0,0,1,0,0,0,0,0,0,0,0
remax,937b973a-90fb-4e12-be29-b365b302bee2,https://www.remax.com.ar/listings/alquila-2-amb-con-balcon-terraza-palermo,2026-08-13T22:37:27+00:00,alquiler,departamento_estandar,800.0,USD,USD 800.0,250000.0,ARS,Migueletes 700,Migueletes,700,,palermo,Las Cañitas,14.0,Capital Federal,-34.566505575415,-58.43376486128,50.0,40.0,2.0,,1,,,,16.0,ALQUILA: 2 AMB CON BALCON TERRAZA-PALERMO,,,0,0,0,0,0,0,0,0,0,0,0,0,0,1,0,0,0,0,0,0,0,0
remax,93630331-26a9-4e94-806a-4b0773e7e6e0,https://www.remax.com.ar/listings/departamento-en-alquiler-2-amb-frente-monserrat,2026-08-13T22:37:29+00:00,alquiler,departamento_estandar,750000.0,ARS,ARS 750000.0,160000.0,ARS,Chacabuco 100,Chacabuco,100,,monserrat,Monserrat,1.0,Capital Federal,-34.609762475656,-58.376417756081,39.7,39.7,2.0,,1,,,,18891.69,DEPARTAMENTO EN ALQUILER 2 AMB FRENTE MONSERRAT,,,0,0,0,0,0,0,0,0,0,0,0,0,0,0,0,0,0,0,0,0,0,0
remax,9345b9de-8df3-4d9e-aac2-0b8d157e1779,https://www.remax.com.ar/listings/alquiler-monoambiente-luminoso-en-villa-ortuzar,2026-08-13T22:37:29+00:00,alquiler,departamento_monoambiente,650000.0,ARS,ARS 650000.0,180000.0,ARS,Roseti 1900,Roseti,1900,,villa ortuzar,Villa Ortuzar,15.0,Capital Federal,-34.5817362,-58.4689593,39.0,30.0,1.0,,1,,,,16666.67,Alquiler Monoambiente Luminoso en Villa Ortuzar,,,0,0,0,0,0,0,0,0,0,0,0,0,1,0,0,0,0,0,0,0,0,0
remax,93401a0a-e631-4ed4-aca8-b9fede736217,https://www.remax.com.ar/listings/alquiler-depto-2-amb-amoblado-recoleta,2026-08-13T22:37:29+00:00,alquiler,departamento_estandar,550.0,USD,USD 550.0,145000.0,ARS,Juncal 1600,Juncal,1600,,recoleta,Recoleta,2.0,Capital Federal,-34.5939475,-58.3913142,38.0,38.0,2.0,,1,,,,14.47,ALQUILER DEPTO 2 AMB AMOBLADO RECOLETA,,,0,0,0,0,0,0,0,0,0,0,0,0,0,0,0,0,0,0,1,0,0,0
remax,92f45909-0c20-477f-ac30-a2496f00ce4d,https://www.remax.com.ar/listings/alquiler-multiespacio-oficinas-excelente-ubicacion-9,2026-08-13T22:37:29+00:00,alquiler,oficina,330000.0,ARS,ARS 330000.0,230000.0,ARS,Avenida Callao 400,Avenida Callao,400,,balvanera,Balvanera,3.0,Capital Federal,-34.6035032,-58.3925224,2000.0,2000.0,,,0,,,,165.0,ALQUILER MULTIESPACIO OFICINAS EXCELENTE UBICACION,,,0,0,0,0,0,0,0,0,0,0,0,0,0,0,0,0,0,0,0,0,0,0
remax,92dbcdb7-7829-4d0e-83d6-ea6a5fc238a0,https://www.remax.com.ar/listings/alquiler-departamento-monoambiente-recoleta,2026-08-13T22:37:29+00:00,alquiler,departamento_monoambiente,550000.0,ARS,ARS 550000.0,67500.0,ARS,Anchorena 1200,Anchorena,1200,,palermo,Palermo,14.0,Capital Federal,-34.59539,-58.406716,24.0,21.0,1.0,,1,,,,22916.67,Alquiler Departamento monoambiente Recoleta,,,0,0,0,0,0,0,0,0,0,0,0,0,0,0,0,0,0,0,0,0,0,0
remax,92d2ba93-f9a3-4d9e-8ebe-338bf32ef094,https://www.remax.com.ar/listings/alquiler-temporario-quartier-basavilbaso-retiro,2026-08-13T22:37:29+00:00,alquiler,departamento_estandar,750.0,USD,USD 750.0,350000.0,ARS,Basavilbaso 1300,Basavilbaso,1300,,retiro,Retiro,1.0,Capital Federal,-34.5930328,-58.3774942,49.03,43.89,1.0,,1,,,,15.3,ALQUILER TEMPORARIO | Quartier Basavilbaso-Retiro,,,0,0,0,0,0,0,0,0,0,0,0,0,0,0,0,0,0,0,0,0,0,0
remax,92a157bf-b72f-40f3-82ef-fca748498a15,https://www.remax.com.ar/listings/departamento-en-alquiler-dos-amb-c-balcon-flores-1,2026-08-13T22:37:29+00:00,alquiler,departamento_estandar,900000.0,ARS,ARS 900000.0,90000.0,ARS,Yerbal 2100,Yerbal,2100,,flores,Flores,7.0,Capital Federal,-34.6265345,-58.4602196,44.0,44.0,2.0,,1,,,,20454.55,departamento en alquiler dos amb. c. balcon Flores,,,0,0,0,0,0,0,0,0,0,0,0,0,0,1,0,0,0,0,0,0,0,0
remax,92803d60-b403-415c-a74b-6418e6b4ef97,https://www.remax.com.ar/listings/departamento-monoambiente-en-alquiler-canitas,2026-08-13T22:37:34+00:00,alquiler,departamento_monoambiente,360000.0,ARS,ARS 360000.0,110000.0,ARS,Avenida General Indalecio Chenaut 1900,Avenida General Indalecio Chenaut,1900,,palermo,Las Cañitas,14.0,Capital Federal,-34.5723006,-58.4331159,25.71,25.71,1.0,,1,,,,14002.33,DEPARTAMENTO MONOAMBIENTE EN ALQUILER CAÑITAS,,,0,0,0,0,0,0,0,0,0,0,0,0,0,0,0,0,0,0,0,0,0,0
remax,927f730c-545f-4b0a-a9c4-7caf764b1aec,https://www.remax.com.ar/listings/alquiler-deposito-500-m-villa-crespo,2026-08-13T22:37:34+00:00,alquiler,deposito,8500000.0,ARS,ARS 8500000.0,,ARS,Aráoz 800,Aráoz,800,,villa crespo,Villa Crespo,15.0,Capital Federal,-34.596676,-58.4324401,500.0,500.0,,,0,,,,17000.0,ALQUILER DEPOSITO 500 m² VILLA CRESPO,,,0,0,0,0,0,0,0,0,0,0,0,0,0,0,0,0,0,0,0,0,0,0
remax,925b7133-753d-4244-a484-f7c2cbc216fc,https://www.remax.com.ar/listings/alquiler-coghlan-depto-mono-a-estrenar-amenities,2026-08-13T22:37:34+00:00,alquiler,departamento_monoambiente,550.0,USD,USD 550.0,300000.0,ARS,Washington 3400,Washington,3400,,coghlan,Coghlan,12.0,Capital Federal,-34.5571417,-58.4797907,54.0,37.0,1.0,,1,,,,10.19,ALQUILER COGHLAN DEPTO MONO A ESTRENAR + AMENITIES,,,1,0,0,0,0,0,0,0,0,0,0,0,0,0,0,0,0,0,0,0,0,0
remax,924f1b6e-48bd-4d5c-814b-9d50e90dca9e,https://www.remax.com.ar/listings/alquiler-2-ambientes-con-escritorio-palermo,2026-08-13T22:37:34+00:00,alquiler,departamento_estandar,700000.0,ARS,ARS 700000.0,140000.0,ARS,Avenida Santa Fe 3900,Avenida Santa Fe,3900,,palermo,Palermo,14.0,Capital Federal,-34.5831049,-58.419194,46.5,44.0,2.0,,1,,,,15053.76,ALQUILER 2 AMBIENTES CON ESCRITORIO PALERMO,,,0,0,0,0,0,0,0,0,0,0,0,0,0,0,0,0,0,0,0,0,0,0
remax,9229e9f1-e800-4dd0-9cb1-0d47e788f682,https://www.remax.com.ar/listings/alquiler-local-equipado-sobre-avenida-p-avellaneda,2026-08-13T22:37:34+00:00,alquiler,local,1000000.0,ARS,ARS 1000000.0,0.0,ARS,Avenida Eva Perón 4200,Avenida Eva Perón,4200,,parque avellaneda,Parque Avellaneda,9.0,Capital Federal,-34.6520931,-58.4722472,46.91,46.91,,,1,,,,21317.42,ALQUILER-LOCAL EQUIPADO SOBRE AVENIDA-P.AVELLANEDA,,,0,0,0,0,0,0,0,0,0,0,0,0,0,0,0,0,0,0,1,0,0,0
remax,92253873-5a33-400d-963a-c329dcad3fb3,https://www.remax.com.ar/listings/alquiler-excelente-2-amb-con-balcon-en-caballito,2026-08-13T22:37:34+00:00,alquiler,departamento_estandar,700000.0,ARS,ARS 700000.0,212500.0,ARS,Avenida Pedro Goyena 1600,Avenida Pedro Goyena,1600,,caballito,Caballito,6.0,Capital Federal,-34.6283125,-58.4503865,39.31,37.73,2.0,,1,,,,17807.17,ALQUILER EXCELENTE 2 AMB.CON BALCON EN CABALLITO,,,0,0,0,0,0,0,0,0,0,0,0,0,0,1,0,0,0,0,0,0,0,0
remax,9214400c-ac8e-47a3-9dfd-c550ccdc677f,https://www.remax.com.ar/listings/alquiler-casa-6-ambientes-ascensor-jardin-devoto,2026-08-13T22:37:34+00:00,alquiler,casa,3900.0,USD,USD 3900.0,,ARS,José Pedro Varela 4100,José Pedro Varela,4100,,villa devoto,Villa Devoto,11.0,Capital Federal,-34.6053942,-58.5085184,580.0,535.0,6.0,,4,,,,6.72,ALQUILER CASA 6 AMBIENTES ASCENSOR JARDIN DEVOTO,,,0,0,0,0,0,0,0,0,0,0,0,0,0,0,0,0,0,0,0,1,1,0
remax,920db7c6-90b9-476a-8e61-02c16e141e7a,https://www.remax.com.ar/listings/alquiler-monoambiente-villa-pueyrredon-con-balcon,2026-08-13T22:37:34+00:00,alquiler,departamento_estandar,500000.0,ARS,ARS 500000.0,93000.0,ARS,Gabriela Mistral 3100,Gabriela Mistral,3100,,villa pueyrredon,Villa Pueyrredón,12.0,Capital Federal,-34.5891073,-58.5044968,27.1,24.4,1.0,,1,,,,18450.18,Alquiler Monoambiente Villa Pueyrredon con balcon.,,,0,0,0,0,0,0,0,0,0,0,0,0,0,1,0,0,0,0,0,0,0,0
remax,920a25cf-e9bd-4c11-b7af-fd19fd065241,https://www.remax.com.ar/listings/alq-depto-3-amb-entrepisos-terraza-congreso,2026-08-13T22:37:34+00:00,alquiler,departamento_piso,1200000.0,ARS,ARS 1200000.0,239926.0,ARS,Montevideo 0,Montevideo,0,,san nicolas,San Nicolás,1.0,Capital Federal,-34.6082933,-58.3893051,122.89,91.57,3.0,,1,,,,9764.83,"ALQ. depto 3 amb + entrepisos + terraza, Congreso",,,0,0,0,0,0,0,0,0,0,0,0,0,0,1,0,0,0,0,0,0,0,0
remax,9203f8d1-2eca-4c06-af77-004f8f9ac5c3,https://www.remax.com.ar/listings/ph-2-amb-entrepiso-terracita-sin-expensas,2026-08-13T22:37:34+00:00,alquiler,ph,1000000.0,ARS,ARS 1000000.0,0.0,ARS,Bonpland 1300,Bonpland,1300,,palermo,Palermo Hollywood,14.0,Capital Federal,-34.5841217,-58.4382632,55.0,50.0,2.0,,1,,,,18181.82,"PH 2 AMB + ENTREPISO + TERRACITA ""SIN EXPENSAS""",,,0,0,0,0,0,0,0,0,0,0,0,0,0,0,0,0,0,0,0,0,0,0
remax,91ee3e13-e3ec-445f-9808-b0e92c37b163,https://www.remax.com.ar/listings/alquiler-monoambiente-sin-expensas,2026-08-13T22:37:34+00:00,alquiler,departamento_estandar,550000.0,ARS,ARS 550000.0,0.0,ARS,General Juan Gregorio Lemos 0,General Juan Gregorio Lemos,0,,chacarita,Chacarita,15.0,Capital Federal,-34.5897057,-58.4470617,30.0,30.0,1.0,,1,,,,18333.33,ALQUILER MONOAMBIENTE SIN EXPENSAS,,,0,0,0,0,0,0,0,0,0,0,0,0,0,0,0,0,0,0,0,0,0,0
remax,91e18395-6637-4e45-aa08-065f11b2d02c,https://www.remax.com.ar/listings/alquiler-semipiso-monoambiente-a-estrenar-caba-1,2026-08-13T22:37:34+00:00,alquiler,departamento_monoambiente,650000.0,ARS,ARS 650000.0,80000.0,ARS,Avenida Juan Bautista Justo 4600,Avenida Juan Bautista Justo,4600,,villa gral. mitre,Villa General Mitre,11.0,Capital Federal,-34.609589,-58.4651031,46.8,40.0,1.0,,1,,,,13888.89,Alquiler Semipiso Monoambiente a estrenar CABA,,,0,0,0,0,0,0,0,0,0,0,0,0,0,0,0,0,0,0,0,0,0,0
remax,91c93dd7-d97c-4f8a-a4bb-ae797e3af70f,https://www.remax.com.ar/listings/alquiler-3-ambientes-balcon-floresta,2026-08-13T22:37:38+00:00,alquiler,departamento_estandar,900000.0,ARS,ARS 900000.0,255000.0,ARS,Mercedes 200,Mercedes,200,,floresta,Floresta,10.0,Capital Federal,-34.631287,-58.4837782,53.5,46.65,3.0,,1,,,,16822.43,ALQUILER 3 AMBIENTES BALCON FLORESTA,,,0,0,0,0,0,0,0,0,0,0,0,0,0,1,0,0,0,0,0,0,0,0
remax,91bd89d1-bbd7-401c-a095-b7f161d3c47a,https://www.remax.com.ar/listings/alquiler-departamento-3-ambientes-nunez-luminoso,2026-08-13T22:37:38+00:00,alquiler,departamento_estandar,850000.0,ARS,ARS 850000.0,290000.0,ARS,Manzanares 1800,Manzanares,1800,,nunez,Nuñez,13.0,Capital Federal,-34.544515,-58.463847,54.0,54.0,3.0,,1,,,,15740.74,ALQUILER DEPARTAMENTO 3 AMBIENTES NUÑEZ LUMINOSO!,,,0,0,0,0,0,0,0,0,0,0,0,0,1,0,0,0,0,0,0,0,0,0
remax,91a29c2c-b9b8-47c8-ac48-7fe621fd33a5,https://www.remax.com.ar/listings/dpto-monoambiente-alquiler-san-nicolas-reciclado-1,2026-08-13T22:37:38+00:00,alquiler,departamento_estandar,550000.0,ARS,ARS 550000.0,148000.0,ARS,Avenida Callao 200,Avenida Callao,200,,san nicolas,San Nicolás,1.0,Capital Federal,-34.6061663,-58.3920283,21.2,21.2,1.0,,1,,,,25943.4,Dpto Monoambiente Alquiler San Nicolás reciclado,,,0,0,0,0,0,0,0,0,0,0,0,0,0,0,0,1,0,0,0,0,0,0
remax,915661c1-7fca-4a83-8117-4dd7cbe840e0,https://www.remax.com.ar/listings/alquiler-deposito-dos-plantas-en-paternal,2026-08-13T22:37:38+00:00,alquiler,deposito,7500.0,USD,USD 7500.0,0.0,ARS,Nicasio Oroño 1600,Nicasio Oroño,1600,,la paternal,La Paternal,15.0,Capital Federal,-34.607217,-58.4597617,870.0,820.0,3.0,,0,,,,8.62,ALQUILER DEPOSITO DOS PLANTAS EN PATERNAL,,,0,0,0,0,0,0,0,0,0,0,0,0,0,0,0,0,0,0,0,0,0,0
remax,914fc509-06ba-469f-b0fe-94c556d017bf,https://www.remax.com.ar/listings/alquiler-depto-5-amb-en-triplex-terraza-v-devoto,2026-08-13T22:37:38+00:00,alquiler,departamento_triplex,5000.0,USD,USD 5000.0,0.0,ARS,Asunción 4500,Asunción,4500,,villa devoto,Villa Devoto,11.0,Capital Federal,-34.6045661,-58.5172957,263.0,228.0,5.0,,4,,,,19.01,ALQUILER DEPTO 5 AMB EN TRIPLEX TERRAZA V DEVOTO,,,0,0,0,0,0,0,0,0,0,0,0,0,0,1,0,0,0,0,0,0,0,0
remax,912071ed-2298-4ef4-90df-845c3636f250,https://www.remax.com.ar/listings/gran-local-comercial-en-alquiler-recoleta-vip,2026-08-13T22:37:38+00:00,alquiler,local,4000000.0,ARS,ARS 4000000.0,1500000.0,ARS,Posadas 1300,Posadas,1300,,recoleta,Recoleta,2.0,Capital Federal,-34.5885031,-58.3852688,193.0,193.0,,,6,,,,20725.39,GRAN LOCAL COMERCIAL EN ALQUILER — RECOLETA VIP,,,0,0,0,0,0,0,0,0,0,0,0,0,0,0,0,0,0,0,0,0,0,0
remax,911967c8-8a3e-4293-8be1-3027c1a2ea5b,https://www.remax.com.ar/listings/alquiler-piso-5-ambientes-sobre-av-libertador,2026-08-13T22:37:38+00:00,alquiler,departamento_piso,3350000.0,ARS,ARS 3350000.0,1300000.0,ARS,Avenida del Libertador 5300,Avenida del Libertador,5300,,belgrano,Belgrano,13.0,Capital Federal,-34.5624403,-58.4420725,190.59,175.59,5.0,,2,,,,17577.0,ALQUILER PISO 5 AMBIENTES SOBRE AV. LIBERTADOR,,,0,0,0,0,0,0,0,0,0,0,0,0,0,0,0,0,0,0,0,0,0,0
remax,90fb7f6f-db90-48cb-aab8-67e17ef77b7e,https://www.remax.com.ar/listings/dpto-alq-2a-v-urquiza-balcon-pileta-parque-mascota,2026-08-13T22:37:41+00:00,alquiler,departamento_estandar,1000000.0,ARS,ARS 1000000.0,198000.0,ARS,Burela 2100,Burela,2100,,villa urquiza,Villa Urquiza,12.0,Capital Federal,-34.579877244708,-58.490191698074,48.0,44.0,2.0,,1,,,,20833.33,DPTO ALQ 2A V URQUIZA BALCÓN PILETA PARQUE.MASCOTA,,,1,1,0,0,0,0,0,0,0,0,0,0,0,1,0,0,0,0,0,0,0,0
remax,90dd06cc-ab2d-4e5c-a38e-946a1412e81c,https://www.remax.com.ar/listings/alquiler-2-ambientes-villa-crespo-patio,2026-08-13T22:37:41+00:00,alquiler,departamento_estandar,1100000.0,ARS,ARS 1100000.0,166000.0,ARS,Hidalgo 1700,Hidalgo,1700,,villa crespo,Villa Crespo,15.0,Capital Federal,-34.6013918,-58.4461189,79.0,50.0,2.0,,1,,,,13924.05,Alquiler 2 AMBIENTES VILLA CRESPO PATIO,,,0,0,0,0,0,0,0,0,0,0,0,0,0,0,0,0,0,0,0,1,0,0
remax,90c9c849-d94f-4127-a120-96e512dcf60c,https://www.remax.com.ar/listings/alquiler-depto-2-amb-villa-urquiza-full-amenities,2026-08-13T22:37:41+00:00,alquiler,departamento_estandar,1200000.0,ARS,ARS 1200000.0,283000.0,ARS,Holmberg 2000,Holmberg,2000,,villa urquiza,Villa Urquiza,12.0,Capital Federal,-34.5725184,-58.4740465,46.27,44.1,2.0,,1,,,,25934.73,ALQUILER DEPTO 2 AMB VILLA URQUIZA FULL AMENITIES,,,1,0,0,0,0,0,0,0,0,0,0,0,0,0,0,0,0,0,0,0,0,0
remax,90b3c658-2921-4326-800f-1a133aaee929,https://www.remax.com.ar/listings/alquiler-departamento-2-ambientes-belgrano-2,2026-08-13T22:37:41+00:00,alquiler,departamento_estandar,750000.0,ARS,ARS 750000.0,150000.0,ARS,Vidal 2400,Vidal,2400,,belgrano,Belgrano,13.0,Capital Federal,-34.560692493253,-58.463088511635,36.0,36.0,2.0,,1,,,,20833.33,ALQUILER DEPARTAMENTO 2 AMBIENTES BELGRANO,,,0,0,0,0,0,0,0,0,0,0,0,0,0,0,0,0,0,0,0,0,0,0
remax,90a401fa-c7f3-4fc7-9f6f-9f97a95a47f7,https://www.remax.com.ar/listings/monoambiente-1-2-amoblado-balcon-en-villa-urquiza,2026-08-13T22:37:41+00:00,alquiler,departamento_monoambiente,890000.0,ARS,ARS 890000.0,0.0,ARS,Franklin Delano Roosevelt 5200,Franklin Delano Roosevelt,5200,,villa urquiza,Villa Urquiza,12.0,Capital Federal,-34.5746627,-58.4885898,34.18,31.7,1.0,,1,,,,26038.62,Monoambiente 1/2 amoblado Balcón en Villa Urquiza,,,0,0,0,0,0,0,0,0,0,0,0,0,0,1,0,0,0,0,1,0,0,0
remax,909306fd-f726-4802-a362-3b15314d2316,https://www.remax.com.ar/listings/alquiler-depto-1-ambiente-flores-apto-prof,2026-08-13T22:37:41+00:00,alquiler,departamento_estandar,520000.0,ARS,ARS 520000.0,134000.0,ARS,Avenida Rivadavia 6700,Avenida Rivadavia,6700,,flores,Flores,7.0,Capital Federal,-34.627873597583,-58.460708856583,35.26,35.26,1.0,,1,,,,14747.59,ALQUILER DEPTO 1 AMBIENTE FLORES APTO PROF.,,,0,0,0,0,0,0,0,0,0,0,0,0,0,0,0,0,0,0,0,0,0,0
remax,906380f2-b26a-4888-a7e8-ee32208d3e10,https://www.remax.com.ar/listings/alquiler-depto-4-amb-belgrano-2-coch-piso-alto,2026-08-13T22:37:41+00:00,alquiler,departamento_estandar,3200.0,USD,USD 3200.0,980000.0,ARS,Virrey Loreto 2100,Virrey Loreto,2100,,belgrano,Belgrano C,13.0,Capital Federal,-34.565223967304,-58.448016643524,160.5,160.5,4.0,,2,,,,19.94,ALQUILER DEPTO 4 AMB BELGRANO 2 COCH. PISO ALTO,,,0,0,0,0,0,0,0,0,0,0,0,0,0,0,0,0,0,0,0,0,0,0
remax,9057ec8c-7f7f-4d34-9e06-547e4e9a6a3d,https://www.remax.com.ar/listings/alquiler-monoambiente-palermo-1,2026-08-13T22:37:41+00:00,alquiler,departamento_monoambiente,650000.0,ARS,ARS 650000.0,230000.0,ARS,Avenida Cabildo 200,Avenida Cabildo,200,,palermo,Palermo,14.0,Capital Federal,-34.5729815,-58.4387288,34.74,31.08,1.0,,1,,,,18710.42,Alquiler monoambiente - Palermo,,,0,0,0,0,0,0,0,0,0,0,0,0,0,0,0,0,0,0,0,0,0,0
remax,904a1f02-cb6e-4802-a568-d3109a01ccde,https://www.remax.com.ar/listings/alquiler-comercial-barrio-norte,2026-08-13T22:37:41+00:00,alquiler,local,1600000.0,ARS,ARS 1600000.0,,ARS,Agüero 1000,Agüero,1000,,recoleta,Barrio Norte,2.0,Capital Federal,-34.5945297,-58.4089446,200.0,200.0,,,2,,,,8000.0,"Alquiler Comercial , Barrio Norte",,,0,0,0,0,0,0,0,0,0,0,0,0,0,0,0,0,0,0,0,0,0,0
remax,90197714-d685-4877-8088-59d13893d1fd,https://www.remax.com.ar/listings/alquiler-deposito-galpon-c-seguridad-barracas,2026-08-13T22:37:41+00:00,alquiler,deposito,11000000.0,ARS,ARS 11000000.0,1400000.0,ARS,Perdriel 1100,Perdriel,1100,,barracas,Barracas,4.0,Capital Federal,-34.6467751,-58.3863193,1500.0,1500.0,,,0,,,,7333.33,ALQUILER DEPOSITO GALPON C/ SEGURIDAD- BARRACAS,,,0,0,0,0,0,0,0,0,0,0,0,0,0,0,0,0,0,0,0,0,0,0
remax,90156b88-f15e-49e0-9b8f-73eaa9667133,https://www.remax.com.ar/listings/alquiler-departamento-3-ambientes-caballito-patio,2026-08-13T22:37:44+00:00,alquiler,departamento_estandar,1150000.0,ARS,ARS 1150000.0,168000.0,ARS,Avenida Rivadavia 6000,Avenida Rivadavia,6000,,caballito,Caballito,6.0,Capital Federal,-34.6245109,-58.4515623,81.0,62.0,3.0,,1,,,,14197.53,Alquiler departamento 3 ambientes Caballito patio,,,0,0,0,0,0,0,0,0,0,0,0,0,0,0,0,0,0,0,0,1,0,0
remax,9011bebd-6e6f-4230-8848-83507e969295,https://www.remax.com.ar/listings/oficina-2-ambientes-alquiler-comercial-en-almagro,2026-08-13T22:37:44+00:00,alquiler,oficina,500000.0,ARS,ARS 500000.0,158650.0,ARS,Rauch 3900,Rauch,3900,,almagro,Almagro,5.0,Capital Federal,-34.5999506,-58.4196765,27.2,27.2,2.0,,1,,,,18382.35,OFICINA 2 AMBIENTES ALQUILER COMERCIAL EN ALMAGRO,,,0,0,0,0,0,0,0,0,0,0,0,0,0,0,0,0,0,0,0,0,0,0
remax,900294ba-08a6-46e8-8040-4338086548db,https://www.remax.com.ar/listings/monoambiente-alquiler-microcentro-apto-profesional,2026-08-13T22:37:44+00:00,alquiler,departamento_monoambiente,500000.0,ARS,ARS 500000.0,117000.0,ARS,Maipú 600,Maipú,600,,san nicolas,San Nicolás,1.0,Capital Federal,-34.6004101,-58.3766327,25.0,25.0,1.0,,1,,,,20000.0,MONOAMBIENTE ALQUILER MICROCENTRO APTO PROFESIONAL,,,0,0,0,0,0,0,0,0,1,0,0,0,0,0,0,0,0,0,0,0,0,0
remax,8fea1af3-b8d2-4db4-b8e0-1f426be91e0c,https://www.remax.com.ar/listings/alquiler-monoambiente-en-san-telmo-capital-federal,2026-08-13T22:37:44+00:00,alquiler,departamento_estandar,500000.0,ARS,ARS 500000.0,0.0,ARS,Piedras 1600,Piedras,1600,,san telmo,San Telmo,1.0,Capital Federal,-34.6271463,-58.3755996,26.31,23.0,1.0,,1,,,,19004.18,ALQUILER MONOAMBIENTE EN SAN TELMO CAPITAL FEDERAL,,,0,0,0,0,0,0,0,0,0,0,0,0,0,0,0,0,0,0,0,0,0,0
remax,8f8c00fc-a21f-4126-b0d8-8d1046c94c51,https://www.remax.com.ar/listings/alquiler-monoambiente-al-frente-balvanera,2026-08-13T22:37:44+00:00,alquiler,departamento_monoambiente,390.0,USD,USD 390.0,153000.0,ARS,Lima 900,Lima,900,,san nicolas,Centro / Microcentro,1.0,Capital Federal,-34.6194686,-58.3813694,45.5,40.96,1.0,,1,,,,8.57,ALQUILER MONOAMBIENTE AL FRENTE BALVANERA,,,0,0,0,0,0,0,0,0,0,0,0,0,0,0,0,0,0,1,0,0,0,0
remax,8f6f2308-fa82-41aa-8513-71fe830fd32b,https://www.remax.com.ar/listings/alquiler-depto-2-amb-balc-con-amenities-en-canitas,2026-08-13T22:37:44+00:00,alquiler,departamento_estandar,2850000.0,ARS,ARS 2850000.0,390000.0,ARS,Clay 2800,Clay,2800,,palermo,Palermo,14.0,Capital Federal,-34.5735698,-58.4307964,42.0,36.0,2.0,,1,,,,67857.14,"Alquiler depto 2 amb,balc con amenities en Cañitas",,,1,0,0,0,0,0,0,0,0,0,0,0,0,0,0,0,0,0,0,0,0,0
remax,8f545b2f-2aeb-425a-93d5-05f01a860dab,https://www.remax.com.ar/listings/monoambiente-studio-en-alquiler-en-undici-la-boca,2026-08-13T22:37:49+00:00,alquiler,departamento_monoambiente,450.0,USD,USD 450.0,447000.0,ARS,Brandsen 900,Brandsen,900,,la boca,La Boca,4.0,Capital Federal,-34.6367882,-58.3655825,23.25,23.25,1.0,,1,,,,19.35,Monoambiente Studio en alquiler en UNDICI La Boca,,,0,0,0,0,0,0,0,0,0,0,0,0,0,0,0,0,0,0,0,0,0,0
remax,8f458cb0-f9de-4f33-bd4d-1eb4a71f7e73,https://www.remax.com.ar/listings/departamento-2-ambientes-alquiler-canitas-palermo,2026-08-13T22:37:49+00:00,alquiler,departamento_estandar,800000.0,ARS,ARS 800000.0,152000.0,ARS,General Manuel Savio 200,General Manuel Savio,200,,palermo,Las Cañitas,14.0,Capital Federal,-34.574054494746,-58.43435525916,31.2,31.2,2.0,,1,,,,25641.03,DEPARTAMENTO 2 AMBIENTES ALQUILER CAÑITAS PALERMO,,,0,0,0,0,0,0,0,0,0,0,0,0,0,0,0,0,0,0,0,0,0,0
remax,8edcbb6d-c705-43d7-9eae-817c933f19b1,https://www.remax.com.ar/listings/alquiler-dpto-2-amb-flores,2026-08-13T22:37:49+00:00,alquiler,departamento_estandar,550000.0,ARS,ARS 550000.0,133000.0,ARS,Helguera 400,Helguera,400,,flores,Flores,7.0,Capital Federal,-34.6267592,-58.4743597,33.98,33.98,2.0,,1,,,,16185.99,Alquiler Dpto 2 amb (Flores),,,0,0,0,0,0,0,0,0,0,0,0,0,0,0,0,0,0,0,0,0,0,0
remax,8e9eaf6c-507f-4d42-8571-a1e98ed9ae30,https://www.remax.com.ar/listings/alquiler-piso-6-amb-amoblado-en-la-isla-recoleta,2026-08-13T22:37:52+00:00,alquiler,departamento_piso,3000.0,USD,USD 3000.0,990000.0,ARS,Copérnico 2300,Copérnico,2300,,recoleta,Recoleta,2.0,Capital Federal,-34.586222089728,-58.397730588913,280.18,256.0,7.0,,4,,,,10.71,ALQUILER PISO 6 AMB AMOBLADO EN LA ISLA RECOLETA,,,0,0,0,0,0,0,0,0,0,0,0,0,0,0,0,0,0,0,1,0,0,0
remax,8e9bbcbc-4a71-4216-8bfc-a5b60b397234,https://www.remax.com.ar/listings/alquiler-depto-2-amb-impecable-estado-balvanera,2026-08-13T22:37:52+00:00,alquiler,departamento_estandar,750000.0,ARS,ARS 750000.0,120000.0,ARS,Riobamba 400,Riobamba,400,,balvanera,Balvanera,3.0,Capital Federal,-34.6033344,-58.3938869,37.0,37.0,2.0,,1,,,,20270.27,Alquiler DEPTO 2 AMB IMPECABLE ESTADO BALVANERA,,,0,0,0,0,0,0,0,0,0,0,0,0,0,0,0,0,0,0,0,0,0,0
remax,8e8f816e-d0f4-42d6-b14a-ecf26016afee,https://www.remax.com.ar/listings/2-ambs-amoblado-2-piso-por-escalera-en-congreso-1,2026-08-13T22:37:52+00:00,alquiler,departamento_estandar,500.0,USD,USD 500.0,250000.0,ARS,Montevideo 100,Montevideo,100,,san nicolas,San Nicolás,1.0,Capital Federal,-34.6076751,-58.3893953,40.0,40.0,2.0,,1,,,,12.5,2 ambs amoblado 2 piso por escalera en Congreso,,,0,0,0,0,0,0,0,0,0,0,0,0,0,0,0,0,0,0,1,0,0,0
remax,8e8cb25e-3827-40c7-b259-b2c355a44765,https://www.remax.com.ar/listings/alquiler-multiespacio-oficinas-excelente-ubicacion-6,2026-08-13T22:37:52+00:00,alquiler,oficina,330000.0,ARS,ARS 330000.0,173000.0,ARS,Avenida Callao 400,Avenida Callao,400,,balvanera,Balvanera,3.0,Capital Federal,-34.6035032,-58.3925224,2000.0,2000.0,,,0,,,,165.0,ALQUILER MULTIESPACIO OFICINAS EXCELENTE UBICACION,,,0,0,0,0,0,0,0,0,0,0,0,0,0,0,0,0,0,0,0,0,0,0
remax,8e746a41-9f96-46e6-a55d-8b990ee39676,https://www.remax.com.ar/listings/alquiler-local-planta-baja-sin-expensas,2026-08-13T22:37:52+00:00,alquiler,local,3100000.0,ARS,ARS 3100000.0,0.0,ARS,Avenida San Juan 4100,Avenida San Juan,4100,,boedo,Boedo,5.0,Capital Federal,-34.6267231,-58.4239438,236.0,236.0,,,4,,,,13135.59,ALQUILER LOCAL PLANTA BAJA - SIN EXPENSAS,,,0,0,0,0,0,0,0,0,0,0,0,0,0,0,0,0,0,0,0,0,0,0
remax,8e73bd08-156c-41c9-bcb1-a4aaa82e9252,https://www.remax.com.ar/listings/alquiler-3-ambientes-con-cochera-torre-promenade,2026-08-13T22:37:52+00:00,alquiler,departamento_estandar,1900.0,USD,USD 1900.0,568620.0,ARS,Güemes 3300,Güemes,3300,,palermo,Palermo,14.0,Capital Federal,-34.5896494,-58.4115399,86.49,81.75,3.0,,2,1.0,,,21.97,ALQUILER 3 AMBIENTES CON COCHERA TORRE PROMENADE,,,0,0,0,0,0,0,0,0,0,1,0,0,0,0,0,0,0,0,0,0,0,0
remax,8e63595b-92ac-44f6-8ab1-f13faee3107b,https://www.remax.com.ar/listings/amplio-3-ambientes-playroom-y-amenities-alquiler,2026-08-13T22:37:52+00:00,alquiler,departamento_loft,2000.0,USD,USD 2000.0,470000.0,ARS,Marcos Sastre 3000,Marcos Sastre,3000,,villa del parque,Villa del Parque,11.0,Capital Federal,-34.6043995,-58.4899988,149.55,121.54,4.0,,2,,,,13.37,Amplio 3 Ambientes + Playroom y Amenities ALQUILER,,,1,0,0,0,0,0,0,0,0,0,0,0,0,0,0,0,0,0,0,0,0,0
remax,8e4e33e8-8910-4333-850d-35b4d5f1c34f,https://www.remax.com.ar/listings/alquiler-4-amb-full-amenities-a-estrenar-belgrano,2026-08-13T22:37:52+00:00,alquiler,departamento_estandar,2600.0,USD,USD 2600.0,500000.0,ARS,Avenida Crámer 2300,Avenida Crámer,2300,,belgrano,Belgrano,13.0,Capital Federal,-34.5620856,-58.4634479,114.0,105.0,4.0,,3,,,,22.81,"ALQUILER 4 AMB FULL AMENITIES A ESTRENAR, BELGRANO",,,1,0,0,0,0,0,0,0,0,0,0,0,0,0,0,0,0,0,0,0,0,0
remax,8e36cc96-b1a4-4154-95bd-708738b7d982,https://www.remax.com.ar/listings/excelente-oficina-con-seguridad-en-belgrano,2026-08-13T22:37:52+00:00,alquiler,oficina,1800.0,USD,USD 1800.0,440000.0,ARS,Mariscal Antonio José de Sucre 1500,Mariscal Antonio José de Sucre,1500,,belgrano,Belgrano,13.0,Capital Federal,-34.5588074,-58.4463179,64.0,64.0,,,2,,,,28.12,Excelente Oficina con seguridad en Belgrano,,,0,0,0,0,0,0,0,0,0,0,0,0,0,0,0,0,0,0,0,0,0,0
remax,8e27f3cb-f1c1-4e8c-a88a-eb25f4e30260,https://www.remax.com.ar/listings/alquiler-departamento-2-ambientes-balcon-san-telmo,2026-08-13T22:37:52+00:00,alquiler,departamento_estandar,700000.0,ARS,ARS 700000.0,218000.0,ARS,Humberto 1º 700,Humberto 1º,700,1,san telmo,San Telmo,1.0,Capital Federal,-34.6207249,-58.375812,37.82,37.82,2.0,,1,,,,18508.73,ALQUILER DEPARTAMENTO 2 AMBIENTES BALCON SAN TELMO,,,0,0,0,0,0,0,0,0,0,0,0,0,0,1,0,0,0,0,0,0,0,0
remax,8e0452cd-1c23-4b49-b504-b37c5c6d11ea,https://www.remax.com.ar/listings/alquiler-3-ambientes-san-telmo-amenities-c-cochera,2026-08-13T22:37:52+00:00,alquiler,departamento_estandar,950.0,USD,USD 950.0,350000.0,ARS,Paseo Colon 1400,Paseo Colon,1400,,barracas,Barracas,4.0,Capital Federal,-34.646702,-58.381418,71.0,71.0,3.0,,2,1.0,,,13.38,ALQUILER 3 AMBIENTES SAN TELMO AMENITIES C/COCHERA,,,1,0,0,0,0,0,0,0,0,1,0,0,0,0,0,0,0,0,0,0,0,0
remax,8defa601-57ad-41c7-89f3-d2992125ce16,https://www.remax.com.ar/listings/alquiler-casa-11-ambientes-comercial-villa-crespo,2026-08-13T22:37:52+00:00,alquiler,casa_triplex,1950.0,USD,USD 1950.0,,ARS,Julián Álvarez 800,Julián Álvarez,800,,villa crespo,Villa Crespo,15.0,Capital Federal,-34.5974025,-58.4312914,382.0,350.0,11.0,,6,,,,5.1,"Alquiler Casa 11 ambientes, COMERCIAL Villa Crespo",,,0,0,0,0,0,0,0,0,0,0,0,0,0,0,0,0,0,0,0,0,0,0
remax,8de2fb0b-b433-401c-8adb-de6b974c7e3d,https://www.remax.com.ar/listings/alquiler-cocheras-monserrat,2026-08-13T22:37:52+00:00,alquiler,cochera,360000.0,ARS,ARS 360000.0,0.0,ARS,Avenida Hipólito Yrigoyen 900,Avenida Hipólito Yrigoyen,900,,monserrat,Monserrat,1.0,Capital Federal,-34.6096104,-58.3800687,12.0,12.0,,,0,1.0,,,30000.0,Alquiler cocheras Monserrat,,,0,0,0,0,0,0,0,0,0,1,0,0,0,0,0,0,0,0,0,0,0,0
remax,8dded282-95c0-4d14-a493-c79f15155c49,https://www.remax.com.ar/listings/alquiler-belgrano-oficinas-475-m2,2026-08-13T22:37:52+00:00,alquiler,oficina,23000.0,USD,USD 23000.0,,ARS,Avenida del Libertador 6300,Avenida del Libertador,6300,,belgrano,Belgrano,13.0,Capital Federal,-34.5542161,-58.4498869,475.0,475.0,,,6,,,,48.42,Alquiler - Belgrano - OFICINAS - 475 M2,,,0,0,0,0,0,0,0,0,0,0,0,0,0,0,0,0,0,0,0,0,0,0
remax,8db3caf4-e834-4f04-bca6-097d6a289030,https://www.remax.com.ar/listings/local-pb-comercial-financiero-bancario,2026-08-13T22:37:56+00:00,alquiler,local,2900000.0,ARS,ARS 2900000.0,2900000.0,ARS,Teniente General Juan Domingo Perón 500,Teniente General Juan Domingo Perón,500,,san nicolas,San Nicolás,1.0,Capital Federal,-34.6057304,-58.3745866,984.0,984.0,,,2,,,,2947.15,Local PB Comercial Financiero Bancario,,,0,0,0,0,0,0,0,0,0,0,0,0,0,0,0,0,0,0,0,0,0,0
remax,8d9975f4-8a11-4ef5-b03d-624aa155c078,https://www.remax.com.ar/listings/oficina-en-belgrano-de-47-m2-seg-24hs,2026-08-13T22:37:56+00:00,alquiler,oficina,1100000.0,ARS,ARS 1100000.0,500000.0,ARS,Cuba 1900,Cuba,1900,,belgrano,Belgrano,13.0,Capital Federal,-34.56239892796,-58.453629970682,47.0,47.0,,,1,,,,23404.26,Oficina en Belgrano de 47 m2 Seg 24hs,,,0,0,0,0,0,0,0,0,0,0,0,0,0,0,0,0,0,0,0,0,0,0
remax,8d5fcb54-1065-41be-a551-c0a390162d87,https://www.remax.com.ar/listings/alquiler-luminoso-planes-al-1000-cid-campeador-1,2026-08-13T22:37:56+00:00,alquiler,departamento_estandar,580000.0,ARS,ARS 580000.0,150000.0,ARS,Planes 1000,Planes,1000,,caballito,Caballito,6.0,Capital Federal,-34.611372,-58.448032,40.0,40.0,2.0,,1,,,,14500.0,ALQUILER LUMINOSO PLANES AL 1000 CID CAMPEADOR,,,0,0,0,0,0,0,0,0,0,0,0,0,1,0,0,0,0,0,0,0,0,0
remax,8d378ca8-7429-4d2f-80ad-6448f0b7acf4,https://www.remax.com.ar/listings/alquiler-departamento-a-estrenar-balcon-terraza,2026-08-13T22:37:56+00:00,alquiler,departamento_estandar,600.0,USD,USD 600.0,97000.0,ARS,Moreno 1700,Moreno,1700,,monserrat,Monserrat,1.0,Capital Federal,-34.612735,-58.3905988,46.2,44.2,2.0,,1,,,,12.99,"Alquiler Departamento a estrenar. Balcón, terraza",,,0,0,0,0,0,0,0,0,0,0,0,0,0,1,0,0,0,0,0,0,0,0
remax,8d2b11fd-e44a-4a88-a1f8-a08aa63bf53d,https://www.remax.com.ar/listings/alquiler-monoambiente-con-balcon-en-las-canitas,2026-08-13T22:37:56+00:00,alquiler,departamento_estandar,650000.0,ARS,ARS 650000.0,150000.0,ARS,Avenida General Indalecio Chenaut 1700,Avenida General Indalecio Chenaut,1700,,palermo,Las Cañitas,14.0,Capital Federal,-34.5700639,-58.4314986,40.09,35.74,1.0,,1,,,,16213.52,Alquiler Monoambiente con Balcón en Las Cañitas,,,0,0,0,0,0,0,0,0,0,0,0,0,0,1,0,0,0,0,0,0,0,0
remax,8d1cf966-ba82-4c47-94e2-0161962fdc22,https://www.remax.com.ar/listings/dpto-2-amb-con-balcon-palermo,2026-08-13T22:37:56+00:00,alquiler,departamento_estandar,790000.0,ARS,ARS 790000.0,140200.0,ARS,Thames 2400,Thames,2400,,palermo,Palermo,14.0,Capital Federal,-34.5821146,-58.4227043,52.51,50.4,2.0,,1,,,,15044.75,Dpto 2 amb con Balcon Palermo,,,0,0,0,0,0,0,0,0,0,0,0,0,0,1,0,0,0,0,0,0,0,0
remax,8d1bc453-37e9-4e3c-8e0d-1c9b8765a427,https://www.remax.com.ar/listings/alquiler-3-amb-torre-amenities-seguridad-24hs,2026-08-13T22:37:56+00:00,alquiler,departamento_estandar,1500000.0,ARS,ARS 1500000.0,350000.0,ARS,Padilla 800,Padilla,800,,villa crespo,Villa Crespo,15.0,Capital Federal,-34.5984884,-58.4446459,67.28,63.26,3.0,,1,,,,22294.89,Alquiler 3 amb torre amenities seguridad 24hs,,,1,0,0,0,0,0,0,0,0,0,0,1,0,0,0,0,0,0,0,0,0,0
remax,8d0b268c-9345-4d28-b0fe-7fbd847732de,https://www.remax.com.ar/listings/alquiler-3-amb-caballito-sur,2026-08-13T22:37:56+00:00,alquiler,departamento_estandar,1000.0,USD,USD 1000.0,176000.0,ARS,Avenida Pedro Goyena 1500,Avenida Pedro Goyena,1500,,caballito,Caballito Sur,6.0,Capital Federal,-34.6277645,-58.4489734,57.0,54.0,3.0,,1,,,,17.54,Alquiler 3 amb Caballito sur,,,0,0,0,0,0,0,0,0,0,0,0,0,0,0,0,0,0,0,0,0,0,0
remax,8cfef96f-9ef4-419b-bf81-700f490222b4,https://www.remax.com.ar/listings/alquiler-dto-3-ambientes-villa-crespo,2026-08-13T22:37:56+00:00,alquiler,departamento_estandar,1290000.0,ARS,ARS 1290000.0,140000.0,ARS,Vera 600,Vera,600,,villa crespo,Villa Crespo,15.0,Capital Federal,-34.5981111,-58.4387608,64.0,64.0,3.0,,1,,,,20156.25,"ALQUILER DTO 3 AMBIENTES, VILLA CRESPO",,,0,0,0,0,0,0,0,0,0,0,0,0,0,0,0,0,0,0,0,0,0,0
remax,8cda3b08-3160-4bf0-b2f1-27b2137ff77e,https://www.remax.com.ar/listings/alquiler-monoambiente-con-balcon-san-cristobal-1,2026-08-13T22:37:59+00:00,alquiler,departamento_monoambiente,620000.0,ARS,ARS 620000.0,138190.0,ARS,Humberto 1º 2600,Humberto 1º,2600,1,san cristobal,San Cristobal,3.0,Capital Federal,-34.6225422,-58.4019774,33.5,31.22,1.0,,1,,,,18507.46,ALQUILER MONOAMBIENTE CON BALCON SAN CRISTOBAL,,,0,0,0,0,0,0,0,0,0,0,0,0,0,1,0,0,0,0,0,0,0,0
remax,8cca041a-ac07-4aff-9eca-96b1086d3b18,https://www.remax.com.ar/listings/alquiler-depto-monoambiente-balcon-frente-coghlan,2026-08-13T22:37:59+00:00,alquiler,departamento_estandar,680000.0,ARS,ARS 680000.0,80000.0,ARS,Franklin Delano Roosevelt 3300,Franklin Delano Roosevelt,3300,,coghlan,Coghlan,12.0,Capital Federal,-34.5630091,-58.470177,36.01,33.42,1.0,,1,,,,18883.64,Alquiler Depto Monoambiente Balcón Frente Coghlan,,,0,0,0,0,0,0,0,0,0,0,0,0,0,1,0,0,0,0,0,0,0,0
remax,8c705846-19d0-404d-befd-915e9fae5c46,https://www.remax.com.ar/listings/alquiler-depto-2-ambientes-en-barracas,2026-08-13T22:37:59+00:00,alquiler,departamento_estandar,590000.0,ARS,ARS 590000.0,145000.0,ARS,Ruy Díaz de Guzmán 0,Ruy Díaz de Guzmán,0,,barracas,Barracas,4.0,Capital Federal,-34.6317412,-58.371531,40.0,38.0,2.0,,1,,,,14750.0,ALQUILER DEPTO 2 AMBIENTES EN BARRACAS,,,0,0,0,0,0,0,0,0,0,0,0,0,0,0,0,0,0,0,0,0,0,0
remax,8c442ac2-0c9d-4db1-b077-e2ebe1aa8104,https://www.remax.com.ar/listings/alquiler-3-ambientes-en-villa-del-parque,2026-08-13T22:37:59+00:00,alquiler,departamento_estandar,900000.0,ARS,ARS 900000.0,240000.0,ARS,Helguera 2700,Helguera,2700,,villa del parque,Villa del Parque,11.0,Capital Federal,-34.6032873,-58.4915712,61.0,58.0,3.0,,1,,,,14754.1,ALQUILER 3 AMBIENTES EN VILLA DEL PARQUE,,,0,0,0,0,0,0,0,0,0,0,0,0,0,0,0,0,0,0,0,0,0,0
remax,8c351a71-7740-479a-97f0-5e6033b2a18e,https://www.remax.com.ar/listings/monoamb-palermo-piscina-sum-parr-apto-prof,2026-08-13T22:37:59+00:00,alquiler,departamento_monoambiente,730000.0,ARS,ARS 730000.0,270000.0,ARS,Fray Justo Santa María de Oro 2100,Fray Justo Santa María de Oro,2100,,palermo,Palermo,14.0,Capital Federal,-34.5824917,-58.4275151,34.22,30.41,1.0,,1,,,,21332.55,"MONOAMB. PALERMO, PISCINA, SUM, PARR. APTO PROF.",,,1,1,0,0,0,0,0,0,0,0,0,0,0,0,0,0,0,0,0,0,0,0
remax,8c350686-b143-40e0-ac4b-7f715305ed4a,https://www.remax.com.ar/listings/2-ambs-en-pb-con-patio-cubierto-zona-facultades-1,2026-08-13T22:37:59+00:00,alquiler,departamento_estandar,600000.0,ARS,ARS 600000.0,150000.0,ARS,Laprida 1100,Laprida,1100,,recoleta,Recoleta,2.0,Capital Federal,-34.5952743,-58.408225,35.0,35.0,2.0,,1,,,,17142.86,2 ambs en PB con patio cubierto zona Facultades,,,0,0,0,0,0,0,0,0,0,0,0,0,0,0,0,0,0,0,0,1,0,0
remax,8c173004-e69a-4f1e-80bb-6b6b41101364,https://www.remax.com.ar/listings/alquiler-monoambiente-boedo-c-balcon-exp-bajas,2026-08-13T22:37:59+00:00,alquiler,departamento_monoambiente,600000.0,ARS,ARS 600000.0,60000.0,ARS,Virrey Liniers 1200,Virrey Liniers,1200,,boedo,Boedo,5.0,Capital Federal,-34.6305379,-58.4192214,40.98,36.91,1.0,,1,,,,14641.29,"Alquiler monoambiente, boedo c/balcon exp.bajas",,,0,0,0,0,0,0,0,0,0,0,0,0,0,1,0,0,0,0,0,0,0,0
remax,8c072478-6018-423e-a89d-7a9f845c7e9b,https://www.remax.com.ar/listings/alquiler-local-comercial-nunez-excelente-ubicacion,2026-08-13T22:37:59+00:00,alquiler,local,850000.0,ARS,ARS 850000.0,90000.0,ARS,3 de Febrero 2900,3 de Febrero,2900,,nunez,Nuñez,13.0,Capital Federal,-34.551352958947,-58.458266258676,18.47,18.47,,,1,,,,46020.57,ALQUILER LOCAL COMERCIAL NÚÑEZ EXCELENTE UBICACION,,,0,0,0,0,0,0,0,0,0,0,0,0,0,0,0,0,0,0,0,0,0,0
remax,8bd2f310-7d7c-4401-93b8-fa541724f98f,https://www.remax.com.ar/listings/monoambiente-al-frente-balcon-baulera-recoleta-1,2026-08-13T22:38:04+00:00,alquiler,oficina,630000.0,ARS,ARS 630000.0,140000.0,ARS,Agüero 2100,Agüero,2100,,recoleta,Recoleta,2.0,Capital Federal,-34.5873622,-58.4015097,25.83,23.58,1.0,,1,,,,24390.24,Monoambiente al frente-Balcón- Baulera-Recoleta,,,0,0,0,0,0,0,0,0,0,0,1,0,0,1,0,0,0,1,0,0,0,0
remax,8bc4ac33-b96f-4bc0-a2ad-479d5017b4b6,https://www.remax.com.ar/listings/departamento-2-ambientes-alquiler-monserrat,2026-08-13T22:38:04+00:00,alquiler,departamento_estandar,500000.0,ARS,ARS 500000.0,160000.0,ARS,Humberto 1º 1100,Humberto 1º,1100,1,monserrat,Monserrat,1.0,Capital Federal,-34.6210473,-58.3825155,37.8,37.8,2.0,,1,,,,13227.51,DEPARTAMENTO 2 AMBIENTES ALQUILER MONSERRAT,,,0,0,0,0,0,0,0,0,0,0,0,0,0,0,0,0,0,0,0,0,0,0
remax,8ba4a8d9-1bcf-4bd1-b5e0-ca4be4c95095,https://www.remax.com.ar/listings/alquiler-oficina-reciclada-y-muy-luminosa,2026-08-13T22:38:04+00:00,alquiler,oficina,750000.0,ARS,ARS 750000.0,517000.0,ARS,Av. Belgrano 1800,Av. Belgrano,1800,,balvanera,Balvanera,3.0,Capital Federal,-34.613290088371,-58.393878936768,118.0,118.0,,,2,,,,6355.93,Alquiler oficina reciclada y muy luminosa,,,0,0,0,0,0,0,0,0,0,0,0,0,0,0,0,1,0,0,0,0,0,0
remax,8b9f29ca-6337-4b12-9085-2270dfb0b53d,https://www.remax.com.ar/listings/ph-en-alquiler-amueblado-patio-no-expensa-palermo,2026-08-13T22:38:04+00:00,alquiler,ph,3000.0,USD,USD 3000.0,0.0,ARS,Malabia 2100,Malabia,2100,,palermo,Palermo,14.0,Capital Federal,-34.586693743968,-58.421292873099,260.0,220.0,5.0,,3,,,,11.54,PH en alquiler amueblado patio NO EXPENSA palermo.,,,0,0,0,0,0,0,0,0,0,0,0,0,0,0,0,0,0,0,1,1,0,0
remax,8b68b948-7620-490f-a108-41f55733ce88,https://www.remax.com.ar/listings/alquiler-monoambiente-liniers-con-balcon,2026-08-13T22:38:04+00:00,alquiler,departamento_monoambiente,450000.0,ARS,ARS 450000.0,100000.0,ARS,Ibarrola 6600,Ibarrola,6600,,liniers,Liniers,9.0,Capital Federal,-34.6412061,-58.5204617,35.01,31.26,1.0,,1,,,,12853.47,ALQUILER MONOAMBIENTE LINIERS CON BALCÓN,,,0,0,0,0,0,0,0,0,0,0,0,0,0,1,0,0,0,0,0,0,0,0
remax,8b5f452f-a43d-404a-9106-9f3065d5b64e,https://www.remax.com.ar/listings/alquiler-ph-2amb-terraza-lavadero-chacarita,2026-08-13T22:38:04+00:00,alquiler,ph,500.0,USD,USD 500.0,0.0,ARS,Darwin 800,Darwin,800,,chacarita,Chacarita,15.0,Capital Federal,-34.592501944711,-58.443424701691,60.0,40.0,2.0,,1,,,,8.33,ALQUILER PH 2AMB. TERRAZA - LAVADERO. CHACARITA,,,0,0,0,0,0,0,0,0,0,0,0,0,0,1,0,0,0,0,0,0,0,0
remax,8b5eb915-119a-42e2-bd97-1738302f9f56,https://www.remax.com.ar/listings/alquiler-depto-2-amb-c-cochera-opcional,2026-08-13T22:38:04+00:00,alquiler,departamento_estandar,940000.0,ARS,ARS 940000.0,240000.0,ARS,General José Gervasio Artigas 500,General José Gervasio Artigas,500,,flores,Flores,7.0,Capital Federal,-34.6236909,-58.4663922,54.05,49.8,2.0,,1,1.0,,,17391.3,Alquiler depto 2 amb c/cochera opcional,,,0,0,0,0,0,0,0,0,0,1,0,0,0,0,0,0,0,0,0,0,0,0
remax,8b5a1197-3bc9-4949-80b2-1c3bf5b1af99,https://www.remax.com.ar/listings/alquiler-2-amb-balcon-barracas,2026-08-13T22:38:04+00:00,alquiler,departamento_estandar,680000.0,ARS,ARS 680000.0,150000.0,ARS,Avenida Montes de Oca 1000,Avenida Montes de Oca,1000,,barracas,Barracas,4.0,Capital Federal,-34.6402413,-58.3741297,45.0,45.0,2.0,,1,,,,15111.11,ALQUILER 2 AMB BALCON BARRACAS,,,0,0,0,0,0,0,0,0,0,0,0,0,0,1,0,0,0,0,0,0,0,0
remax,8b51a935-cb8a-47a4-ab74-577a253c2f77,https://www.remax.com.ar/listings/alquiler-3amb-amueblado-belgrano-av-libertador,2026-08-13T22:38:04+00:00,alquiler,departamento_estandar,950.0,USD,USD 950.0,270000.0,ARS,Avenida del Libertador 5800,Avenida del Libertador,5800,,belgrano,Belgrano,13.0,Capital Federal,-34.558066,-58.4461008,75000.0,75000.0,3.0,,1,,,,0.01,"ALQUILER 3AMB AMUEBLADO - BELGRANO, AV. LIBERTADOR",,,0,0,0,0,0,0,0,0,0,0,0,0,0,0,0,0,0,0,1,0,0,0
remax,8b465e9e-1d17-49e0-8b2f-877935f1e22b,https://www.remax.com.ar/listings/departamento-3-ambientes-alquiler-palermo-cochera,2026-08-13T22:38:04+00:00,alquiler,departamento_estandar,1300000.0,ARS,ARS 1300000.0,270000.0,ARS,Concepción Arenal 2400,Concepción Arenal,2400,,palermo,Palermo,14.0,Capital Federal,-34.5748443,-58.4380256,81.08,67.02,3.0,,1,1.0,,,16033.55,DEPARTAMENTO 3 AMBIENTES ALQUILER PALERMO COCHERA,,,0,0,0,0,0,0,0,0,0,1,0,0,0,0,0,0,0,0,0,0,0,0
remax,8aec03c9-ea46-489b-98ba-9293eb7f352a,https://www.remax.com.ar/listings/alquiler-dos-ambientes-recoleta,2026-08-13T22:38:07+00:00,alquiler,departamento_estandar,690000.0,ARS,ARS 690000.0,120000.0,ARS,Paraguay 1600,Paraguay,1600,,recoleta,Recoleta,2.0,Capital Federal,-34.5983434,-58.3904544,32.04,32.04,2.0,,1,,,,21535.58,ALQUILER DOS AMBIENTES -RECOLETA,,,0,0,0,0,0,0,0,0,0,0,0,0,0,0,0,0,0,0,0,0,0,0
remax,8ae989e2-4272-42b3-a94f-674f0fafc59c,https://www.remax.com.ar/listings/departamento-palermo-2-amb-frente-balcon-ideal,2026-08-13T22:38:07+00:00,alquiler,departamento_estandar,900000.0,ARS,ARS 900000.0,240000.0,ARS,Avenida Coronel Díaz 1500,Avenida Coronel Díaz,1500,,palermo,Palermo,14.0,Capital Federal,-34.5865672,-58.4083391,42.4,40.0,2.0,,1,,,,21226.42,Departamento Palermo 2 amb. frente balcón Ideal !,,,0,0,0,0,0,0,0,0,0,0,0,0,0,1,0,0,0,0,0,0,0,0
remax,8ac3e657-f7e7-4e48-b7f8-79c6ad081b31,https://www.remax.com.ar/listings/alquiler-local-con-oficinas-san-telmo-1,2026-08-13T22:38:07+00:00,alquiler,local,2400.0,USD,USD 2400.0,0.0,ARS,Balcarce 600,Balcarce,600,,monserrat,Monserrat,1.0,Capital Federal,-34.61489,-58.3707944,280.0,280.0,4.0,,2,,,,8.57,ALQUILER LOCAL CON OFICINAS - SAN TELMO,,,0,0,0,0,0,0,0,0,0,0,0,0,0,0,0,0,0,0,0,0,0,0
remax,8aba9bb8-118d-4824-85e9-765d74547704,https://www.remax.com.ar/listings/alquiler-departamento-2-amb-villa-del-parque-1,2026-08-13T22:38:07+00:00,alquiler,departamento_estandar,580000.0,ARS,ARS 580000.0,170000.0,ARS,General José Gervasio Artigas 3000,General José Gervasio Artigas,3000,,villa del parque,Villa del Parque,11.0,Capital Federal,-34.5986347,-58.4854839,37.0,37.0,2.0,,1,,,,15675.68,Alquiler departamento 2 amb Villa del Parque,,,0,0,0,0,0,0,0,0,0,0,0,0,0,0,0,0,0,0,0,0,0,0
remax,8aa98a70-dbad-4a00-b250-d9fd3e10f161,https://www.remax.com.ar/listings/alquiler-dpto-2-amb-canitas-palermo-cochera-balcon,2026-08-13T22:38:07+00:00,alquiler,departamento_estandar,1200000.0,ARS,ARS 1200000.0,400000.0,ARS,Gorostiaga 1600,Gorostiaga,1600,,palermo,Palermo,14.0,Capital Federal,-34.5654567,-58.4364398,63.99,52.76,2.0,,1,1.0,,,18752.93,ALQUILER DPTO 2 AMB CAÑITAS PALERMO COCHERA BALCON,,,0,0,0,0,0,0,0,0,0,1,0,0,0,1,0,0,0,0,0,0,0,0
remax,8a9a29ee-a2f1-4e05-bcec-0a5a7fa37777,https://www.remax.com.ar/listings/alquiler-piso-villa-urquiza-balc-aterrazados-3-amb,2026-08-13T22:38:07+00:00,alquiler,departamento_piso,2500.0,USD,USD 2500.0,190000.0,ARS,Tomás A. Le Bretón 5200,Tomás A. Le Bretón,5200,,villa urquiza,Villa Urquiza,12.0,Capital Federal,-34.571425,-58.4913732,147.21,87.21,3.0,,2,,,,16.98,ALQUILER PISO VILLA URQUIZA BALC ATERRAZADOS 3 amb,,,0,0,0,0,0,0,0,0,0,0,0,0,0,1,0,0,0,0,0,0,0,0
remax,8a74eb75-5000-425a-b41c-45d34f0f9e61,https://www.remax.com.ar/listings/alquiler-de-monoambiente-en-belgrano,2026-08-13T22:38:07+00:00,alquiler,departamento_monoambiente,590000.0,ARS,ARS 590000.0,215000.0,ARS,Manuel Ugarte 1700,Manuel Ugarte,1700,,belgrano,Belgrano,13.0,Capital Federal,-34.5528979,-58.4549849,33.0,30.0,1.0,,1,,,,17878.79,ALQUILER DE MONOAMBIENTE EN BELGRANO,,,0,0,0,0,0,0,0,0,0,0,0,0,0,0,0,0,0,0,0,0,0,0
remax,8a650da9-d3cf-4db3-8962-f06494939fd2,https://www.remax.com.ar/listings/alquiler-4-ambientes-recoleta-con-balcon,2026-08-13T22:38:07+00:00,alquiler,departamento_estandar,1000.0,USD,USD 1000.0,540000.0,ARS,Paraná 1100,Paraná,1100,,recoleta,Recoleta,2.0,Capital Federal,-34.5952725,-58.3885877,105.0,101.0,4.0,,1,,,,9.52,ALQUILER 4 AMBIENTES RECOLETA CON BALCON,,,0,0,0,0,0,0,0,0,0,0,0,0,0,1,0,0,0,0,0,0,0,0
remax,8a4cce43-e077-4d80-94fa-90116976cab7,https://www.remax.com.ar/listings/alquiler-depto-2-amb-40m2-terraza-con-parrilla,2026-08-13T22:38:07+00:00,alquiler,departamento_estandar,900000.0,ARS,ARS 900000.0,115000.0,ARS,Avenida José María Moreno 500,Avenida José María Moreno,500,,caballito,Caballito,6.0,Capital Federal,-34.6249066,-58.4345742,39.8,39.8,2.0,,1,,,,22613.07,ALQUILER-DEPTO 2 amb. 40m2 - TERRAZA CON PARRILLA,,,0,0,1,0,0,0,0,0,0,0,0,0,0,1,0,0,0,0,0,0,0,0
remax,8a4217be-d12c-4f8b-811c-1c85744cd284,https://www.remax.com.ar/listings/alquiler-3-amb-cochera-cerrito-libertador-retiro,2026-08-13T22:38:07+00:00,alquiler,departamento_estandar,1100.0,USD,USD 1100.0,610000.0,ARS,Cerrito 1500,Cerrito,1500,,retiro,Retiro,1.0,Capital Federal,-34.58907629877,-58.382303905673,82.21,76.68,3.0,,2,1.0,,,13.38,Alquiler 3 amb /cochera Cerrito/Libertador -Retiro,,,0,0,0,0,0,0,0,0,0,1,0,0,0,0,0,0,0,0,0,0,0,0
remax,8a35d113-d644-43c9-86cd-6788168842f4,https://www.remax.com.ar/listings/monoambiente-en-belgrano-apto-profesional,2026-08-13T22:38:07+00:00,alquiler,oficina,600.0,USD,USD 600.0,150000.0,ARS,Avenida del Libertador 5900,Avenida del Libertador,5900,,belgrano,Belgrano,13.0,Capital Federal,-34.5566689,-58.4473245,38.13,35.0,1.0,,1,,,,15.74,MONOAMBIENTE EN BELGRANO APTO PROFESIONAL,,,0,0,0,0,0,0,0,0,1,0,0,0,0,0,0,0,0,0,0,0,0,0
remax,8a0352b8-8f61-49b5-9d27-d4a56aae0cc2,https://www.remax.com.ar/listings/monoambiente-con-balcon-2,2026-08-13T22:38:09+00:00,alquiler,departamento_estandar,480000.0,ARS,ARS 480000.0,100000.0,ARS,Ramon Falcon 6623 6600,Ramon Falcon 6623,6600,,liniers,Liniers,9.0,Capital Federal,-34.6401753,-58.5199936,35.0,32.5,1.0,,1,,,,13714.29,MONOAMBIENTE CON BALCON,,,0,0,0,0,0,0,0,0,0,0,0,0,0,1,0,0,0,0,0,0,0,0
remax,89f39073-5428-486d-afe0-046b33e42fca,https://www.remax.com.ar/listings/alquiler-2-ambientes-apto-profesional-en-palermo,2026-08-13T22:38:09+00:00,alquiler,departamento_estandar,750000.0,ARS,ARS 750000.0,200000.0,ARS,Charcas 3600,Charcas,3600,,palermo,Palermo,14.0,Capital Federal,-34.5889292,-58.4163383,44.0,44.0,2.0,,1,,,,17045.45,ALQUILER 2 AMBIENTES APTO PROFESIONAL EN PALERMO,,,0,0,0,0,0,0,0,0,1,0,0,0,0,0,0,0,0,0,0,0,0,0
remax,898be62b-a2a7-4979-93d9-d86f70a5bb75,https://www.remax.com.ar/listings/casa-5-ambientes-alquiler-residencial-palermo,2026-08-13T22:38:09+00:00,alquiler,casa,2500.0,USD,USD 2500.0,,ARS,Bonpland 1500,Bonpland,1500,,palermo,Palermo,14.0,Capital Federal,-34.5845937,-58.4390209,173.5,130.0,4.0,,2,,,,14.41,Casa 5 Ambientes Alquiler Residencial Palermo,,,0,0,0,0,0,0,0,0,0,0,0,0,0,0,0,0,0,0,0,0,0,0
remax,8969ef0b-d5cd-4850-b0fc-a0431417b94a,https://www.remax.com.ar/listings/alquiler-monoambiente-con-balcon-palermo-chico-1,2026-08-13T22:38:09+00:00,alquiler,departamento_monoambiente,600000.0,ARS,ARS 600000.0,95000.0,ARS,Ortiz de Ocampo 2500,Ortiz de Ocampo,2500,,palermo,Palermo Chico,14.0,Capital Federal,-34.5831273,-58.4052998,36.57,32.72,1.0,,1,,,,16406.89,ALQUILER MONOAMBIENTE CON BALCÓN PALERMO CHICO,,,0,0,0,0,0,0,0,0,0,0,0,0,0,1,0,0,0,0,0,0,0,0
remax,89548c0e-f677-4a5f-9f13-67b5c50e8520,https://www.remax.com.ar/listings/alquiler-departamento-3-ambientes-amoblado-nunez,2026-08-13T22:38:09+00:00,alquiler,departamento_estandar,1200000.0,ARS,ARS 1200000.0,230000.0,ARS,Avenida del Libertador 6200,Avenida del Libertador,6200,,belgrano,Belgrano,13.0,Capital Federal,-34.5541089,-58.449552,49.87,48.25,3.0,,1,,,,24062.56,Alquiler departamento 3 ambientes amoblado Nuñez,,,0,0,0,0,0,0,0,0,0,0,0,0,0,0,0,0,0,0,1,0,0,0
remax,891f21a5-8a1c-4f51-8198-ec7c69db6e95,https://www.remax.com.ar/listings/alquiler-monoambiente-flores-excelente-ubicacion,2026-08-13T22:38:12+00:00,alquiler,departamento_estandar,500000.0,ARS,ARS 500000.0,185000.0,ARS,Juan Bautista Alberdi 2600,Juan Bautista Alberdi,2600,,flores,Flores,7.0,Capital Federal,-34.63225138347,-58.465487479771,38.0,33.0,1.0,,1,,,,13157.89,Alquiler Monoambiente Flores excelente ubicacion,,,0,0,0,0,0,0,0,0,0,0,0,0,0,0,0,0,0,0,0,0,0,0
remax,89178233-ae43-489f-b689-2eab67aff29d,https://www.remax.com.ar/listings/departamento-de-2-ambientes-en-alquiler-san-telmo-1,2026-08-13T22:38:12+00:00,alquiler,departamento_estandar,685000.0,ARS,ARS 685000.0,100000.0,ARS,Perú 1200,Perú,1200,,san telmo,San Telmo,1.0,Capital Federal,-34.6223514,-58.3742217,32.0,32.0,2.0,,1,,,,21406.25,DEPARTAMENTO DE 2 AMBIENTES EN ALQUILER SAN TELMO,,,0,0,0,0,0,0,0,0,0,0,0,0,0,0,0,0,0,0,0,0,0,0
remax,8910458b-06c6-4116-b31d-bf0dbd2e453b,https://www.remax.com.ar/listings/alquiler-2-amb-palermo-todo-luz,2026-08-13T22:38:12+00:00,alquiler,departamento_estandar,550000.0,ARS,ARS 550000.0,280000.0,ARS,Santos Dumont 2400,Santos Dumont,2400,,palermo,Palermo,14.0,Capital Federal,-34.573906,-58.43942,33.5,32.0,2.0,,1,,,,16417.91,"Alquiler 2 amb. Palermo, todo luz",,,0,0,0,0,0,0,0,0,0,0,0,0,1,0,0,0,0,0,0,0,0,0
remax,890b2155-a7e7-4201-9c3c-bc1bb27752c4,https://www.remax.com.ar/listings/alquiler-dpto-4-amb-balcon-cochera-almagro,2026-08-13T22:38:12+00:00,alquiler,departamento_estandar,1980000.0,ARS,ARS 1980000.0,240000.0,ARS,Avenida Ángel Gallardo 0,Avenida Ángel Gallardo,0,,almagro,Almagro,5.0,Capital Federal,-34.6026084,-58.432908,79.0,79.0,4.0,,1,1.0,,,25063.29,Alquiler Dpto 4 Amb Balcón Cochera Almagro,,,0,0,0,0,0,0,0,0,0,1,0,0,0,1,0,0,0,0,0,0,0,0
remax,88f547b7-fac7-4df4-bf55-666cdda05789,https://www.remax.com.ar/listings/alquiler-departamento-3-ambientes-con-patio,2026-08-13T22:38:12+00:00,alquiler,departamento_estandar,1200000.0,ARS,ARS 1200000.0,3000.0,ARS,Humboldt 1900,Humboldt,1900,,palermo,Palermo Hollywood,14.0,Capital Federal,-34.583196814391,-58.433495163918,94.0,70.0,3.0,,1,,,,12765.96,ALQUILER DEPARTAMENTO 3 AMBIENTES CON PATIO,,,0,0,0,0,0,0,0,0,0,0,0,0,0,0,0,0,0,0,0,1,0,0
remax,88bff821-e844-4dfd-a9ca-30e5c5dbd268,https://www.remax.com.ar/listings/alquiler-monoambiente-divisible-villa-del-parque,2026-08-13T22:38:12+00:00,alquiler,departamento_estandar,700000.0,ARS,ARS 700000.0,230000.0,ARS,Santo Tomé 2900,Santo Tomé,2900,,villa del parque,Villa del Parque,11.0,Capital Federal,-34.6051819,-58.4872774,45.4,38.82,1.0,,1,,,,15418.5,ALQUILER MONOAMBIENTE DIVISIBLE VILLA DEL PARQUE,,,0,0,0,0,0,0,0,0,0,0,0,0,0,0,0,0,0,0,0,0,0,0
remax,88a14cf5-d089-4ca2-931d-1d1f015e6c9c,https://www.remax.com.ar/listings/alquier-dpto-2-ambientes-palermo-balcon-amenities,2026-08-13T22:38:12+00:00,alquiler,departamento_estandar,750.0,USD,USD 750.0,240000.0,ARS,Raúl Scalabrini Ortiz 3300,Raúl Scalabrini Ortiz,3300,,palermo,Palermo Nuevo,14.0,Capital Federal,-34.578762,-58.4087104,48.9,45.88,2.0,,1,,,,15.34,Alquier dpto 2 ambientes Palermo Balcon Amenities,,,1,0,0,0,0,0,0,0,0,0,0,0,0,1,0,0,0,0,0,0,0,0
remax,8879a7c7-dd40-4bc1-8a75-4d18409cfc80,https://www.remax.com.ar/listings/alquiler-comercial-oficinas-con-deposito-chacarita,2026-08-13T22:38:15+00:00,alquiler,oficina,42581.0,USD,USD 42581.0,0.0,ARS,Avenida Dorrego 700,Avenida Dorrego,700,,chacarita,Chacarita,15.0,Capital Federal,-34.5926045,-58.4484257,2400.0,2400.0,,,0,,,,17.74,ALQUILER COMERCIAL OFICINAS CON DEPOSITO CHACARITA,,,0,0,0,0,0,0,0,0,0,0,0,0,0,0,0,0,0,0,0,0,0,0
remax,885c3f35-451b-4459-9786-b54d2667e200,https://www.remax.com.ar/listings/alquiler-triplex-terraza-y-cochera-villa-crespo,2026-08-13T22:38:15+00:00,alquiler,departamento_duplex,1700000.0,ARS,ARS 1700000.0,340000.0,ARS,Darwin 1100,Darwin,1100,,villa crespo,Villa Crespo,15.0,Capital Federal,-34.5904966,-58.4404157,86.9,50.5,2.0,,1,1.0,,,19562.72,Alquiler Triplex Terraza y Cochera Villa Crespo,,,0,0,0,0,0,0,0,0,0,1,0,0,0,1,0,0,0,0,0,0,0,0
remax,885abc5e-9cae-4ec4-8523-a70abde33d2d,https://www.remax.com.ar/listings/alquiler-monoambiente-con-balcon-palermo-1,2026-08-13T22:38:15+00:00,alquiler,departamento_monoambiente,650000.0,ARS,ARS 650000.0,200000.0,ARS,Avenida Raúl Scalabrini Ortiz 1200,Avenida Raúl Scalabrini Ortiz,1200,,palermo,Palermo,14.0,Capital Federal,-34.5930875,-58.4287367,35.58,32.46,1.0,,1,,,,18268.69,ALQUILER MONOAMBIENTE CON BALCON - PALERMO,,,0,0,0,0,0,0,0,0,0,0,0,0,0,1,0,0,0,0,0,0,0,0
remax,88573f84-46f2-4d39-99c0-9384b81a8eef,https://www.remax.com.ar/listings/alquiler-departamento-con-terraza-en-saavedra,2026-08-13T22:38:15+00:00,alquiler,departamento_duplex,1200.0,USD,USD 1200.0,240000.0,ARS,Roque Pérez 4200,Roque Pérez,4200,,saavedra,Saavedra,12.0,Capital Federal,-34.5492698,-58.4826934,104.0,60.0,2.0,,1,,,,11.54,Alquiler departamento con terraza en Saavedra!,,,0,0,0,0,0,0,0,0,0,0,0,0,0,1,0,0,0,0,0,0,0,0
remax,884a7b90-4791-4ae5-9758-4d8855d5589c,https://www.remax.com.ar/listings/alquiler-depto-2-amb-con-balcon-corrido-y-cochera,2026-08-13T22:38:15+00:00,alquiler,departamento_estandar,1000.0,USD,USD 1000.0,561000.0,ARS,Costa Rica 4100,Costa Rica,4100,,palermo,Palermo,14.0,Capital Federal,-34.5916611,-58.422215,54.07,46.31,2.0,,1,1.0,,,18.49,ALQUILER DEPTO 2 AMB CON BALCON CORRIDO Y COCHERA,,,0,0,0,0,0,0,0,0,0,1,0,0,0,1,0,0,0,0,0,0,0,0
remax,8836cbae-df22-46df-ab60-a233c657273b,https://www.remax.com.ar/listings/alquiler-1-ambiente-y-1-2-balcon-excel-ubicacion,2026-08-13T22:38:15+00:00,alquiler,departamento_monoambiente,500000.0,ARS,ARS 500000.0,0.0,ARS,Fray Luis Beltrán 0,Fray Luis Beltrán,0,,flores,Flores,7.0,Capital Federal,-34.62488,-58.4590252,33.25,33.25,1.0,,1,,,,15037.59,"ALQUILER 1 AMBIENTE Y 1/2, BALCON, EXCEL UBICACION",,,0,0,0,0,0,0,0,0,0,0,0,0,0,1,0,0,0,0,0,0,0,0
remax,88228991-3acf-428b-aa7d-9e9faae71d4a,https://www.remax.com.ar/listings/alquiler-depto-2-amb-balcon-corrido-saavedra,2026-08-13T22:38:15+00:00,alquiler,departamento_estandar,850000.0,ARS,ARS 850000.0,180000.0,ARS,Superi 3600,Superi,3600,,saavedra,Saavedra,12.0,Capital Federal,-34.553154493556,-58.478572368294,43.77,37.25,2.0,,1,,,,19419.69,Alquiler Depto. 2 Amb. Balcón Corrido. Saavedra,,,0,0,0,0,0,0,0,0,0,0,0,0,0,1,0,0,0,0,0,0,0,0
remax,881bbef2-e163-4fb3-a027-4219cc7d1dc7,https://www.remax.com.ar/listings/alquiler-ph-2-ambientes-en-flores,2026-08-13T22:38:15+00:00,alquiler,ph,720000.0,ARS,ARS 720000.0,0.0,ARS,Primera Junta 3400,Primera Junta,3400,,flores,Flores,7.0,Capital Federal,-34.6440217,-58.465336,51.0,51.0,2.0,,1,,,,14117.65,ALQUILER PH 2 AMBIENTES EN FLORES,,,0,0,0,0,0,0,0,0,0,0,0,0,0,0,0,0,0,0,0,0,0,0
remax,880117c2-c9b9-4092-a030-b90e3a6fa082,https://www.remax.com.ar/listings/alquiler-depto-2-amb-las-canitas,2026-08-13T22:38:15+00:00,alquiler,departamento_estandar,500.0,USD,USD 500.0,270000.0,ARS,Olleros 1800,Olleros,1800,,palermo,Palermo,14.0,Capital Federal,-34.5657673,-58.4385197,39.74,39.74,2.0,,1,,,,12.58,Alquiler Depto 2 Amb Las Cañitas,,,0,0,0,0,0,0,0,0,0,0,0,0,0,0,0,0,0,0,0,0,0,0
remax,87dd7123-8bbb-4caa-a58a-870ee90b4334,https://www.remax.com.ar/listings/departamento-3-ambientes-con-balcon-velez-sarfield,2026-08-13T22:38:15+00:00,alquiler,departamento_estandar,750000.0,ARS,ARS 750000.0,160000.0,ARS,Avenida Gaona 4800,Avenida Gaona,4800,,velez sarsfield,Velez Sarsfield,10.0,Capital Federal,-34.6282572,-58.4915583,62.63,59.0,3.0,,1,,,,11975.09,DEPARTAMENTO 3 AMBIENTES CON BALCON VELEZ SARFIELD,,,0,0,0,0,0,0,0,0,0,0,0,0,0,1,0,0,0,0,0,0,0,0
remax,87d99fd1-76e4-45ba-a83d-079871f38416,https://www.remax.com.ar/listings/alquiler-depto-pb-de-3-amb-en-recoleta,2026-08-13T22:38:15+00:00,alquiler,departamento_estandar,850.0,USD,USD 850.0,150000.0,ARS,Avenida del Libertador 1100,Avenida del Libertador,1100,,recoleta,Recoleta,2.0,Capital Federal,-34.585539,-58.3885139,50.0,40.0,3.0,,1,,,,17.0,Alquiler depto PB de 3 amb en Recoleta.,,,0,0,0,0,0,0,0,0,0,0,0,0,0,0,0,0,0,0,0,0,0,0
remax,87c3257b-f9f6-45cb-9af1-3c52c86019bf,https://www.remax.com.ar/listings/alquiler-monoambiente-a-estrenar-en-nunez,2026-08-13T22:38:15+00:00,alquiler,departamento_estandar,650000.0,ARS,ARS 650000.0,140000.0,ARS,Moldes 3100,Moldes,3100,,nunez,Nuñez,13.0,Capital Federal,-34.554349418358,-58.467396860942,33.0,30.0,1.0,,1,,,,19696.97,"ALQUILER MONOAMBIENTE A ESTRENAR EN ""NUÑEZ""",,,0,0,0,0,0,0,0,0,0,0,0,0,0,0,0,0,0,0,0,0,0,0
remax,87bef743-41d0-417d-a540-2e2e4ae6c425,https://www.remax.com.ar/listings/alquiler-monoambiente-con-amenities-en-caballito,2026-08-13T22:38:18+00:00,alquiler,departamento_estandar,650000.0,ARS,ARS 650000.0,230000.0,ARS,Doctor Nicolás Repetto 1000,Doctor Nicolás Repetto,1000,,caballito,Caballito,6.0,Capital Federal,-34.6096009,-58.4480588,36.0,33.0,1.0,,1,,,,18055.56,ALQUILER MONOAMBIENTE CON AMENITIES EN CABALLITO,,,1,0,0,0,0,0,0,0,0,0,0,0,0,0,0,0,0,0,0,0,0,0
remax,87bccb99-f3d4-4135-ab75-c5b6f6036564,https://www.remax.com.ar/listings/alquiler-local-comercial-recoleta-1,2026-08-13T22:38:18+00:00,alquiler,local,1500.0,USD,USD 1500.0,0.0,ARS,Charcas 3000,Charcas,3000,,recoleta,Recoleta,2.0,Capital Federal,-34.5927721,-58.4094206,52.5,52.5,,,1,,,,28.57,ALQUILER LOCAL COMERCIAL RECOLETA,,,0,0,0,0,0,0,0,0,0,0,0,0,0,0,0,0,0,0,0,0,0,0
remax,87abd169-3807-4834-985b-368914f0d9ad,https://www.remax.com.ar/listings/departamento-en-alquiler-palermo-2-ambientes,2026-08-13T22:38:18+00:00,alquiler,departamento_estandar,650000.0,ARS,ARS 650000.0,141329.0,ARS,Avenida Santa Fe 4800,Avenida Santa Fe,4800,,palermo,Palermo Hollywood,14.0,Capital Federal,-34.577923,-58.427955,34.0,34.0,2.0,,1,,,,19117.65,DEPARTAMENTO EN ALQUILER PALERMO 2 AMBIENTES,,,0,0,0,0,0,0,0,0,0,0,0,0,0,0,0,0,0,0,0,0,0,0
remax,879304f3-45ac-40d5-a0f4-a29dd3435657,https://www.remax.com.ar/listings/depto-alquiler-2-ambientes-con-balcon-belgrano,2026-08-13T22:38:18+00:00,alquiler,departamento_estandar,800000.0,ARS,ARS 800000.0,240000.0,ARS,Amenábar 2200,Amenábar,2200,,belgrano,Belgrano,13.0,Capital Federal,-34.5616313,-58.4601413,42.0,39.0,2.0,,1,,,,19047.62,DEPTO ALQUILER 2 AMBIENTES CON BALCON BELGRANO,,,0,0,0,0,0,0,0,0,0,0,0,0,0,1,0,0,0,0,0,0,0,0
remax,8757a30e-6b58-4ab0-a1bf-a0555db4a0b4,https://www.remax.com.ar/listings/depto-2-amb-alquiler-nunez-luminoso,2026-08-13T22:38:18+00:00,alquiler,departamento_estandar,750000.0,ARS,ARS 750000.0,227000.0,ARS,Campos Salles 2100,Campos Salles,2100,,nunez,Nuñez,13.0,Capital Federal,-34.5507697,-58.4635625,42.56,42.56,2.0,,1,,,,17622.18,Depto 2 Amb Alquiler Núñez Luminoso,,,0,0,0,0,0,0,0,0,0,0,0,0,1,0,0,0,0,0,0,0,0,0
remax,87454591-8b01-4804-870a-36e1f14bdae7,https://www.remax.com.ar/listings/depto-3-amb-alquiler-villa-devoto-frente-balcon,2026-08-13T22:38:18+00:00,alquiler,departamento_estandar,950000.0,ARS,ARS 950000.0,0.0,ARS,Allende 3800,Allende,3800,,villa devoto,Villa Devoto,11.0,Capital Federal,-34.6062282,-58.5194713,72.11,62.46,3.0,,1,,,,13174.32,Depto 3 amb alquiler villa devoto frente balcón,,,0,0,0,0,0,0,0,0,0,0,0,0,0,1,0,0,0,0,0,0,0,0
remax,86c47056-c182-4361-88b9-8f23a84fd7ee,https://www.remax.com.ar/listings/alquiler-2-amb-con-balcon-terraza-en-almagro,2026-08-13T22:38:22+00:00,alquiler,departamento_estandar,700000.0,ARS,ARS 700000.0,300000.0,ARS,Castro Barros 600,Castro Barros,600,,almagro,Almagro,5.0,Capital Federal,-34.6198728,-58.4193643,61.22,45.53,2.0,,1,,,,11434.17,ALQUILER 2 Amb con Balcón Terraza en Almagro,,,0,0,0,0,0,0,0,0,0,0,0,0,0,1,0,0,0,0,0,0,0,0
remax,8672391f-0c5d-4a58-8294-ad5c27e1f8b1,https://www.remax.com.ar/listings/alquiler-2-ambientes-villa-crespo-patio-y-cochera,2026-08-13T22:38:22+00:00,alquiler,departamento_estandar,1200000.0,ARS,ARS 1200000.0,166000.0,ARS,Hidalgo 1700,Hidalgo,1700,,villa crespo,Villa Crespo,15.0,Capital Federal,-34.6013918,-58.4461189,79.0,50.0,2.0,,1,1.0,,,15189.87,Alquiler 2 AMBIENTES VILLA CRESPO PATIO y COCHERA,,,0,0,0,0,0,0,0,0,0,1,0,0,0,0,0,0,0,0,0,1,0,0
remax,864ccd41-1e09-463b-bb18-52cdcda3d078,https://www.remax.com.ar/listings/alquiler-2-ambientes-en-caballito-exc-ubicacion,2026-08-13T22:38:22+00:00,alquiler,departamento_estandar,595000.0,ARS,ARS 595000.0,110000.0,ARS,Yerbal 600,Yerbal,600,,caballito,Caballito,6.0,Capital Federal,-34.6185227,-58.4400394,25.26,25.26,2.0,,1,,,,23555.03,ALQUILER 2 AMBIENTES EN CABALLITO EXC. UBICACION,,,0,0,0,0,0,0,0,0,0,0,0,0,0,0,0,0,0,0,0,0,0,0
remax,85ee563f-b0dc-4b5b-8367-e9da84c57860,https://www.remax.com.ar/listings/2-amb-a-estrenar-amenities-torre-hub-nunez,2026-08-13T22:38:22+00:00,alquiler,departamento_estandar,1200000.0,ARS,ARS 1200000.0,390000.0,ARS,Avenida Cabildo 3700,Avenida Cabildo,3700,,nunez,Nuñez,13.0,Capital Federal,-34.548134,-58.4685617,53.84,48.0,2.0,,1,,,,22288.26,2 AMB A ESTRENAR - AMENITIES - TORRE HUB NUÑEZ,,,1,0,0,0,0,0,0,0,0,0,0,0,0,0,0,0,0,0,0,0,0,0
remax,85c0eb43-cf91-4860-b81d-893314ea66f0,https://www.remax.com.ar/listings/alquiler-ph-monoambiente-con-patio-refaccionado,2026-08-13T22:38:25+00:00,alquiler,ph,500000.0,ARS,ARS 500000.0,50000.0,ARS,Famatina 3600,Famatina,3600,,parque patricios,Parque Patricios,4.0,Capital Federal,-34.6467242,-58.413273,25.0,21.0,1.0,,1,,,,20000.0,Alquiler PH Monoambiente con patio refaccionado,,,0,0,0,0,0,0,0,0,0,0,0,0,0,0,0,1,0,0,0,1,0,0
remax,85bc8a37-c184-4790-b635-ead08d0573ba,https://www.remax.com.ar/listings/alquiler-casa-4-ambientes-patio,2026-08-13T22:38:25+00:00,alquiler,ph,1600000.0,ARS,ARS 1600000.0,0.0,ARS,Manuela Pedraza 2400,Manuela Pedraza,2400,,nunez,Nuñez,13.0,Capital Federal,-34.5517065,-58.4665509,95.0,79.0,4.0,,1,,,,16842.11,ALQUILER CASA 4 AMBIENTES PATIO,,,0,0,0,0,0,0,0,0,0,0,0,0,0,0,0,0,0,0,0,1,0,0
remax,85ae162f-26e7-4419-8a60-eab8c9d3c729,https://www.remax.com.ar/listings/dos-amb-en-recoleta-ideal-estudiantes-zona-segura,2026-08-13T22:38:25+00:00,alquiler,departamento_estandar,670000.0,ARS,ARS 670000.0,117000.0,ARS,French 2400,French,2400,,recoleta,Recoleta,2.0,Capital Federal,-34.5909789,-58.3992187,30.0,30.0,2.0,,1,,,,22333.33,"Dos amb en Recoleta,ideal estudiantes, zona segura",,,0,0,0,0,0,0,0,0,0,0,0,0,0,0,0,0,0,0,0,0,0,0
remax,85a1d9e1-1233-4e37-bad0-4349247e9781,https://www.remax.com.ar/listings/alquiler-monoambiente-dividido-con-amplio-patio,2026-08-13T22:38:25+00:00,alquiler,departamento_monoambiente,650000.0,ARS,ARS 650000.0,222600.0,ARS,Aizpurúa 3400,Aizpurúa,3400,,villa urquiza,Villa Urquiza,12.0,Capital Federal,-34.5688869,-58.5029632,48.63,30.4,1.0,,1,,,,13366.23,ALQUILER MONOAMBIENTE DIVIDIDO CON AMPLIO PATIO,,,0,0,0,0,0,0,0,0,0,0,0,0,0,0,0,0,0,0,0,1,0,0
remax,8561d206-0ad5-48e2-9ca2-924e35e24a98,https://www.remax.com.ar/listings/alquiler-oficinas-en-bloque-microcentro-171-m2,2026-08-13T22:38:25+00:00,alquiler,oficina,1600000.0,ARS,ARS 1600000.0,1630000.0,ARS,25 de Mayo 400,25 de Mayo,400,,san nicolas,San Nicolás,1.0,Capital Federal,-34.6025711,-58.3710095,171.0,171.0,,,3,,,,9356.73,ALQUILER OFICINAS EN BLOQUE –MICROCENTRO- 171 M2,,,0,0,0,0,0,0,0,0,0,0,0,0,0,0,0,0,0,0,0,0,0,0
remax,8559885d-832f-49d3-9352-56f130c3d4dd,https://www.remax.com.ar/listings/monoambiente-a-estrenar-con-balcon-y-amenities,2026-08-13T22:38:25+00:00,alquiler,departamento_monoambiente,800000.0,ARS,ARS 800000.0,206000.0,ARS,Pacheco 3100,Pacheco,3100,,villa urquiza,Villa Urquiza,12.0,Capital Federal,-34.5668744,-58.4895345,42.05,37.05,1.0,,1,,,,19024.97,Monoambiente a estrenar con balcon y amenities,,,1,0,0,0,0,0,0,0,0,0,0,0,0,1,0,0,0,0,0,0,0,0
remax,8538615d-7c26-4408-9684-a0242357e93c,https://www.remax.com.ar/listings/alquiler-dpto-2-amb-villa-del-parque-apto-prof,2026-08-13T22:38:25+00:00,alquiler,departamento_estandar,700000.0,ARS,ARS 700000.0,125000.0,ARS,Cuenca 3400,Cuenca,3400,,villa del parque,Villa del Parque,11.0,Capital Federal,-34.596753666213,-58.498163223267,35.0,35.0,2.0,,1,,,,20000.0,ALQUILER DPTO 2 AMB VILLA DEL PARQUE APTO PROF,,,0,0,0,0,0,0,0,0,0,0,0,0,0,0,0,0,0,0,0,0,0,0
remax,8525d293-4c06-49f3-a6a6-e59f0ffa175f,https://www.remax.com.ar/listings/monoambiente-recoleta-con-balcon-apto-profesiona,2026-08-13T22:38:25+00:00,alquiler,departamento_monoambiente,650000.0,ARS,ARS 650000.0,160000.0,ARS,Montevideo 900,Montevideo,900,,recoleta,Recoleta,2.0,Capital Federal,-34.5978343,-58.38958,48.75,43.14,1.0,,1,,,,13333.33,"MONOAMBIENTE RECOLETA CON BALCON , APTO PROFESIONA",,,0,0,0,0,0,0,0,0,0,0,0,0,0,1,0,0,0,0,0,0,0,0
remax,851eeb1e-81e4-451b-910d-5a4135610ea2,https://www.remax.com.ar/listings/alquiler-monoamb-cocina-indep-y-balcon-almagro,2026-08-13T22:38:29+00:00,alquiler,departamento_monoambiente,550000.0,ARS,ARS 550000.0,82000.0,ARS,Virrey Liniers 0,Virrey Liniers,0,,almagro,Almagro,5.0,Capital Federal,-34.6116708,-58.4156766,25.15,25.15,1.0,,1,,,,21868.79,"ALQUILER MONOAMB., COCINA INDEP y BALCON - ALMAGRO",,,0,0,0,0,0,0,0,0,0,0,0,0,0,1,0,0,0,0,0,0,0,0
remax,84fb5d7a-64db-4af1-abfb-815d5155299f,https://www.remax.com.ar/listings/alquiler-departamento-3-ambientes-flores,2026-08-13T22:38:29+00:00,alquiler,departamento_estandar,780000.0,ARS,ARS 780000.0,89000.0,ARS,Avenida Juan Bautista Alberdi 2300,Avenida Juan Bautista Alberdi,2300,,flores,Flores,7.0,Capital Federal,-34.629606106028,-58.461685180664,45.0,43.0,3.0,,1,,,,17333.33,ALQUILER DEPARTAMENTO 3 AMBIENTES FLORES,,,0,0,0,0,0,0,0,0,0,0,0,0,0,0,0,0,0,0,0,0,0,0
remax,84dbcb8e-7dcb-4740-9a98-64829e525451,https://www.remax.com.ar/listings/alquiler-monoambiente-balcon-villa-urquiza,2026-08-13T22:38:29+00:00,alquiler,departamento_estandar,600000.0,ARS,ARS 600000.0,120000.0,ARS,Pacheco 2800,Pacheco,2800,,villa urquiza,Villa Urquiza,12.0,Capital Federal,-34.5695993,-58.486794,33.0,30.0,1.0,,1,,,,18181.82,ALQUILER MONOAMBIENTE BALCÓN VILLA URQUIZA,,,0,0,0,0,0,0,0,0,0,0,0,0,0,1,0,0,0,0,0,0,0,0
remax,84cc8e38-5273-4e86-82b5-a589c1b69c9c,https://www.remax.com.ar/listings/alquiler-ph-monoambiente-con-patio-pb-nunez,2026-08-13T22:38:29+00:00,alquiler,ph,600000.0,ARS,ARS 600000.0,50000.0,ARS,Grecia 3400,Grecia,3400,,nunez,Nuñez,13.0,Capital Federal,-34.5475212,-58.4626964,28.0,22.0,1.0,,1,,,,21428.57,ALQUILER PH MONOAMBIENTE CON PATIO PB NUÑEZ,,,0,0,0,0,0,0,0,0,0,0,0,0,0,0,0,0,0,0,0,1,0,0
remax,84b4d810-fddf-40e8-bc22-1224c0958135,https://www.remax.com.ar/listings/2-ambientes-san-telmo,2026-08-13T22:38:29+00:00,alquiler,departamento_estandar,750000.0,ARS,ARS 750000.0,120000.0,ARS,Estados Unidos 300,Estados Unidos,300,,san telmo,San Telmo,1.0,Capital Federal,-34.6185064,-58.3707449,30.0,28.0,2.0,,1,,,,25000.0,2 Ambientes San telmo,,,0,0,0,0,0,0,0,0,0,0,0,0,0,0,0,0,0,0,0,0,0,0
remax,84960f23-0acf-4b35-a36f-194fc0b6b169,https://www.remax.com.ar/listings/alquiler-edificio-entero-multiuso-exc-ubicacion,2026-08-13T22:38:29+00:00,alquiler,edificio,22000.0,USD,USD 22000.0,,ARS,Avenida Belgrano 500,Avenida Belgrano,500,,monserrat,Monserrat,1.0,Capital Federal,-34.6127377,-58.3740119,2160.0,2074.0,,,0,,,,10.19,ALQUILER EDIFICIO ENTERO MULTIUSO EXC UBICACION,,,0,0,0,0,0,0,0,0,0,0,0,0,0,0,0,0,0,0,0,0,0,0
remax,848c6f40-51c7-4631-9842-670fd4e1a6a0,https://www.remax.com.ar/listings/departamento-en-alquiler-monoambiente,2026-08-13T22:38:29+00:00,alquiler,departamento_estandar,400000.0,ARS,ARS 400000.0,185000.0,ARS,San Luis 2900,San Luis,2900,,balvanera,Balvanera,3.0,Capital Federal,-34.5995487,-58.4067921,23.0,23.0,1.0,,1,,,,17391.3,DEPARTAMENTO EN ALQUILER MONOAMBIENTE,,,0,0,0,0,0,0,0,0,0,0,0,0,0,0,0,0,0,0,0,0,0,0
remax,84585d78-a4ee-4fdf-9c74-30383c7ada41,https://www.remax.com.ar/listings/local-en-alquiler-comercial-en-almagro,2026-08-13T22:38:29+00:00,alquiler,local,700000.0,ARS,ARS 700000.0,150000.0,ARS,Tucumán 3400,Tucumán,3400,,almagro,Almagro,5.0,Capital Federal,-34.5998664,-58.4144378,47.49,41.96,,,1,,,,14739.95,Local en Alquiler Comercial en Almagro,,,0,0,0,0,0,0,0,0,0,0,0,0,0,0,0,0,0,0,0,0,0,0
remax,843e18a8-5b76-463a-b042-d72eec4e0912,https://www.remax.com.ar/listings/oficina-alquiler-seguridad-excelente-estado-aaa,2026-08-13T22:38:32+00:00,alquiler,oficina,1750000.0,ARS,ARS 1750000.0,550000.0,ARS,Avenida Córdoba 2000,Avenida Córdoba,2000,,recoleta,Barrio Norte,2.0,Capital Federal,-34.5995934,-58.3965648,117.0,117.0,,,2,,,,14957.26,Oficina Alquiler Seguridad Excelente Estado AAA,,,0,0,0,0,0,0,0,0,0,0,0,0,0,0,0,0,0,0,0,0,0,0
remax,841a7a99-f1c1-4fd9-a7e5-8ddbf5a90670,https://www.remax.com.ar/listings/alquiler-comercial-oficina-consultorio-caballito,2026-08-13T22:38:32+00:00,alquiler,departamento_estandar,550000.0,ARS,ARS 550000.0,120000.0,ARS,Avenida José María Moreno 100,Avenida José María Moreno,100,,caballito,Caballito,6.0,Capital Federal,-34.6195317,-58.4356725,30.52,30.52,2.0,,1,,,,18020.97,ALQUILER COMERCIAL- OFICINA/CONSULTORIO- CABALLITO,,,0,0,0,0,0,0,0,0,0,0,0,0,0,0,0,0,0,0,0,0,0,0
remax,83ef20ca-26ee-4f04-b010-1d9b32f08ba9,https://www.remax.com.ar/listings/alquiler-depto-2-amb-san-nicolas,2026-08-13T22:38:32+00:00,alquiler,departamento_estandar,650000.0,ARS,ARS 650000.0,130000.0,ARS,Uruguay 300,Uruguay,300,,san nicolas,San Nicolás,1.0,Capital Federal,-34.6045899,-58.3864401,44.95,40.53,2.0,,1,,,,14460.51,Alquiler Depto. 2 amb. San Nicolás,,,0,0,0,0,0,0,0,0,0,0,0,0,0,0,0,0,0,0,0,0,0,0
remax,83ce2c1c-c5ae-4474-aa00-6d2750406110,https://www.remax.com.ar/listings/alquiler-dpto-3-amb-barrio-norte-con-balcon,2026-08-13T22:38:32+00:00,alquiler,departamento_estandar,1000000.0,ARS,ARS 1000000.0,230000.0,ARS,Agüero 1100,Agüero,1100,,recoleta,Barrio Norte,2.0,Capital Federal,-34.596594,-58.4103013,60.95,56.57,3.0,,1,,,,16406.89,Alquiler dpto. 3 amb. Barrio Norte con balcon,,,0,0,0,0,0,0,0,0,0,0,0,0,0,1,0,0,0,0,0,0,0,0
remax,83acfdd3-1f6c-4b2e-ac42-850956d0b97a,https://www.remax.com.ar/listings/alquiler-oficina-comercial-7-amb-en-san-nicolas-1,2026-08-13T22:38:36+00:00,alquiler,oficina,1400000.0,ARS,ARS 1400000.0,540000.0,ARS,Av. Rivadavia 1200,Av. Rivadavia,1200,,san nicolas,San Nicolás,1.0,Capital Federal,-34.608612944308,-58.384196217203,218.0,200.0,,,3,,,,6422.02,Alquiler oficina comercial 7 amb en San Nicolas,,,0,0,0,0,0,0,0,0,0,0,0,0,0,0,0,0,0,0,0,0,0,0
remax,8361b46e-d580-464c-adde-ec7948e6b961,https://www.remax.com.ar/listings/monoambiente-apto-profesional-alquiler-belgrano,2026-08-13T22:38:36+00:00,alquiler,departamento_monoambiente,750.0,USD,USD 750.0,167000.0,ARS,Echeverría 2000,Echeverría,2000,,belgrano,Belgrano,13.0,Capital Federal,-34.5612515,-58.452827,36.87,32.5,1.0,,1,,,,20.34,Monoambiente apto profesional alquiler Belgrano,,,0,0,0,0,0,0,0,0,1,0,0,0,0,0,0,0,0,0,0,0,0,0
remax,835e265c-d74c-4fd8-9d49-fa09cf162436,https://www.remax.com.ar/listings/alquiler-gran-oficina-microcentro-bano-y-cocina,2026-08-13T22:38:36+00:00,alquiler,oficina,350000.0,ARS,ARS 350000.0,290000.0,ARS,Sarmiento 300,Sarmiento,300,,san nicolas,San Nicolás,1.0,Capital Federal,-34.6042388,-58.3719504,70.0,70.0,,,1,,,,5000.0,ALQUILER GRAN OFICINA MICROCENTRO BAÑO Y COCINA,,,0,0,0,0,0,0,0,0,0,0,0,0,0,0,0,0,0,0,0,0,0,0
remax,831f7159-4560-4278-9d0e-7d3583e3c321,https://www.remax.com.ar/listings/alquiler-local-belgrano-av-cabildo-y-la-pampa,2026-08-13T22:38:36+00:00,alquiler,local,6400.0,USD,USD 6400.0,0.0,ARS,Av. Cabildo 1700,Av. Cabildo,1700,,belgrano,Belgrano,13.0,Capital Federal,-34.565055575617,-58.45433457392,115.0,115.0,,,1,,,,55.65,ALQUILER LOCAL BELGRANO AV. CABILDO Y LA PAMPA,,,0,0,0,0,0,0,0,0,0,0,0,0,0,0,0,0,0,0,0,0,0,0
remax,829df6fd-c7ec-4baf-96db-bf80c4b466ee,https://www.remax.com.ar/listings/alquiler-2-ambientes-canitas-balcon-luminoso-vista,2026-08-13T22:38:40+00:00,alquiler,departamento_estandar,900000.0,ARS,ARS 900000.0,159000.0,ARS,Luis Maria Campos 800,Luis Maria Campos,800,,palermo,Las Cañitas,14.0,Capital Federal,-34.568704881017,-58.437030315399,45.58,39.29,2.0,,1,,,,19745.5,ALQUILER 2 AMBIENTES CAÑITAS BALCON LUMINOSO VISTA,,,0,0,0,0,0,0,0,0,0,0,0,0,1,1,0,0,0,0,0,0,0,0
remax,828e0d83-e9a9-49a9-a75c-a526ecabdddf,https://www.remax.com.ar/listings/alquiler-departamento-2-ambientes-flores,2026-08-13T22:38:40+00:00,alquiler,departamento_estandar,655000.0,ARS,ARS 655000.0,122730.23,ARS,Fray Cayetano Rodríguez 500,Fray Cayetano Rodríguez,500,,flores,Flores,7.0,Capital Federal,-34.6233378,-58.4651021,35.17,35.17,2.0,,1,,,,18623.83,ALQUILER DEPARTAMENTO 2 AMBIENTES FLORES,,,0,0,0,0,0,0,0,0,0,0,0,0,0,0,0,0,0,0,0,0,0,0
remax,8284009e-f84d-4eea-a3ed-2378db185abe,https://www.remax.com.ar/listings/alquiler-depto-2-amb-la-galerie-san-telmo-1,2026-08-13T22:38:40+00:00,alquiler,departamento_estandar,950000.0,ARS,ARS 950000.0,220000.0,ARS,Bolívar 1600,Bolívar,1600,,barracas,Barracas,4.0,Capital Federal,-34.6274547,-58.3723872,48.0,45.0,2.0,,1,,,,19791.67,ALQUILER DEPTO 2 AMB LA GALERIE SAN TELMO,,,0,0,0,0,0,0,0,0,0,0,0,0,0,0,0,0,0,0,0,0,0,0
remax,827370e0-8433-4ff1-ae83-6e5e1906706f,https://www.remax.com.ar/listings/local-a-la-calle-en-alquiler-en-av-forest,2026-08-13T22:38:40+00:00,alquiler,local,1000000.0,ARS,ARS 1000000.0,0.0,ARS,Avenida Forest 500,Avenida Forest,500,,chacarita,Chacarita,15.0,Capital Federal,-34.585105,-58.453665,85.0,85.0,,,1,,,,11764.71,Local a la calle en alquiler en Av. Forest,,,0,0,0,0,0,0,0,0,0,0,0,0,0,0,0,0,0,0,0,0,0,0
remax,824637c6-7c33-40b8-8c4a-dbd4ccd615c4,https://www.remax.com.ar/listings/local-ph-3-amb-en-venta-en-zona-flores-comercial,2026-08-13T22:38:40+00:00,alquiler,local,1800000.0,ARS,ARS 1800000.0,0.0,ARS,Páez 3200,Páez,3200,,floresta,Floresta,10.0,Capital Federal,-34.6232166,-58.4776497,78.94,63.77,3.0,,2,,,,22802.13,LOCAL (PH) 3 AMB EN VENTA EN ZONA FLORES COMERCIAL,,,0,0,0,0,0,0,0,0,0,0,0,0,0,0,0,0,0,0,0,0,0,0
remax,821c7391-b509-4722-bfdd-7192933b62c1,https://www.remax.com.ar/listings/departamento-monoambiente-en-alquiler-en-chacarita,2026-08-13T22:38:40+00:00,alquiler,departamento_monoambiente,690000.0,ARS,ARS 690000.0,200000.0,ARS,Avenida Corrientes 6300,Avenida Corrientes,6300,,chacarita,Chacarita,15.0,Capital Federal,-34.5899637,-58.44907,30.2,26.47,1.0,,1,,,,22847.68,DEPARTAMENTO MONOAMBIENTE EN ALQUILER EN CHACARITA,,,0,0,0,0,0,0,0,0,0,0,0,0,0,0,0,0,0,0,0,0,0,0
remax,82039175-28eb-41f3-a71a-fcd7ddca6390,https://www.remax.com.ar/listings/departamento-en-alquiler-almagro-2-ambientes,2026-08-13T22:38:40+00:00,alquiler,departamento_estandar,900.0,USD,USD 900.0,0.0,ARS,Billinghurst 900,Billinghurst,900,,almagro,Almagro,5.0,Capital Federal,-34.5984315,-58.4148863,73.15,48.21,2.0,,1,,,,12.3,DEPARTAMENTO EN ALQUILER ALMAGRO 2 AMBIENTES,,,0,0,0,0,0,0,0,0,0,0,0,0,0,0,0,0,0,0,0,0,0,0
remax,81d89e9a-7f32-4f4d-8575-4351368f2090,https://www.remax.com.ar/listings/alquiler-monoambiente-recoleta-con-balcon,2026-08-13T22:38:40+00:00,alquiler,departamento_monoambiente,990000.0,ARS,ARS 990000.0,267964.0,ARS,Beruti 2300,Beruti,2300,,recoleta,Recoleta,2.0,Capital Federal,-34.59307602873,-58.40013384819,38.9,34.5,1.0,,1,,,,25449.87,ALQUILER MONOAMBIENTE RECOLETA CON BALCÓN,,,0,0,0,0,0,0,0,0,0,0,0,0,0,1,0,0,0,0,0,0,0,0
remax,81bdc7b2-b35b-41bb-b599-22cef5d7cb13,https://www.remax.com.ar/listings/alquiler-dpto-2-amb-a-una-cuadra-de-av-santa-fe,2026-08-13T22:38:43+00:00,alquiler,departamento_estandar,500.0,USD,USD 500.0,70000.0,ARS,Billinghurst 1600,Billinghurst,1600,,recoleta,Recoleta,2.0,Capital Federal,-34.5912054,-58.4107249,39.64,39.64,2.0,,1,,,,12.61,Alquiler dpto. 2 amb. a una cuadra de Av. Santa Fe,,,0,0,0,0,0,0,0,0,0,0,0,0,0,0,0,0,0,0,0,0,0,0
remax,8175906b-12d9-4862-8467-ebce5825291f,https://www.remax.com.ar/listings/alquiler-depto-3-amb-con-gran-balcon-en-flores,2026-08-13T22:38:43+00:00,alquiler,departamento_estandar,720000.0,ARS,ARS 720000.0,270000.0,ARS,Avenida Lafuente 800,Avenida Lafuente,800,,flores,Flores,7.0,Capital Federal,-34.6398946,-58.4637247,78.34,68.68,3.0,,1,,,,9190.71,ALQUILER DEPTO 3 AMB CON GRAN BALCON EN FLORES,,,0,0,0,0,0,0,0,0,0,0,0,0,0,1,0,0,0,0,0,0,0,0
remax,815c2df0-5659-4c22-9a90-ec64d1a17b38,https://www.remax.com.ar/listings/departamento-3-amb-al-fte-2-balcones-alquiler,2026-08-13T22:38:43+00:00,alquiler,departamento_estandar,1100000.0,ARS,ARS 1100000.0,348000.0,ARS,Avenida Warnes 500,Avenida Warnes,500,,villa crespo,Villa Crespo,15.0,Capital Federal,-34.6013773,-58.4443557,79.85,71.65,3.0,,1,,,,13775.83,DEPARTAMENTO 3 AMB. AL FTE 2 BALCONES ALQUILER,,,0,0,0,0,0,0,0,0,0,0,0,0,0,1,0,0,0,0,0,0,0,0
remax,81519aa7-fa08-4e08-bdc0-5f4265e2a1bf,https://www.remax.com.ar/listings/alquiler-depto-4-amb-recoleta-dep-cochera,2026-08-13T22:38:43+00:00,alquiler,departamento_estandar,1500000.0,ARS,ARS 1500000.0,550000.0,ARS,Presidente José Evaristo Uriburu 1600,Presidente José Evaristo Uriburu,1600,,recoleta,Recoleta,2.0,Capital Federal,-34.5894072,-58.39521,104.0,98.0,5.0,,2,1.0,,,14423.08,ALQUILER DEPTO 4 AMB. RECOLETA + DEP. + COCHERA,,,0,0,0,0,0,0,0,0,0,1,0,0,0,0,0,0,0,0,0,0,0,0
remax,81087a72-4a7c-46b4-8371-a9415cc33d30,https://www.remax.com.ar/listings/se-alquila-dpto-2-amb-c-cochera-puerto-madero-2,2026-08-13T22:38:43+00:00,alquiler,departamento_estandar,1100.0,USD,USD 1100.0,300000.0,ARS,Avenida Ingeniero Huergo 400,Avenida Ingeniero Huergo,400,,puerto madero,Puerto Madero,1.0,Capital Federal,-34.613025201868,-58.3672056254,47.5,45.0,2.0,,1,1.0,,,23.16,SE ALQUILA DPTO 2 AMB C/ COCHERA- PUERTO MADERO,,,0,0,0,0,0,0,0,0,0,1,0,0,0,0,0,0,0,0,0,0,0,0
remax,80cfdcc2-db2c-4594-ad56-6f0198db5888,https://www.remax.com.ar/listings/alquiler-de-local-barrio-de-parque-chas,2026-08-13T22:38:46+00:00,alquiler,local,790000.0,ARS,ARS 790000.0,0.0,ARS,General Benjamín Victorica 3000,General Benjamín Victorica,3000,,parque chas,Parque Chas,15.0,Capital Federal,-34.587179,-58.4802741,25.0,25.0,,,1,,,,31600.0,ALQUILER DE LOCAL BARRIO DE PARQUE CHAS,,,0,0,0,0,0,0,0,0,0,0,0,0,0,0,0,0,0,0,0,0,0,0
remax,808c4a78-eaba-4ccd-817b-5ceee3e7df82,https://www.remax.com.ar/listings/alquiler-depto-2-amb-apto-profesional-caballito,2026-08-13T22:38:46+00:00,alquiler,departamento_estandar,650000.0,ARS,ARS 650000.0,130000.0,ARS,San Ireneo 300,San Ireneo,300,,caballito,Caballito Sur,6.0,Capital Federal,-34.6213196,-58.4376577,30.0,30.0,2.0,,1,,,,21666.67,Alquiler depto 2 Ámb apto profesional Caballito,,,0,0,0,0,0,0,0,0,1,0,0,0,0,0,0,0,0,0,0,0,0,0
remax,8087a6ef-dd45-4e73-a9ac-042f5cca4f3e,https://www.remax.com.ar/listings/alquiler-ph-2-amb-terraza-patio,2026-08-13T22:38:46+00:00,alquiler,ph,1000.0,USD,USD 1000.0,95000.0,ARS,Jorge Luis Borges 1700,Jorge Luis Borges,1700,,palermo,Palermo Soho,14.0,Capital Federal,-34.5855632,-58.4253563,62.64,46.76,2.0,,1,,,,15.96,Alquiler Ph 2 amb + terraza + patio,,,0,0,0,0,0,0,0,0,0,0,0,0,0,1,0,0,0,0,0,1,0,0
remax,807fa499-c573-4b54-ba5c-8476f334625b,https://www.remax.com.ar/listings/alquiler-ph-3-ambientes-villa-santa-rita,2026-08-13T22:38:46+00:00,alquiler,ph,900000.0,ARS,ARS 900000.0,0.0,ARS,Alfredo R. Bufano 2400,Alfredo R. Bufano,2400,,villa del parque,Villa del Parque,11.0,Capital Federal,-34.6046235,-58.4778869,71.28,33.78,3.0,,1,,,,12626.26,ALQUILER PH 3 AMBIENTES VILLA SANTA RITA,,,0,0,0,0,0,0,0,0,0,0,0,0,0,0,0,0,0,0,0,0,0,0
remax,805a36e7-e04a-4688-b799-5e7569a32fba,https://www.remax.com.ar/listings/alquiler-local-comercial-colegiales-sobre-avenida,2026-08-13T22:38:46+00:00,alquiler,local,5000.0,USD,USD 5000.0,500000.0,ARS,Avenida Federico Lacroze 3400,Avenida Federico Lacroze,3400,,colegiales,Colegiales,13.0,Capital Federal,-34.580019,-58.4504536,237.5,237.5,,,3,,,,21.05,ALQUILER LOCAL COMERCIAL COLEGIALES SOBRE AVENIDA,,,0,0,0,0,0,0,0,0,0,0,0,0,0,0,0,0,0,0,0,0,0,0
remax,804b88d9-84eb-405c-b9d6-b7ec6da8560e,https://www.remax.com.ar/listings/monoambiente-al-frente-balcon-baulera-recoleta,2026-08-13T22:38:46+00:00,alquiler,departamento_monoambiente,630000.0,ARS,ARS 630000.0,140000.0,ARS,Agüero 2100,Agüero,2100,,recoleta,Recoleta,2.0,Capital Federal,-34.5873622,-58.4015097,25.83,23.58,1.0,,1,,,,24390.24,Monoambiente al frente-Balcón- Baulera-Recoleta,,,0,0,0,0,0,0,0,0,0,0,1,0,0,1,0,0,0,1,0,0,0,0
remax,8046c70f-590b-4a33-bddf-888998f84de0,https://www.remax.com.ar/listings/monoambiente-alquiler-chacarita-con-balcon,2026-08-13T22:38:46+00:00,alquiler,departamento_monoambiente,600000.0,ARS,ARS 600000.0,150000.0,ARS,Leiva 4300,Leiva,4300,,chacarita,Chacarita,15.0,Capital Federal,-34.593166419002,-58.451073691249,42.0,39.0,1.0,,1,,,,14285.71,MONOAMBIENTE ALQUILER CHACARITA CON BALCON,,,0,0,0,0,0,0,0,0,0,0,0,0,0,1,0,0,0,0,0,0,0,0
remax,8045b843-4b6c-42c6-ba1f-bfe459c52de1,https://www.remax.com.ar/listings/edificio-de-oficinas-impecable-villa-urquiza,2026-08-13T22:38:46+00:00,alquiler,edificio,4000.0,USD,USD 4000.0,0.0,ARS,Burela 1900,Burela,1900,,villa urquiza,Villa Urquiza,12.0,Capital Federal,-34.582131193362,-58.488593101501,550.0,550.0,,,0,,,,7.27,Edificio de Oficinas - Impecable - Villa Urquiza,,,0,0,0,0,0,0,0,0,0,0,0,0,0,0,0,0,0,0,0,0,0,0
remax,802e577b-2077-4a94-8db4-13a53a7f0925,https://www.remax.com.ar/listings/alquiler-ph-3-ambientes-parque-chacabuco,2026-08-13T22:38:50+00:00,alquiler,ph,800000.0,ARS,ARS 800000.0,0.0,ARS,Del Barco Centenera 1700,Del Barco Centenera,1700,,parque chacabuco,Parque Chacabuco,7.0,Capital Federal,-34.6392253,-58.4324156,50.0,50.0,3.0,,1,,,,16000.0,ALQUILER PH 3 AMBIENTES PARQUE CHACABUCO,,,0,0,0,0,0,0,0,0,0,0,0,0,0,0,0,0,0,0,0,0,0,0
remax,800859d4-5207-4408-82cf-7fb960ee27c1,https://www.remax.com.ar/listings/alquiler-puerto-madero,2026-08-13T22:38:50+00:00,alquiler,departamento_estandar,800.0,USD,USD 800.0,340000.0,ARS,Avenida Alicia Moreau de Justo 1800,Avenida Alicia Moreau de Justo,1800,,puerto madero,Puerto Madero,1.0,Capital Federal,-34.6202209,-58.3650911,109.0,53.0,2.0,,1,,,,7.34,Alquiler Puerto Madero,,,0,0,0,0,0,0,0,0,0,0,0,0,0,0,0,0,0,0,0,0,0,0
remax,7fc24900-e7b2-4b12-a518-f6eea6af1030,https://www.remax.com.ar/listings/departamento-dos-ambientes-amoblado,2026-08-13T22:38:50+00:00,alquiler,departamento_estandar,700000.0,ARS,ARS 700000.0,120000.0,ARS,Doctor Tomás Manuel de Anchorena 1700,Doctor Tomás Manuel de Anchorena,1700,,recoleta,Recoleta,2.0,Capital Federal,-34.5904932,-58.4019149,48.04,48.04,2.0,,1,,,,14571.19,Departamento Dos Ambientes Amoblado,,,0,0,0,0,0,0,0,0,0,0,0,0,0,0,0,0,0,0,1,0,0,0
remax,7f896c93-ad32-40f4-a384-aec296ac10e0,https://www.remax.com.ar/listings/alquiler-monoambiente-amoblado-almagro-precio-fina,2026-08-13T22:38:50+00:00,alquiler,departamento_monoambiente,900000.0,ARS,ARS 900000.0,0.0,ARS,Rocamora 4400,Rocamora,4400,,almagro,Almagro,5.0,Capital Federal,-34.5989434,-58.4268893,40.0,38.0,1.0,,1,,,,22500.0,ALQUILER MONOAMBIENTE AMOBLADO ALMAGRO PRECIO FINA,,,0,0,0,0,0,0,0,0,0,0,0,0,0,0,0,0,0,0,1,0,0,0
remax,7f63c5c6-2a76-4840-ae19-9220d06fc377,https://www.remax.com.ar/listings/alquiler-monoambiente-balvanera-ideal-estudiantes,2026-08-13T22:38:50+00:00,alquiler,departamento_monoambiente,400000.0,ARS,ARS 400000.0,144000.0,ARS,Junín 500,Junín,500,,balvanera,Balvanera,3.0,Capital Federal,-34.602784,-58.397163,24.0,24.0,1.0,,1,,,,16666.67,ALQUILER MONOAMBIENTE BALVANERA IDEAL ESTUDIANTES,,,0,0,0,0,0,0,0,0,0,0,0,0,0,0,0,0,0,0,0,0,0,0
remax,7f59e29e-e24d-4593-8dc4-12727281a699,https://www.remax.com.ar/listings/alquiler-3-amb-recoleta-gran-balcon-imperdible,2026-08-13T22:38:53+00:00,alquiler,departamento_estandar,1100000.0,ARS,ARS 1100000.0,260000.0,ARS,Marcelo Torcuato de Alvear 1900,Marcelo Torcuato de Alvear,1900,,recoleta,Recoleta,2.0,Capital Federal,-34.5973289,-58.39485,57.44,52.19,3.0,,1,,,,19150.42,"ALQUILER 3 AMB. RECOLETA GRAN BALCON, IMPERDIBLE!",,,0,0,0,0,0,0,0,0,0,0,0,0,0,1,0,0,0,0,0,0,0,0
remax,7f53895b-9f70-44cd-8173-96c48b2f8b7c,https://www.remax.com.ar/listings/alquiler-oficina-puerto-madero-planta-libre,2026-08-13T22:38:53+00:00,alquiler,oficina,6000.0,USD,USD 6000.0,,ARS,Avenida Alicia Moreau de Justo 500,Avenida Alicia Moreau de Justo,500,,puerto madero,Puerto Madero,1.0,Capital Federal,-34.6040828,-58.3668742,287.0,250.0,,,0,,,,20.91,ALQUILER OFICINA PUERTO MADERO PLANTA LIBRE,,,0,0,0,0,0,0,0,0,0,0,0,0,0,0,0,0,0,0,0,0,0,0
remax,7f0d435f-7edb-44d4-baa1-c37c8b2397e4,https://www.remax.com.ar/listings/2-ambientes-reciclado-amplio-patio-en-caballito-n,2026-08-13T22:38:53+00:00,alquiler,departamento_estandar,650000.0,ARS,ARS 650000.0,220000.0,ARS,Paysandú 1100,Paysandú,1100,,caballito,Caballito,6.0,Capital Federal,-34.6110707,-58.4538217,58.71,42.71,2.0,,1,,,,11071.37,2 ambientes reciclado amplio patio en Caballito N,,,0,0,0,0,0,0,0,0,0,0,0,0,0,0,0,1,0,0,0,1,0,0
remax,7ef20e23-2eaa-4e2a-9a2c-ffe2006d6295,https://www.remax.com.ar/listings/alquiler-dpto-2-amb-belgrano-r-sin-balcon,2026-08-13T22:38:53+00:00,alquiler,departamento_estandar,650000.0,ARS,ARS 650000.0,185000.0,ARS,Avenida de los Incas 3300,Avenida de los Incas,3300,,belgrano,Belgrano R,13.0,Capital Federal,-34.572703,-58.4611465,32.32,30.91,2.0,,1,,,,20111.39,Alquiler dpto 2 amb Belgrano R - sin balcón,,,0,0,0,0,0,0,0,0,0,0,0,0,0,1,0,0,0,0,0,0,0,0
remax,7ed19b8c-5b42-44e2-911a-9b0259765d1d,https://www.remax.com.ar/listings/alquiler-depto-3-amb-barrio-norte-zona-facultad-me,2026-08-13T22:38:53+00:00,alquiler,departamento_estandar,950000.0,ARS,ARS 950000.0,220000.0,ARS,Larrea 700,Larrea,700,,balvanera,Balvanera,3.0,Capital Federal,-34.5994596,-58.4023518,60.0,50.0,3.0,,1,,,,15833.33,ALQUILER DEPTO 3 AMB BARRIO NORTE ZONA FACULTAD ME,,,0,0,0,0,0,0,0,0,0,0,0,0,0,0,0,0,0,0,0,0,0,0
remax,7ecbe090-1850-42ea-9312-b90be010e0f9,https://www.remax.com.ar/listings/alquiler-loft-p-oficina-o-vivienda-c-terraza,2026-08-13T22:38:53+00:00,alquiler,departamento_loft,1500000.0,ARS,ARS 1500000.0,0.0,ARS,Crisólogo Larralde 3800,Crisólogo Larralde,3800,,saavedra,Saavedra,12.0,Capital Federal,-34.5559628,-58.4806707,90.0,60.0,1.0,,1,,,,16666.67,ALQUILER LOFT P/OFICINA O VIVIENDA C/TERRAZA,,,0,0,0,0,0,0,0,0,0,0,0,0,0,1,0,0,0,0,0,0,0,0
remax,7e3dd413-e2d4-49f5-950f-0523b8083311,https://www.remax.com.ar/listings/alquiler-departamento-monoambiente-dividido-balcon,2026-08-13T22:38:56+00:00,alquiler,departamento_estandar,550000.0,ARS,ARS 550000.0,140000.0,ARS,Avenida Corrientes 700,Avenida Corrientes,700,,san nicolas,San Nicolás,1.0,Capital Federal,-34.6032393,-58.3778348,30.0,27.0,2.0,,1,,,,18333.33,ALQUILER DEPARTAMENTO MONOAMBIENTE DIVIDIDO BALCON,,,0,0,0,0,0,0,0,0,0,0,0,0,0,1,0,0,0,0,0,0,0,0
remax,7e1b0629-d0e3-4766-b099-9097938fa17b,https://www.remax.com.ar/listings/balvanera-2amb-amoblado-amenities-contrafrente,2026-08-13T22:38:56+00:00,alquiler,departamento_estandar,580000.0,ARS,ARS 580000.0,230000.0,ARS,Carlos Gardel 3000,Carlos Gardel,3000,,balvanera,Balvanera,3.0,Capital Federal,-34.6035014,-58.40868,46.66,42.36,2.0,,1,,,,12430.35,BALVANERA 2AMB.AMOBLADO AMENITIES CONTRAFRENTE,,,1,0,0,0,0,0,0,0,0,0,0,0,0,0,0,0,0,1,1,0,0,0
remax,7e08a151-aef1-49c1-9d7c-9c7f35b3d046,https://www.remax.com.ar/listings/alquiler-monoambiente-con-balcon-san-cristobal-2,2026-08-13T22:38:59+00:00,alquiler,departamento_estandar,550000.0,ARS,ARS 550000.0,120000.0,ARS,Avenida San Juan 3100,Avenida San Juan,3100,,san cristobal,San Cristobal,3.0,Capital Federal,-34.6245468,-58.4099591,38.0,34.0,1.0,,1,,,,14473.68,ALQUILER Monoambiente con balcon San Cristobal,,,0,0,0,0,0,0,0,0,0,0,0,0,0,1,0,0,0,0,0,0,0,0
remax,7df44463-b8ed-43f4-93f1-8bd41dc1bf8a,https://www.remax.com.ar/listings/departamento-dos-amb-amoblado-con-balcon-al-fte,2026-08-13T22:38:59+00:00,alquiler,departamento_estandar,700000.0,ARS,ARS 700000.0,106000.0,ARS,Tres Arroyos 800,Tres Arroyos,800,,villa crespo,Villa Crespo,15.0,Capital Federal,-34.6050517,-58.4528532,49.0,45.0,2.0,,1,,,,14285.71,DEPARTAMENTO DOS AMB AMOBLADO CON BALCÓN AL FTE,,,0,0,0,0,0,0,0,0,0,0,0,0,0,1,0,0,0,0,1,0,0,0
remax,7de99b42-825c-4f84-ae30-14dd49d35938,https://www.remax.com.ar/listings/alquiler-monoambiente-con-balcon-belgrano-1,2026-08-13T22:38:59+00:00,alquiler,departamento_estandar,650000.0,ARS,ARS 650000.0,120000.0,ARS,Monroe 2500,Monroe,2500,,belgrano,Belgrano,13.0,Capital Federal,-34.5589444,-58.4612457,28.476,21.376,1.0,,1,,,,22826.24,ALQUILER MONOAMBIENTE CON BALCÓN - BELGRANO,,,0,0,0,0,0,0,0,0,0,0,0,0,0,1,0,0,0,0,0,0,0,0
remax,7de4a431-2b16-4a3a-ada9-b8c10af6648a,https://www.remax.com.ar/listings/alquiler-depto-3-amb-cochera-belgrano,2026-08-13T22:38:59+00:00,alquiler,departamento_estandar,900.0,USD,USD 900.0,360000.0,ARS,Franklin Delano Roosevelt 2600,Franklin Delano Roosevelt,2600,,belgrano,Belgrano,13.0,Capital Federal,-34.5587446,-58.4628937,75.27,64.47,3.0,,2,1.0,,,11.96,Alquiler Depto 3 Amb Cochera Belgrano,,,0,0,0,0,0,0,0,0,0,1,0,0,0,0,0,0,0,0,0,0,0,0
remax,7d9def22-1eef-45c3-bc29-1bf21b2737bf,https://www.remax.com.ar/listings/alquiler-taller-automotor-equipado-con-3-fosas,2026-08-13T22:38:59+00:00,alquiler,local,2350.0,USD,USD 2350.0,0.0,ARS,Darwin 200,Darwin,200,,villa crespo,Villa Crespo,15.0,Capital Federal,-34.5968785,-58.449105,260.0,260.0,,,1,,,,9.04,Alquiler Taller Automotor Equipado con 3 fosas,,,0,0,0,0,0,0,0,0,0,0,0,0,0,0,0,0,0,0,1,0,0,0
remax,7d887e05-a31e-4866-a722-272d314405b5,https://www.remax.com.ar/listings/alquiler-departamento-2-ambientes-en-palermo-3,2026-08-13T22:38:59+00:00,alquiler,departamento_estandar,1200000.0,ARS,ARS 1200000.0,300000.0,ARS,Gascón 1500,Gascón,1500,,palermo,Palermo,14.0,Capital Federal,-34.5920823,-58.4227948,52.54,46.73,2.0,,1,,,,22839.74,ALQUILER DEPARTAMENTO 2 AMBIENTES EN PALERMO,,,0,0,0,0,0,0,0,0,0,0,0,0,0,0,0,0,0,0,0,0,0,0
remax,7d86a452-778d-4bf5-babd-565574ed2742,https://www.remax.com.ar/listings/alquiler-local-a-la-calle-exc-ubicacion,2026-08-13T22:38:59+00:00,alquiler,local,750000.0,ARS,ARS 750000.0,81000.0,ARS,Avenida Olazábal 3000,Avenida Olazábal,3000,,belgrano,Belgrano,13.0,Capital Federal,-34.563603,-58.4645838,22.45,22.45,,,1,,,,33407.57,Alquiler Local a la calle exc ubicacion,,,0,0,0,0,0,0,0,0,0,0,0,0,0,0,0,0,0,0,0,0,0,0
remax,7d7eeaef-0643-4650-8594-d3810bfbff30,https://www.remax.com.ar/listings/venta-monoambiente-c-balcon-super-luminoso-1,2026-08-13T22:38:59+00:00,alquiler,departamento_monoambiente,720000.0,ARS,ARS 720000.0,115000.0,ARS,Avenida Caseros 2800,Avenida Caseros,2800,,parque patricios,Parque Patricios,4.0,Capital Federal,-34.636614964768,-58.403392195996,35.88,32.53,1.0,,1,,,,20066.89,VENTA MONOAMBIENTE C/BALCON SUPER LUMINOSO!,,,0,0,0,0,0,0,0,0,0,0,0,0,1,1,0,0,0,0,0,0,0,0
remax,7d087923-80c0-4176-bae9-e4707b47514b,https://www.remax.com.ar/listings/alquiler-en-recoleta-dep-to-dos-ambientes-lavadero,2026-08-13T22:38:59+00:00,alquiler,departamento_estandar,500.0,USD,USD 500.0,165000.0,ARS,Paraná 800,Paraná,800,,recoleta,Recoleta,2.0,Capital Federal,-34.5989279,-58.3882552,44.77,43.51,2.0,,1,,,,11.17,Alquiler en Recoleta Dep.to Dos Ambientes/Lavadero,,,0,0,0,0,0,0,0,0,0,0,0,0,0,0,0,0,0,0,0,0,0,0
remax,7cd34647-32ec-4b99-a653-dd99b9e403a9,https://www.remax.com.ar/listings/alquiler-dpto-3-ambientes-con-balcon-caballito,2026-08-13T22:39:04+00:00,alquiler,departamento_estandar,1150000.0,ARS,ARS 1150000.0,254000.0,ARS,Avenida Díaz Vélez 4600,Avenida Díaz Vélez,4600,,caballito,Caballito,6.0,Capital Federal,-34.6088146,-58.4318835,61.53,59.07,3.0,,1,,,,18690.07,ALQUILER DPTO 3 AMBIENTES CON BALCON. CABALLITO.,,,0,0,0,0,0,0,0,0,0,0,0,0,0,1,0,0,0,0,0,0,0,0
remax,7cc51588-e28f-4978-9c05-439e1eb64c7e,https://www.remax.com.ar/listings/alquile-4-ambientes-con-lavadero-y-jardin,2026-08-13T22:39:04+00:00,alquiler,departamento_estandar,1200000.0,ARS,ARS 1200000.0,315000.0,ARS,Curuzu Cutia 2400,Curuzu Cutia,2400,,villa real,Villa Real,10.0,Capital Federal,,,72.0,66.0,4.0,,1,,,,16666.67,Alquile 4 ambientes con lavadero y jardin,,,0,0,0,0,0,0,0,0,0,0,0,0,0,0,0,0,0,0,0,1,0,0
remax,7c8cf1b1-6010-4ede-8e18-e52bacdebd54,https://www.remax.com.ar/listings/alquiler-monoambiente-full-amenities-en-los-arcos,2026-08-13T22:39:04+00:00,alquiler,departamento_monoambiente,980000.0,ARS,ARS 980000.0,105000.0,ARS,Avenida Juan Bautista Justo 800,Avenida Juan Bautista Justo,800,,palermo,Palermo,14.0,Capital Federal,-34.5801168,-58.428489,44.0,37.0,1.0,,1,,,,22272.73,ALQUILER MONOAMBIENTE FULL AMENITIES EN LOS ARCOS,,,1,0,0,0,0,0,0,0,0,0,0,0,0,0,0,0,0,0,0,0,0,0
remax,7c412234-0b28-45cd-b9d0-be499a7ddc9d,https://www.remax.com.ar/listings/alquiler-palermo-amplio-mono-en-l-sol-luz-balcon,2026-08-13T22:39:04+00:00,alquiler,departamento_monoambiente,900000.0,ARS,ARS 900000.0,226000.0,ARS,Coronel Niceto Vega 5600,Coronel Niceto Vega,5600,,palermo,Palermo,14.0,Capital Federal,-34.5862186,-58.4402852,41.94,35.8,1.0,,1,,,,21459.23,Alquiler Palermo amplio Mono en L sol luz balcón,,,0,0,0,0,0,0,0,0,0,0,0,0,0,1,0,0,0,0,0,0,0,0
remax,7bfb5a1f-ec48-4046-bd1c-f93f06d8fe4b,https://www.remax.com.ar/listings/depto-monoambiente-alquiler-almagro-c-amenities,2026-08-13T22:39:07+00:00,alquiler,departamento_monoambiente,600000.0,ARS,ARS 600000.0,220000.0,ARS,Humahuaca 3400,Humahuaca,3400,,almagro,Almagro,5.0,Capital Federal,-34.6029154,-58.4136127,31.89,29.11,1.0,,1,,,,18814.68,DEPTO MONOAMBIENTE ALQUILER ALMAGRO C/ AMENITIES,,,1,0,0,0,0,0,0,0,0,0,0,0,0,0,0,0,0,0,0,0,0,0
remax,7bfb3a92-f776-4109-b4ff-caf1cf8d627e,https://www.remax.com.ar/listings/alquiler-de-departamento-2-ambientes-excelente,2026-08-13T22:39:07+00:00,alquiler,departamento_estandar,650000.0,ARS,ARS 650000.0,97000.0,ARS,Bartolomé Mitre 2600,Bartolomé Mitre,2600,,balvanera,Balvanera,3.0,Capital Federal,-34.6086469,-58.403872,39.97,39.97,2.0,,1,,,,16262.2,ALQUILER de DEPARTAMENTO 2 AMBIENTES EXCELENTE!!!,,,0,0,0,0,0,0,0,0,0,0,0,0,0,0,0,0,0,0,0,0,0,0
remax,7bf47c7b-5aae-4a1a-8364-c9f956d0754f,https://www.remax.com.ar/listings/alquiler-monoambiente-divisible-a-estrenar-palermo,2026-08-13T22:39:07+00:00,alquiler,departamento_monoambiente,800.0,USD,USD 800.0,130000.0,ARS,Soler 4600,Soler,4600,,palermo,Palermo,14.0,Capital Federal,-34.5871569,-58.4250016,51.0,43.0,1.0,,1,,,,15.69,ALQUILER MONOAMBIENTE DIVISIBLE A ESTRENAR PALERMO,,,0,0,0,0,0,0,0,0,0,0,0,0,0,0,0,0,0,0,0,0,0,0
remax,7be47ab4-98ec-42b7-9dbd-8d1499a11e8f,https://www.remax.com.ar/listings/alquiler-mono-dividido-apto-profesional-en-palermo,2026-08-13T22:39:07+00:00,alquiler,departamento_estandar,670000.0,ARS,ARS 670000.0,100000.0,ARS,Avenida Medrano 1900,Avenida Medrano,1900,,palermo,Palermo,14.0,Capital Federal,-34.5890183,-58.4163376,33.94,30.39,2.0,,1,,,,19740.72,ALQUILER MONO DIVIDIDO APTO PROFESIONAL EN PALERMO,,,0,0,0,0,0,0,0,0,1,0,0,0,0,0,0,0,0,0,0,0,0,0
remax,7bd6b1fe-1d04-4ed7-b70e-b5ba750bed7c,https://www.remax.com.ar/listings/alquiler-2-amb-apto-profesional-caballito,2026-08-13T22:39:07+00:00,alquiler,departamento_estandar,750000.0,ARS,ARS 750000.0,70000.0,ARS,Avenida Ángel Gallardo 900,Avenida Ángel Gallardo,900,,caballito,Caballito,6.0,Capital Federal,-34.606985,-58.4436757,31.25,31.25,2.0,,1,,,,24000.0,"Alquiler 2 amb, apto profesional caballito",,,0,0,0,0,0,0,0,0,1,0,0,0,0,0,0,0,0,0,0,0,0,0
remax,7bada359-6ff4-4bf2-a0b4-d0de46df3c9a,https://www.remax.com.ar/listings/3-ambientes-con-cochera-y-amenities,2026-08-13T22:39:07+00:00,alquiler,departamento_estandar,1400000.0,ARS,ARS 1400000.0,300000.0,ARS,Manuel Ugarte 3800,Manuel Ugarte,3800,,coghlan,Coghlan,12.0,Capital Federal,-34.5639244,-58.4760063,75.0,70.0,2.0,,2,1.0,,,18666.67,3 AMBIENTES CON COCHERA Y AMENITIES,,,1,0,0,0,0,0,0,0,0,1,0,0,0,0,0,0,0,0,0,0,0,0
remax,7b6e449f-5316-4c49-96ed-2bd52230551f,https://www.remax.com.ar/listings/alquiler-local-comercial-en-flores,2026-08-13T22:39:07+00:00,alquiler,local,980000.0,ARS,ARS 980000.0,100000.0,ARS,Pedernera 200,Pedernera,200,,flores,Flores,7.0,Capital Federal,-34.6323414,-58.4626845,75.33,75.33,,,1,,,,13009.43,ALQUILER LOCAL COMERCIAL EN FLORES,,,0,0,0,0,0,0,0,0,0,0,0,0,0,0,0,0,0,0,0,0,0,0
remax,7b506fce-659d-4d79-9687-6140178c6741,https://www.remax.com.ar/listings/alquiler-cochera-uruguay-y-av-corr-todo-incl,2026-08-13T22:39:10+00:00,alquiler,cochera,200000.0,ARS,ARS 200000.0,0.0,ARS,Uruguay 300,Uruguay,300,,san nicolas,San Nicolás,1.0,Capital Federal,-34.6042719,-58.3866258,12.64,12.64,,,0,1.0,,,15822.78,Alquiler COCHERA Uruguay y Av.CORR/ TODO INCL,,,0,0,0,0,0,0,0,0,0,1,0,0,0,0,0,0,0,0,0,0,0,0
remax,7b343f77-f95e-4e97-a202-f4ec4de4815e,https://www.remax.com.ar/listings/alquiler-ph-3-amb-patio-y-cochera-en-villa-parque,2026-08-13T22:39:10+00:00,alquiler,ph,1250000.0,ARS,ARS 1250000.0,0.0,ARS,Empedrado 2600,Empedrado,2600,,villa del parque,Villa del Parque,11.0,Capital Federal,-34.6031438,-58.4830168,112.0,86.0,3.0,,2,1.0,,,11160.71,Alquiler PH 3 amb patio y cochera en Villa Parque,,,0,0,0,0,0,0,0,0,0,1,0,0,0,0,0,0,0,0,0,1,0,0
remax,7b2cb99d-c16c-4b12-8616-fa7b1f5d1b7e,https://www.remax.com.ar/listings/alquiler-dpto-2-ambientes-con-balcon-colegiales,2026-08-13T22:39:10+00:00,alquiler,departamento_estandar,850000.0,ARS,ARS 850000.0,170000.0,ARS,Maure 3300,Maure,3300,,colegiales,Colegiales,13.0,Capital Federal,-34.5800331,-58.4486081,42.0,40.0,2.0,,1,,,,20238.1,ALQUILER DPTO 2 AMBIENTES CON BALCON COLEGIALES,,,0,0,0,0,0,0,0,0,0,0,0,0,0,1,0,0,0,0,0,0,0,0
remax,7b018a54-0f51-4388-802d-47fcc02107ab,https://www.remax.com.ar/listings/alquiler-departamento-villa-gral-mitre-2-ambientes,2026-08-13T22:39:10+00:00,alquiler,departamento_estandar,600000.0,ARS,ARS 600000.0,70000.0,ARS,Sánchez 2200,Sánchez,2200,,villa gral. mitre,Villa General Mitre,11.0,Capital Federal,-34.6032977,-58.4685604,33.39,31.08,2.0,,1,,,,17969.45,ALQUILER DEPARTAMENTO VILLA GRAL MITRE 2 AMBIENTES,,,0,0,0,0,0,0,0,0,0,0,0,0,0,0,0,0,0,0,0,0,0,0
remax,7b0051f8-41bd-4031-9011-4cb3d59a963f,https://www.remax.com.ar/listings/alquiler-4-ambientes-almagro-balcon-al-frente,2026-08-13T22:39:10+00:00,alquiler,departamento_estandar,1400000.0,ARS,ARS 1400000.0,290000.0,ARS,Jerónimo Salguero 500,Jerónimo Salguero,500,,almagro,Almagro,5.0,Capital Federal,-34.6046849,-58.4196054,100.0,90.0,4.0,,1,,,,14000.0,ALQUILER 4 AMBIENTES ALMAGRO BALCON AL FRENTE,,,0,0,0,0,0,0,0,0,0,0,0,0,0,1,0,0,0,1,0,0,0,0
remax,7aeb06ff-314e-491c-a488-f87ff5975662,https://www.remax.com.ar/listings/alquiler-2-ambientes-nunez-con-cochera-y-balcon-1,2026-08-13T22:39:10+00:00,alquiler,departamento_estandar,1250000.0,ARS,ARS 1250000.0,325602.0,ARS,Amenábar 3000,Amenábar,3000,,nunez,Nuñez,13.0,Capital Federal,-34.5547098,-58.4657666,55.0,50.0,2.0,,1,1.0,,,22727.27,Alquiler 2 Ambientes Nuñez con cochera y balcón,,,0,0,0,0,0,0,0,0,0,1,0,0,0,1,0,0,0,0,0,0,0,0
remax,7a97a69a-1892-40fa-bfea-72ad8e1a7627,https://www.remax.com.ar/listings/se-alquila-dpto-2-amb-c-cochera-puerto-madero-3,2026-08-13T22:39:10+00:00,alquiler,departamento_estandar,1800000.0,ARS,ARS 1800000.0,300000.0,ARS,Avenida Ingeniero Huergo 400,Avenida Ingeniero Huergo,400,,puerto madero,Puerto Madero,1.0,Capital Federal,-34.613025201868,-58.3672056254,47.5,45.0,2.0,,1,1.0,,,37894.74,SE ALQUILA DPTO 2 AMB C/ COCHERA- PUERTO MADERO,,,0,0,0,0,0,0,0,0,0,1,0,0,0,0,0,0,0,0,0,0,0,0
remax,7a8cd81e-481f-4ae1-8188-8ba4af2a91f1,https://www.remax.com.ar/listings/departamento-monoambiente-en-alquiler-palermo-soho,2026-08-13T22:39:10+00:00,alquiler,departamento_monoambiente,500000.0,ARS,ARS 500000.0,160000.0,ARS,Santa Rosa 5000,Santa Rosa,5000,,palermo,Palermo Soho,14.0,Capital Federal,-34.587296272629,-58.431000710843,21.21,21.21,1.0,,1,,,,23573.79,Departamento Monoambiente en Alquiler Palermo Soho,,,0,0,0,0,0,0,0,0,0,0,0,0,0,0,0,0,0,0,0,0,0,0
remax,7a7fedc2-643a-49f3-a1d1-a7f8c878d99a,https://www.remax.com.ar/listings/alquiler-temporario-3-ambientes-en-recoleta,2026-08-13T22:39:10+00:00,alquiler,departamento_estandar,1000.0,USD,USD 1000.0,400000.0,ARS,Riobamba 900,Riobamba,900,,recoleta,Recoleta,2.0,Capital Federal,-34.597959998477,-58.394372463226,79.0,75.0,3.0,,1,,,,12.66,Alquiler Temporario 3 ambientes en recoleta,,,0,0,0,0,0,0,0,0,0,0,0,0,0,0,0,0,0,0,0,0,0,0
remax,7a53e56c-841d-44cf-9b10-a33b89da0821,https://www.remax.com.ar/listings/alquiler-multiespacio-oficinas-excelente-ubicacion-4,2026-08-13T22:39:13+00:00,alquiler,oficina,125000.0,ARS,ARS 125000.0,72200.0,ARS,Avenida Callao 400,Avenida Callao,400,,balvanera,Balvanera,3.0,Capital Federal,-34.6035032,-58.3925224,2000.0,2000.0,,,0,,,,62.5,ALQUILER MULTIESPACIO OFICINAS EXCELENTE UBICACION,,,0,0,0,0,0,0,0,0,0,0,0,0,0,0,0,0,0,0,0,0,0,0
remax,7a4c4ec8-7794-4b71-a342-c3e654ad5878,https://www.remax.com.ar/listings/alquiler-3-ambientes-con-patio-villa-lugano,2026-08-13T22:39:13+00:00,alquiler,ph,950000.0,ARS,ARS 950000.0,0.0,ARS,José Ignacio Rucci 4300,José Ignacio Rucci,4300,,villa lugano,Villa Lugano,8.0,Capital Federal,-34.6803801,-58.4759634,61.0,45.0,3.0,,1,,,,15573.77,ALQUILER 3 AMBIENTES CON PATIO VILLA LUGANO,,,0,0,0,0,0,0,0,0,0,0,0,0,0,0,0,0,0,0,0,1,0,0
remax,79c5419a-c9cf-4dca-88f5-2614a233887b,https://www.remax.com.ar/listings/alquiler-recoleta-4-ambientes-y-dependencia,2026-08-13T22:39:13+00:00,alquiler,departamento_estandar,1500000.0,ARS,ARS 1500000.0,600000.0,ARS,Juncal 2200,Juncal,2200,,recoleta,Recoleta,2.0,Capital Federal,-34.5925238,-58.3989084,110.0,110.0,4.0,,1,,,,13636.36,Alquiler - Recoleta - 4 ambientes y dependencia,,,0,0,0,0,0,0,0,0,0,0,0,0,0,0,0,0,0,0,0,0,0,0
remax,79b127de-ea4d-42be-b461-9fdf2808ad7d,https://www.remax.com.ar/listings/alquiler-local-comercial-en-tribunales,2026-08-13T22:39:13+00:00,alquiler,local,5500.0,USD,USD 5500.0,,ARS,Talcahuano 900,Talcahuano,900,,retiro,Retiro,1.0,Capital Federal,-34.5973283,-58.3855,893.0,893.0,,,5,,,,6.16,ALQUILER LOCAL COMERCIAL en TRIBUNALES,,,0,0,0,0,0,0,0,0,0,0,0,0,0,0,0,0,0,0,0,0,0,0
remax,79815e7b-fe41-41f5-af29-fd23526dccef,https://www.remax.com.ar/listings/alq-dpto-2-amb-palermo-chico-loft-a-profesional,2026-08-13T22:39:15+00:00,alquiler,departamento_duplex,1200000.0,ARS,ARS 1200000.0,200000.0,ARS,Calle Monseñor Vicente Zazpe 3100,Calle Monseñor Vicente Zazpe,3100,,palermo,Palermo Chico,14.0,Capital Federal,-34.580737239882,-58.409660152378,49.0,48.0,2.0,,1,,,,24489.8,ALQ DPTO 2 AMB PALERMO CHICO LOFT A. PROFESIONAL,,,0,0,0,0,0,0,0,0,0,0,0,0,0,0,0,0,0,0,0,0,0,0
remax,795d1a6e-eb0f-4769-b537-542562bc8475,https://www.remax.com.ar/listings/alquiler-departamento-3-amb-c-cochera-caballito,2026-08-13T22:39:15+00:00,alquiler,departamento_estandar,1400000.0,ARS,ARS 1400000.0,280000.0,ARS,Felipe Vallese 400,Felipe Vallese,400,,caballito,Caballito,6.0,Capital Federal,-34.6111374,-58.4397713,63.5,60.0,3.0,,1,1.0,,,22047.24,Alquiler departamento 3 Amb. c/Cochera – Caballito,,,0,0,0,0,0,0,0,0,0,1,0,0,0,0,0,0,0,0,0,0,0,0
remax,79504762-e0e8-4f0a-8c84-4206f2acfdd1,https://www.remax.com.ar/listings/3-ambientes-belgrano-r-amenities,2026-08-13T22:39:15+00:00,alquiler,departamento_estandar,1800000.0,ARS,ARS 1800000.0,350000.0,ARS,Avenida Doctor Ricardo Balbín 2300,Avenida Doctor Ricardo Balbín,2300,,belgrano,Belgrano R,13.0,Capital Federal,-34.5634198,-58.4640805,88.0,76.0,3.0,,2,,,,20454.55,3 ambientes Belgrano R amenities,,,1,0,0,0,0,0,0,0,0,0,0,0,0,0,0,0,0,0,0,0,0,0
remax,79330fdb-22d6-4ae9-88dc-74eed40c7847,https://www.remax.com.ar/listings/departamento-2-ambientes-balcon-y-2-cocheras-nunez,2026-08-13T22:39:15+00:00,alquiler,departamento_duplex,1200000.0,ARS,ARS 1200000.0,296000.0,ARS,11 de Septiembre de 1888 3600,11 de Septiembre de 1888,3600,,nunez,Nuñez,13.0,Capital Federal,-34.5450628,-58.4616641,61.0,61.0,2.0,,1,1.0,,,19672.13,Departamento 2 ambientes balcon y 2 cocheras Nuñez,,,0,0,0,0,0,0,0,0,0,1,0,0,0,1,0,0,0,0,0,0,0,0
remax,79293e87-0b95-4758-b6a9-313495f386b8,https://www.remax.com.ar/listings/monoambiente-refaccionado-en-las-canitas,2026-08-13T22:39:15+00:00,alquiler,departamento_estandar,550000.0,ARS,ARS 550000.0,135000.0,ARS,Avenida General Indalecio Chenaut 1900,Avenida General Indalecio Chenaut,1900,,palermo,Las Cañitas,14.0,Capital Federal,-34.5723127,-58.4327408,25.0,25.0,1.0,,1,,,,22000.0,Monoambiente Refaccionado en Las Cañitas,,,0,0,0,0,0,0,0,0,0,0,0,0,0,0,0,1,0,0,0,0,0,0
remax,7919f1d3-30f5-412c-ba0d-5fc0979ea25f,https://www.remax.com.ar/listings/alquiler-ph-3-ambientes-caballito,2026-08-13T22:39:15+00:00,alquiler,ph,900.0,USD,USD 900.0,0.0,ARS,Valle 500,Valle,500,,caballito,Caballito,6.0,Capital Federal,-34.6245684,-58.4350173,72.49,70.49,3.0,,1,,,,12.42,alquiler ph 3 ambientes caballito,,,0,0,0,0,0,0,0,0,0,0,0,0,0,0,0,0,0,0,0,0,0,0
remax,790d43e9-a501-4bc7-893e-39f8ebc07295,https://www.remax.com.ar/listings/alquiler-1-ambiente-con-amenities-sin-ajustes,2026-08-13T22:39:15+00:00,alquiler,departamento_estandar,550.0,USD,USD 550.0,128000.0,ARS,Gallo 900,Gallo,900,,almagro,Almagro,5.0,Capital Federal,-34.5990031,-58.4119801,35.0,35.0,1.0,,1,,,,15.71,Alquiler 1 ambiente con amenities sin ajustes,,,1,0,0,0,0,0,0,0,0,0,0,0,0,0,0,0,0,0,0,0,0,0
remax,790a5bea-50f6-428a-82b7-0f5bc1e7f7e4,https://www.remax.com.ar/listings/alquiler-monoambiente-en-san-cristobal,2026-08-13T22:39:15+00:00,alquiler,departamento_estandar,590000.0,ARS,ARS 590000.0,127000.0,ARS,Avenida Independencia 2700,Avenida Independencia,2700,,san cristobal,San Cristobal,3.0,Capital Federal,-34.6190891,-58.4037999,34.0,30.0,1.0,,1,,,,17352.94,ALQUILER MONOAMBIENTE EN SAN CRISTOBAL,,,0,0,0,0,0,0,0,0,0,0,0,0,0,0,0,0,0,0,0,0,0,0
remax,78f7fd56-e24e-4f56-a7c9-56ca55523212,https://www.remax.com.ar/listings/alquiler-monoambiente-divisible-en-palerm,2026-08-13T22:39:15+00:00,alquiler,departamento_estandar,650000.0,USD,USD 650000.0,130000.0,ARS,Avenida Córdoba 4800,Avenida Córdoba,4800,,palermo,Palermo,14.0,Capital Federal,-34.5921125,-58.4328614,694.0,30.0,1.0,,1,,,,936.6,Alquiler Monoambiente divisible en Palerm,,,0,0,0,0,0,0,0,0,0,0,0,0,0,0,0,0,0,0,0,0,0,0
remax,78d5fa0c-9305-4ab4-befe-bdb89ca70b4b,https://www.remax.com.ar/listings/alquiler-dpto-2-ambientes-en-duplex-caballito,2026-08-13T22:39:15+00:00,alquiler,departamento_duplex,900000.0,ARS,ARS 900000.0,190000.0,ARS,Avenida Avellaneda 1000,Avenida Avellaneda,1000,,caballito,Caballito,6.0,Capital Federal,-34.6170561,-58.4452577,70.0,50.0,2.0,,1,,,,12857.14,Alquiler dpto 2 ambientes en dúplex caballito,,,0,0,0,0,0,0,0,0,0,0,0,0,0,0,0,0,0,0,0,0,0,0
remax,78a13a05-69ce-4991-aef9-e12322fe37de,https://www.remax.com.ar/listings/alquiler-de-departamento-2-ambientes-villa-urquiza,2026-08-13T22:39:19+00:00,alquiler,departamento_estandar,750000.0,ARS,ARS 750000.0,250000.0,ARS,Arismendi 2400,Arismendi,2400,,parque chas,Parque Chas,15.0,Capital Federal,-34.5825029,-58.4737028,40.5,38.0,2.0,,1,,,,18518.52,Alquiler de departamento 2 ambientes Villa Urquiza,,,0,0,0,0,0,0,0,0,0,0,0,0,0,0,0,0,0,0,0,0,0,0
remax,789bb770-c1ee-4b25-a7a9-b7be59eaf3dd,https://www.remax.com.ar/listings/oficina-consultorio-alquiler-2-amb-balcon,2026-08-13T22:39:19+00:00,alquiler,oficina,580000.0,ARS,ARS 580000.0,185000.0,ARS,Avenida Rivadavia 10500,Avenida Rivadavia,10500,,villa luro,Villa Luro,10.0,Capital Federal,-34.6391204,-58.5121886,32.19,27.97,2.0,,1,,,,18018.02,OFICINA CONSULTORIO ALQUILER 2 AMB BALCON,,,0,0,0,0,0,0,0,0,0,0,0,0,0,1,0,0,0,0,0,0,0,0
remax,78747b05-f704-4800-b381-1e7b5ec2fd20,https://www.remax.com.ar/listings/barrio-ingles-casa-estilo-alq-com-prof-256-m2,2026-08-13T22:39:19+00:00,alquiler,casa,3200000.0,ARS,ARS 3200000.0,0.0,ARS,Hualfin 1000,Hualfin,1000,,caballito,Caballito Sur,6.0,Capital Federal,-34.623461488932,-58.442587852478,256.0,143.1,5.0,,2,,,,12500.0,"BARRIO INGLES, CASA ESTILO, ALQ.COM/PROF. 256 M2 .",,,0,0,0,0,0,0,0,0,0,0,0,0,0,0,0,0,0,0,0,0,0,0
remax,786aaa40-381c-4821-bc78-febfd843581b,https://www.remax.com.ar/listings/alquiler-monoambiente-lateral-en-caballito,2026-08-13T22:39:19+00:00,alquiler,departamento_estandar,450000.0,ARS,ARS 450000.0,99000.0,ARS,Av Directorio 800,Av Directorio,800,,caballito,Caballito,6.0,Capital Federal,-34.628440782581,-58.439025878906,26.0,26.0,1.0,,1,,,,17307.69,ALQUILER MONOAMBIENTE LATERAL EN CABALLITO,,,0,0,0,0,0,0,0,0,0,0,0,0,0,0,0,0,0,0,0,0,0,0
remax,78456fcc-77df-4bfc-9767-0d11bef1470f,https://www.remax.com.ar/listings/loft-residencial-apto-profesional-comercial,2026-08-13T22:39:19+00:00,alquiler,departamento_loft,1800000.0,ARS,ARS 1800000.0,360000.0,ARS,Avenida Regimiento de Patricios 100,Avenida Regimiento de Patricios,100,,la boca,La Boca,4.0,Capital Federal,-34.6315127,-58.3703175,106.66,102.52,1.0,,2,,,,16876.05,Loft Residencial Apto Profesional / Comercial,,,0,0,0,0,0,0,0,0,1,0,0,0,0,0,0,0,0,0,0,0,0,0
remax,781873ba-b50e-478b-a780-941295998dec,https://www.remax.com.ar/listings/local-5-ambientes-alquiler-san-cristobal-1-planta,2026-08-13T22:39:19+00:00,alquiler,local,790000.0,ARS,ARS 790000.0,100000.0,ARS,Humberto Primo 1800,Humberto Primo,1800,,san cristobal,San Cristobal,3.0,Capital Federal,-34.621260715833,-58.392724092333,162.0,158.0,,,2,,,,4876.54,LOCAL 5 AMBIENTES ALQUILER SAN CRISTOBAL 1 PLANTA,,,0,0,0,0,0,0,0,0,0,0,0,0,0,0,0,0,0,0,0,0,0,0
remax,780ee24c-a802-46c8-876e-c983d475ecf3,https://www.remax.com.ar/listings/alquiler-monoambiente-con-patio-almagro,2026-08-13T22:39:19+00:00,alquiler,departamento_estandar,600000.0,ARS,ARS 600000.0,90000.0,ARS,Avenida Estado de Israel 4400,Avenida Estado de Israel,4400,,almagro,Almagro,5.0,Capital Federal,-34.5987294,-58.4283292,37.0,35.0,1.0,,1,,,,16216.22,ALQUILER MONOAMBIENTE CON PATIO ALMAGRO,,,0,0,0,0,0,0,0,0,0,0,0,0,0,0,0,0,0,0,0,1,0,0
remax,77e481d9-37e3-4c4c-bb9c-9bbeec0b37ca,https://www.remax.com.ar/listings/local-comercial-deposito-y-10-cocheras-monserrat,2026-08-13T22:39:19+00:00,alquiler,oficina,5500.0,USD,USD 5500.0,2000000.0,ARS,Alsina 1200,Alsina,1200,,monserrat,Monserrat,1.0,Capital Federal,-34.610817684659,-58.384029865265,1693.0,1693.0,,,7,1.0,,,3.25,LOCAL COMERCIAL DEPOSITO Y 10 COCHERAS MONSERRAT,,,0,0,0,0,0,0,0,0,0,1,0,0,0,0,0,0,0,0,0,0,0,0
remax,77d95310-8e6f-4c38-b8c2-af5ca6d3767a,https://www.remax.com.ar/listings/alquiler-monoambiente-palermo-33m2,2026-08-13T22:39:19+00:00,alquiler,departamento_estandar,700000.0,ARS,ARS 700000.0,110000.0,ARS,Sánchez de Bustamante 2300,Sánchez de Bustamante,2300,,recoleta,Recoleta,2.0,Capital Federal,-34.5858102,-58.4037778,33.0,33.0,1.0,,1,,,,21212.12,ALQUILER MONOAMBIENTE PALERMO 33M2,,,0,0,0,0,0,0,0,0,0,0,0,0,0,0,0,0,0,0,0,0,0,0
remax,7794278e-a1f0-499a-a28b-43c1d7f4a5ec,https://www.remax.com.ar/listings/alquiler-local-o-deposito-con-cochera-san-telmo,2026-08-13T22:39:21+00:00,alquiler,local,1800000.0,ARS,ARS 1800000.0,450000.0,ARS,Chacabuco 600,Chacabuco,600,,san telmo,San Telmo,1.0,Capital Federal,-34.615572133048,-58.376075229608,490.0,350.0,,,2,1.0,,,3673.47,Alquiler Local o Deposito con cochera San Telmo,,,0,0,0,0,0,0,0,0,0,1,0,0,0,0,0,0,0,0,0,0,0,0
remax,7788939e-e583-490e-808a-7f3bcf330eab,https://www.remax.com.ar/listings/alquiler-depto-3-ambientes-con-balcon-y-toilette,2026-08-13T22:39:21+00:00,alquiler,departamento_piso,1200000.0,ARS,ARS 1200000.0,320000.0,ARS,Avenida Eva Perón 1100,Avenida Eva Perón,1100,,parque chacabuco,Parque Chacabuco,7.0,Capital Federal,-34.6301856,-58.4413026,67.0,60.0,3.0,,1,,,,17910.45,ALQUILER DEPTO 3 AMBIENTES CON BALCÓN Y TOILETTE,,,0,0,0,0,0,0,0,0,0,0,0,0,0,1,0,0,0,0,0,0,0,0
remax,77513452-b103-4200-99fa-9233a5ec976e,https://www.remax.com.ar/listings/alq-dpto-3amb-balcon-terraza-cochera-las-canitas,2026-08-13T22:39:21+00:00,alquiler,departamento_piso,2100.0,USD,USD 2100.0,375000.0,ARS,Avenida Jorge Newbery 1500,Avenida Jorge Newbery,1500,,palermo,Las Cañitas,14.0,Capital Federal,-34.5664026,-58.4339506,153.76,87.26,3.0,,1,1.0,,,13.66,ALQ DPTO 3AMB BALCON TERRAZA COCHERA LAS CAÑITAS,,,0,0,0,0,0,0,0,0,0,1,0,0,0,1,0,0,0,0,0,0,0,0
remax,772a830b-df58-4963-a158-32cade8ea76e,https://www.remax.com.ar/listings/alquiler-departamento-4-amb-con-parrilla-floresta,2026-08-13T22:39:21+00:00,alquiler,departamento_piso,1400000.0,ARS,ARS 1400000.0,200000.0,ARS,Baradero 0,Baradero,0,,floresta,Floresta,10.0,Capital Federal,-34.6331295,-58.4778111,145.0,85.0,4.0,,1,,,,9655.17,Alquiler departamento 4 amb con parrilla Floresta,,,0,0,1,0,0,0,0,0,0,0,0,0,0,0,0,0,0,0,0,0,0,0
remax,771dd65d-76db-43d5-bd95-24d2eed0ffa3,https://www.remax.com.ar/listings/alquiler-amueblado-loft-amenities-palermo,2026-08-13T22:39:21+00:00,alquiler,departamento_loft,2700.0,USD,USD 2700.0,0.0,ARS,Concepción Arenal 3400,Concepción Arenal,3400,,palermo,Palermo Hollywood,14.0,Capital Federal,-34.583239,-58.445867,124.0,103.0,2.0,,1,,,,21.77,ALQUILER amueblado LOFT Amenities Palermo,,,1,0,0,0,0,0,0,0,0,0,0,0,0,0,0,0,0,0,1,0,0,0
remax,770b517e-5fd3-4b4e-ae13-9e27b824cbde,https://www.remax.com.ar/listings/alquiler-deposito-400-metros-mataderos,2026-08-13T22:39:21+00:00,alquiler,deposito,3000000.0,ARS,ARS 3000000.0,0.0,ARS,Miralla 1400,Miralla,1400,,mataderos,Mataderos,9.0,Capital Federal,-34.652305,-58.4953289,273.0,253.0,,,2,,,,10989.01,ALQUILER DEPOSITO 400 METROS MATADEROS,,,0,0,0,0,0,0,0,0,0,0,0,0,0,0,0,0,0,0,0,0,0,0
remax,76d19674-046d-4dce-b479-18569b3daae4,https://www.remax.com.ar/listings/alquiler-monoambiente-balcon-apto-profesional,2026-08-13T22:39:24+00:00,alquiler,departamento_monoambiente,580.0,USD,USD 580.0,200000.0,ARS,Avenida Cabildo 600,Avenida Cabildo,600,,belgrano,Belgrano C,13.0,Capital Federal,-34.570353196059,-58.443403482495,36.42,32.23,1.0,,1,,,,15.93,ALQUILER MONOAMBIENTE BALCON APTO PROFESIONAL,,,0,0,0,0,0,0,0,0,1,0,0,0,0,1,0,0,0,0,0,0,0,0
remax,769ea1ed-bbec-438e-aa7d-8f74491c9f36,https://www.remax.com.ar/listings/alquiler-monoambiente-divisible-zona-facultades,2026-08-13T22:39:24+00:00,alquiler,departamento_estandar,750000.0,ARS,ARS 750000.0,100000.0,ARS,Ayacucho 700,Ayacucho,700,,balvanera,Balvanera,3.0,Capital Federal,-34.6006237,-58.3957906,32.0,32.0,1.0,,1,,,,23437.5,ALQUILER MONOAMBIENTE DIVISIBLE ZONA FACULTADES,,,0,0,0,0,0,0,0,0,0,0,0,0,0,0,0,0,0,0,0,0,0,0
remax,76937937-36e7-4ecc-b99f-188f059a8e17,https://www.remax.com.ar/listings/alquiler-local-belgrano-av-cabildo-y-la-pampa-1,2026-08-13T22:39:24+00:00,alquiler,local,5500.0,USD,USD 5500.0,,ARS,Av. Cabildo 1700,Av. Cabildo,1700,,belgrano,Belgrano,13.0,Capital Federal,-34.565129727703,-58.454067707062,125.0,125.0,,,2,,,,44.0,ALQUILER LOCAL BELGRANO AV. CABILDO Y LA PAMPA,,,0,0,0,0,0,0,0,0,0,0,0,0,0,0,0,0,0,0,0,0,0,0
remax,76915c75-62a3-4cae-bc21-2355d95baeb8,https://www.remax.com.ar/listings/alquiler-2-amb-a-estrenar-amenities-caballito,2026-08-13T22:39:24+00:00,alquiler,departamento_estandar,1200000.0,ARS,ARS 1200000.0,0.0,ARS,Av. Directorio 700,Av. Directorio,700,,caballito,Caballito,6.0,Capital Federal,-34.6283,-58.437781,47.08,41.92,2.0,,1,,,,25488.53,ALQUILER 2 AMB. A ESTRENAR AMENITIES CABALLITO,,,1,0,0,0,0,0,0,0,0,0,0,0,0,0,0,0,0,0,0,0,0,0
remax,767d46cb-e063-4657-8c94-fd26bc9da4e7,https://www.remax.com.ar/listings/alquiler-loft-2-amb-amoblado-en-nunez,2026-08-13T22:39:24+00:00,alquiler,departamento_estandar,1250000.0,ARS,ARS 1250000.0,240000.0,ARS,Arribeños 3700,Arribeños,3700,,nunez,Nuñez,13.0,Capital Federal,-34.5438434,-58.461617,49.41,45.8,2.0,,1,,,,25298.52,ALQUILER LOFT 2 AMB AMOBLADO EN NÚÑEZ,,,0,0,0,0,0,0,0,0,0,0,0,0,0,0,0,0,0,0,1,0,0,0
remax,767509c8-f5db-4719-bf2a-277522d3c5b6,https://www.remax.com.ar/listings/alquiler-2-ambientes-villa-crespo-1,2026-08-13T22:39:24+00:00,alquiler,departamento_estandar,900000.0,ARS,ARS 900000.0,300000.0,ARS,Teniente General Juan Domingo Perón 4400,Teniente General Juan Domingo Perón,4400,,palermo,Palermo,14.0,Capital Federal,-34.6058197,-58.4300256,44.19,42.07,2.0,,1,,,,20366.6,ALQUILER 2 AMBIENTES- VILLA CRESPO,,,0,0,0,0,0,0,0,0,0,0,0,0,0,0,0,0,0,0,0,0,0,0
remax,766f3dec-e0be-4ceb-bcef-1b3951480687,https://www.remax.com.ar/listings/alquiler-dpto-2-amb-patio-y-quincho-recoleta,2026-08-13T22:39:24+00:00,alquiler,departamento_estandar,900.0,USD,USD 900.0,300000.0,ARS,Sánchez de Bustamante 2400,Sánchez de Bustamante,2400,,recoleta,Recoleta,2.0,Capital Federal,-34.5850913,-58.4035222,98.53,40.36,2.0,,1,,,,9.13,ALQUILER DPTO. 2 AMB. PATIO Y QUINCHO. RECOLETA,,,0,0,1,0,0,0,0,0,0,0,0,0,0,0,0,0,0,0,0,1,0,0
remax,766174ce-9013-49ed-9c4c-01d30bd86c82,https://www.remax.com.ar/listings/alquiler-semipiso-de-4-5-amb-c-balcon-en-palermo,2026-08-13T22:39:24+00:00,alquiler,departamento_semipiso,1980000.0,ARS,ARS 1980000.0,296320.0,ARS,Avenida Santa Fe 4500,Avenida Santa Fe,4500,,palermo,Palermo,14.0,Capital Federal,-34.5787577,-58.4243597,96.5,93.72,5.0,,2,,,,20518.13,ALQUILER-SEMIPISO DE 4/5 AMB.-C/BALCÓN-EN PALERMO,,,0,0,0,0,0,0,0,0,0,0,0,0,0,1,0,0,0,0,0,0,0,0
remax,762ca146-f710-4728-81ce-71abfb125375,https://www.remax.com.ar/listings/alquiler-depto-2-ambientes-luminoso-microcentro,2026-08-13T22:39:26+00:00,alquiler,departamento_estandar,1200.0,USD,USD 1200.0,0.0,ARS,Florida 900,Florida,900,,retiro,Retiro,1.0,Capital Federal,-34.5969689,-58.3750743,37.59,34.75,2.0,,1,,,,31.92,ALQUILER DEPTO. 2 AMBIENTES LUMINOSO MICROCENTRO,,,0,0,0,0,0,0,0,0,0,0,0,0,1,0,0,0,0,0,0,0,0,0
remax,760e04a3-091f-45a8-b12a-dea0b982270b,https://www.remax.com.ar/listings/alquiler-depto-4-ambientes-equipado-puerto-madero,2026-08-13T22:39:26+00:00,alquiler,departamento_estandar,4000.0,USD,USD 4000.0,1000000.0,ARS,Olga Cossettini 1600,Olga Cossettini,1600,,puerto madero,Puerto Madero,1.0,Capital Federal,-34.612525,-58.3631487,129.89,110.99,4.0,,2,,,,30.8,Alquiler Depto. 4 ambientes equipado Puerto Madero,,,0,0,0,0,0,0,0,0,0,0,0,0,0,0,0,0,0,0,1,0,0,0
remax,75bebc79-d425-4d0d-978e-9329d9143384,https://www.remax.com.ar/listings/alquiler-ph-2-ambientes-parque-avellaneda-terraza,2026-08-13T22:39:26+00:00,alquiler,ph,750000.0,ARS,ARS 750000.0,0.0,ARS,Martínez Castro 1300,Martínez Castro,1300,,parque avellaneda,Parque Avellaneda,9.0,Capital Federal,-34.6469687,-58.4684703,115.0,60.0,2.0,,1,,,,6521.74,ALQUILER PH 2 AMBIENTES PARQUE AVELLANEDA TERRAZA,,,0,0,0,0,0,0,0,0,0,0,0,0,0,1,0,0,0,0,0,0,0,0
remax,75ae911f-6d51-44c9-bff3-8ec6fb58eed1,https://www.remax.com.ar/listings/alquiler-2-ambientes-con-balcon-en-palermo,2026-08-13T22:39:26+00:00,alquiler,departamento_estandar,700000.0,ARS,ARS 700000.0,250000.0,ARS,Bulnes 1800,Bulnes,1800,,palermo,Palermo,14.0,Capital Federal,-34.5896387,-58.4134294,46.23,42.79,2.0,,1,,,,15141.68,Alquiler 2 ambientes con balcón en Palermo,,,0,0,0,0,0,0,0,0,0,0,0,0,0,1,0,0,0,0,0,0,0,0
remax,758ce21e-bdc8-4a8d-8ea5-fc8e7ba9cc45,https://www.remax.com.ar/listings/alquiler-3-ambientes-c-patio-zona-alto-palermo-1,2026-08-13T22:39:26+00:00,alquiler,departamento_estandar,900000.0,ARS,ARS 900000.0,212000.0,ARS,Arenales 3100,Arenales,3100,,recoleta,Recoleta,2.0,Capital Federal,-34.5890209,-58.4083644,72.0,70.0,3.0,,1,,,,12500.0,Alquiler 3 ambientes c/patio - Zona Alto Palermo,,,0,0,0,0,0,0,0,0,0,0,0,0,0,0,0,0,0,0,0,1,0,0
remax,7573366d-418c-430f-a789-9a89d05cc529,https://www.remax.com.ar/listings/alquiler-departamento-2-ambientes-floresta,2026-08-13T22:39:26+00:00,alquiler,departamento_estandar,550000.0,ARS,ARS 550000.0,120000.0,ARS,Bacacay 3800,Bacacay,3800,,floresta,Floresta,10.0,Capital Federal,-34.6314624,-58.4820671,33.26,33.26,2.0,,1,,,,16536.38,ALQUILER DEPARTAMENTO 2 AMBIENTES FLORESTA,,,0,0,0,0,0,0,0,0,0,0,0,0,0,0,0,0,0,0,0,0,0,0
remax,756e158d-735d-48f7-9640-675d19c4ef55,https://www.remax.com.ar/listings/alquiler-2-ambientes-parque-chacabuco-cochera,2026-08-13T22:39:26+00:00,alquiler,departamento_estandar,850.0,USD,USD 850.0,480000.0,ARS,Beauchef 900,Beauchef,900,,parque chacabuco,Parque Chacabuco,7.0,Capital Federal,-34.628066,-58.4320943,52.49,42.97,2.0,,1,1.0,,,16.19,Alquiler 2 ambientes Parque Chacabuco cochera,,,0,0,0,0,0,0,0,0,0,1,0,0,0,0,0,0,0,0,0,0,0,0
remax,754d2428-72b3-4de6-8509-deff9809ae4f,https://www.remax.com.ar/listings/departamento-en-alquiler-palermo-amueblado,2026-08-13T22:39:26+00:00,alquiler,departamento_monoambiente,500.0,USD,USD 500.0,190000.0,ARS,Güemes 4600,Güemes,4600,,palermo,Palermo,14.0,Capital Federal,-34.5809552,-58.4241797,37.34,33.16,1.0,,1,,,,13.39,DEPARTAMENTO EN ALQUILER PALERMO AMUEBLADO,,,0,0,0,0,0,0,0,0,0,0,0,0,0,0,0,0,0,0,1,0,0,0
remax,752d1c7d-3048-4433-88a8-0aa9c5f3c75b,https://www.remax.com.ar/listings/departamento-monoambiente-alquiler-colegiales,2026-08-13T22:39:30+00:00,alquiler,departamento_monoambiente,650000.0,ARS,ARS 650000.0,90000.0,ARS,Alvarez Thomas 800,Alvarez Thomas,800,,colegiales,Colegiales,13.0,Capital Federal,-34.579491254109,-58.454132080078,30.0,30.0,1.0,,1,,,,21666.67,DEPARTAMENTO MONOAMBIENTE ALQUILER COLEGIALES,,,0,0,0,0,0,0,0,0,0,0,0,0,0,0,0,0,0,0,0,0,0,0
remax,7528cd26-253c-479a-b922-82458a427ebe,https://www.remax.com.ar/listings/alquiler-monoambiente-en-recoleta-amoblado,2026-08-13T22:39:30+00:00,alquiler,departamento_monoambiente,600000.0,ARS,ARS 600000.0,100000.0,ARS,Avenida Santa Fe 1270 Piso 10 Dpto G 1200,Avenida Santa Fe 1270Dpto G,1200,10,san nicolas,San Nicolás,1.0,Capital Federal,-34.59562844657,-58.385231494904,22.0,22.0,1.0,,1,,,,27272.73,ALQUILER | Monoambiente en Recoleta amoblado,,,0,0,0,0,0,0,0,0,0,0,0,0,0,0,0,0,0,0,1,0,0,0
remax,751be690-7891-427f-8ee0-29c9a57a6365,https://www.remax.com.ar/listings/alquiler-departamento-2-ambientes-chacarita,2026-08-13T22:39:30+00:00,alquiler,departamento_estandar,690000.0,ARS,ARS 690000.0,160000.0,ARS,Roseti 700,Roseti,700,,chacarita,Chacarita,15.0,Capital Federal,-34.5830499,-58.4533719,40.03,38.08,2.0,,1,,,,17237.07,Alquiler Departamento 2 ambientes Chacarita,,,0,0,0,0,0,0,0,0,0,0,0,0,0,0,0,0,0,0,0,0,0,0
remax,74afb6ec-ee5e-40a9-9683-b7bf291b903c,https://www.remax.com.ar/listings/alquiler-depto-2-amb-con-balcon-belgrano-1,2026-08-13T22:39:30+00:00,alquiler,departamento_estandar,1000000.0,ARS,ARS 1000000.0,248189.0,ARS,Moldes 1500,Moldes,1500,,colegiales,Colegiales,13.0,Capital Federal,-34.5682703,-58.4556024,51.0,46.0,2.0,,1,,,,19607.84,ALQUILER DEPTO. 2 AMB. CON BALCÓN -BELGRANO,,,0,0,0,0,0,0,0,0,0,0,0,0,0,1,0,0,0,0,0,0,0,0
remax,7466d5e0-c2d8-49b2-adbf-6ce10595f3ac,https://www.remax.com.ar/listings/alquiler-2-ambientes-cochera-y-balcon-caballito,2026-08-13T22:39:30+00:00,alquiler,departamento_estandar,900000.0,ARS,ARS 900000.0,177675.0,ARS,Hortiguera 500,Hortiguera,500,,caballito,Caballito Sur,6.0,Capital Federal,-34.628686,-58.4449391,46.15,44.1,2.0,,1,1.0,,,19501.63,ALQUILER 2 AMBIENTES COCHERA Y BALCÓN CABALLITO,,,0,0,0,0,0,0,0,0,0,1,0,0,0,1,0,0,0,0,0,0,0,0
remax,74653573-a793-413b-840a-181122e54cd1,https://www.remax.com.ar/listings/alquiler-departamento-2-ambientes-liniers,2026-08-13T22:39:33+00:00,alquiler,departamento_estandar,500000.0,ARS,ARS 500000.0,90000.0,ARS,José León Suárez 200,José León Suárez,200,,liniers,Liniers,9.0,Capital Federal,-34.6424076,-58.5275784,36.33,36.33,2.0,,1,,,,13762.73,ALQUILER DEPARTAMENTO 2 AMBIENTES LINIERS,,,0,0,0,0,0,0,0,0,0,0,0,0,0,0,0,0,0,0,0,0,0,0
remax,74494be4-58c0-4081-8f41-0099b8432235,https://www.remax.com.ar/listings/alquiler-oficina-comercial-6-amb-en-san-nicolas,2026-08-13T22:39:33+00:00,alquiler,oficina,1300000.0,ARS,ARS 1300000.0,471000.0,ARS,Av. Rivadavia 1200,Av. Rivadavia,1200,,san nicolas,San Nicolás,1.0,Capital Federal,-34.608521693313,-58.384265949925,181.0,160.0,,,2,,,,7182.32,Alquiler oficina comercial 6 amb en San Nicolas,,,0,0,0,0,0,0,0,0,0,0,0,0,0,0,0,0,0,0,0,0,0,0
remax,7401a581-359b-4225-9dd9-cc8482c5be75,https://www.remax.com.ar/listings/monoambiente-30-metros-alquiler-flores-metro-bus,2026-08-13T22:39:33+00:00,alquiler,departamento_estandar,600000.0,ARS,ARS 600000.0,115000.0,ARS,La Fronda 1600,La Fronda,1600,,flores,Flores,7.0,Capital Federal,-34.610735862168,-58.470096588135,30.0,30.0,1.0,,1,,,,20000.0,Monoambiente 30 metros Alquiler Flores metro bus,,,0,0,0,0,0,0,0,0,0,0,0,0,0,0,0,0,0,0,0,0,0,0
remax,740125c6-6472-4843-add4-dbe46d4f9986,https://www.remax.com.ar/listings/departamento-6-ambientes-con-cochera-en-alquiler,2026-08-13T22:39:33+00:00,alquiler,departamento_estandar,4500.0,USD,USD 4500.0,580000.0,ARS,O'higgins 2000,O'higgins,2000,,belgrano,Belgrano,13.0,Capital Federal,-34.5604072,-58.452327,229.0,229.0,6.0,,2,1.0,,,19.65,Departamento 6 ambientes con cochera en Alquiler,,,0,0,0,0,0,0,0,0,0,1,0,0,0,0,0,0,0,0,0,0,0,0
remax,73d612b7-62f7-431d-b1e8-2b451d2dfd23,https://www.remax.com.ar/listings/alquiler-oficina-4-ambientes-san-telmo-patio,2026-08-13T22:39:33+00:00,alquiler,oficina,900000.0,ARS,ARS 900000.0,280000.0,ARS,Chacabuco 700,Chacabuco,700,,san telmo,San Telmo,1.0,Capital Federal,-34.6170804,-58.3758805,106.85,79.24,,,2,,,,8423.02,ALQUILER OFICINA 4 AMBIENTES SAN TELMO PATIO,,,0,0,0,0,0,0,0,0,0,0,0,0,0,0,0,0,0,0,0,1,0,0
remax,73c159df-fdcb-4bab-adb9-aa9bc12853ff,https://www.remax.com.ar/listings/alq-dto-estudio-buena-luz-cochera-para-moto,2026-08-13T22:39:33+00:00,alquiler,departamento_monoambiente,400000.0,ARS,ARS 400000.0,200000.0,ARS,Castro Barros 500,Castro Barros,500,,almagro,Almagro,5.0,Capital Federal,-34.6182838,-58.4195334,22.0,22.0,1.0,,1,1.0,,,18181.82,Alq dto estudio. Buena luz. Cochera para MOTO,,,0,0,0,0,0,0,0,0,0,1,0,0,0,0,0,0,0,0,0,0,0,0
remax,73bdcb64-fb97-4c3f-9cf1-e4e2c893e2f2,https://www.remax.com.ar/listings/alquiler-departamento-de-3-ambientes-con-balcon,2026-08-13T22:39:33+00:00,alquiler,departamento_estandar,1800000.0,ARS,ARS 1800000.0,325000.0,ARS,Gurruchaga 2200,Gurruchaga,2200,,palermo,Palermo,14.0,Capital Federal,-34.5855,-58.4231,62.0,58.0,3.0,,2,,,,29032.26,ALQUILER DEPARTAMENTO DE 3 AMBIENTES CON BALCON,,,0,0,0,0,0,0,0,0,0,0,0,0,0,1,0,0,0,0,0,0,0,0
remax,73aea12d-141f-4275-9626-bd2f349cbe1c,https://www.remax.com.ar/listings/ph-3-ambientes-alquiler-balvanera-luminoso,2026-08-13T22:39:36+00:00,alquiler,ph,780000.0,ARS,ARS 780000.0,118000.0,ARS,Presidente Uriburu 400,Presidente Uriburu,400,,balvanera,Balvanera,3.0,Capital Federal,-34.603839035228,-58.398545584052,52.55,51.07,3.0,,1,,,,14843.01,PH 3 AMBIENTES ALQUILER BALVANERA LUMINOSO,,,0,0,0,0,0,0,0,0,0,0,0,0,1,0,0,0,0,0,0,0,0,0
remax,73a5452f-f463-456b-a8da-fac8d9f5b9e2,https://www.remax.com.ar/listings/alquiler-oficina-villa-ortuzar-sin-expensas-1,2026-08-13T22:39:36+00:00,alquiler,oficina,1200000.0,ARS,ARS 1200000.0,0.0,ARS,Guevara 1500,Guevara,1500,,villa ortuzar,Villa Ortuzar,15.0,Capital Federal,-34.5840182,-58.4655741,82.08,72.48,2.0,,1,,,,14619.88,Alquiler Oficina Villa Ortuzar Sin Expensas,,,0,0,0,0,0,0,0,0,0,0,0,0,0,0,0,0,0,0,0,0,0,0
remax,7383b7fe-9144-48fd-971b-1955bd0f9939,https://www.remax.com.ar/listings/alquiler-2-ambientes-san-cristobal,2026-08-13T22:39:36+00:00,alquiler,departamento_estandar,620000.0,ARS,ARS 620000.0,66000.0,ARS,Barcala 3000,Barcala,3000,,san cristobal,San Cristobal,3.0,Capital Federal,-34.625364,-58.407992,26.0,26.0,2.0,,1,,,,23846.15,ALQUILER 2 AMBIENTES SAN CRISTOBAL,,,0,0,0,0,0,0,0,0,0,0,0,0,0,0,0,0,0,0,0,0,0,0
remax,73700132-3d60-457e-bd5c-88998a9f84a9,https://www.remax.com.ar/listings/alquiler-consultorio-planta-libre-c-recep-palermo,2026-08-13T22:39:36+00:00,alquiler,consultorio,750000.0,ARS,ARS 750000.0,188000.0,ARS,Mario Bravo 1000,Mario Bravo,1000,,recoleta,Barrio Norte,2.0,Capital Federal,-34.5974682,-58.4157121,58.29,52.39,2.0,,1,,,,12866.7,"ALQUILER CONSULTORIO, PLANTA LIBRE C/RECEP PALERMO",,,0,0,0,0,0,0,0,0,0,0,0,0,0,0,0,0,0,0,0,0,0,0
remax,7342a751-e2e4-428c-9d1f-d328043455da,https://www.remax.com.ar/listings/monoambiente-en-pb-con-patio-techado-en-flores,2026-08-13T22:39:36+00:00,alquiler,departamento_monoambiente,500000.0,ARS,ARS 500000.0,80000.0,ARS,Pedernera 100,Pedernera,100,,flores,Flores,7.0,Capital Federal,-34.6308889,-58.4631713,44.0,44.0,1.0,,1,,,,11363.64,Monoambiente en PB con patio techado en FLORES,,,0,0,0,0,0,0,0,0,0,0,0,0,0,0,0,0,0,0,0,1,0,0
remax,7219bec0-50ed-4592-be3c-3745567a10d7,https://www.remax.com.ar/listings/alquiler-amplia-oficina-en-excelente-ubicacion,2026-08-13T22:39:39+00:00,alquiler,oficina,800000.0,ARS,ARS 800000.0,340000.0,ARS,Esmeralda 100,Esmeralda,100,,san nicolas,San Nicolás,1.0,Capital Federal,-34.6065024,-58.3778076,81.0,81.0,,,1,,,,9876.54,Alquiler amplia oficina en excelente ubicación,,,0,0,0,0,0,0,0,0,0,0,0,0,0,0,0,0,0,0,0,0,0,0
remax,720c8269-831f-4e5c-8251-09a6bdc1bcae,https://www.remax.com.ar/listings/monoambiente-en-alquiler-belgrano-c,2026-08-13T22:39:39+00:00,alquiler,departamento_monoambiente,700000.0,ARS,ARS 700000.0,112800.0,ARS,Montañeses 2200,Montañeses,2200,,belgrano,Belgrano,13.0,Capital Federal,-34.5560894,-58.4499365,43.8,36.4,1.0,,1,,,,15981.74,MONOAMBIENTE EN ALQUILER BELGRANO C,,,0,0,0,0,0,0,0,0,0,0,0,0,0,0,0,0,0,0,0,0,0,0
remax,720b2a42-d2d2-48fb-ac3b-ba46de0e25f9,https://www.remax.com.ar/listings/monoambiente-alquiler-villa-luro-1,2026-08-13T22:39:39+00:00,alquiler,departamento_monoambiente,600000.0,ARS,ARS 600000.0,0.0,ARS,Donizetti 400,Donizetti,400,,villa luro,Villa Luro,10.0,Capital Federal,-34.642801,-58.495612,36.33,34.0,1.0,,1,,,,16515.28,MONOAMBIENTE ALQUILER VILLA LURO,,,0,0,0,0,0,0,0,0,0,0,0,0,0,0,0,0,0,0,0,0,0,0
remax,7208ebc0-25da-4420-86e4-de31bd6ee2c8,https://www.remax.com.ar/listings/alquiler-oficina-estudio-monoambiente-v-urquiza,2026-08-13T22:39:39+00:00,alquiler,oficina,600000.0,ARS,ARS 600000.0,130000.0,ARS,Pacheco 3100,Pacheco,3100,,villa urquiza,Villa Urquiza,12.0,Capital Federal,-34.5667611,-58.4890276,34.78,32.21,,,1,,,,17251.29,Alquiler Oficina / Estudio Monoambiente V. Urquiza,,,0,0,0,0,0,0,0,0,0,0,0,0,0,0,0,0,0,0,0,0,0,0
remax,71e1c947-f489-4fe1-a741-6e99dccbcf89,https://www.remax.com.ar/listings/alquiler-departamento-2-ambientes-caballito-amenit,2026-08-13T22:39:43+00:00,alquiler,departamento_estandar,1190000.0,ARS,ARS 1190000.0,160000.0,ARS,Lezica 4400,Lezica,4400,,caballito,Caballito,6.0,Capital Federal,-34.6136932,-58.4295714,56.37,46.7,2.0,,1,,,,21110.52,ALQUILER DEPARTAMENTO 2 AMBIENTES CABALLITO AMENIT,,,0,0,0,0,0,0,0,0,0,0,0,0,0,0,0,0,0,0,0,0,0,0
remax,71e18a2e-3c06-4bdd-9c43-4890e4aad635,https://www.remax.com.ar/listings/alquiler-2-ambientes-nunez-con-cochera-y-balcon,2026-08-13T22:39:43+00:00,alquiler,departamento_estandar,1250000.0,ARS,ARS 1250000.0,325602.0,ARS,Amenábar 3000,Amenábar,3000,,nunez,Nuñez,13.0,Capital Federal,-34.5547098,-58.4657666,55.0,50.0,2.0,,1,1.0,,,22727.27,Alquiler 2 Ambientes Nuñez con cochera y balcón,,,0,0,0,0,0,0,0,0,0,1,0,0,0,1,0,0,0,0,0,0,0,0
remax,71c86140-e756-4055-807f-3c5f13cd6ca0,https://www.remax.com.ar/listings/alquiler-departamento-3-ambientes-cochera-almagro,2026-08-13T22:39:43+00:00,alquiler,departamento_estandar,1200000.0,ARS,ARS 1200000.0,300000.0,ARS,Quito 4200,Quito,4200,,almagro,Almagro,5.0,Capital Federal,-34.6172747,-58.4271225,69.39,60.06,3.0,,1,1.0,,,17293.56,ALQUILER DEPARTAMENTO 3 AMBIENTES COCHERA ALMAGRO,,,0,0,0,0,0,0,0,0,0,1,0,0,0,0,0,0,0,0,0,0,0,0
remax,7174c753-63f4-425b-8f14-72ffcaf5a95c,https://www.remax.com.ar/listings/departamento-3-amb-alquiler-caballito-balcon,2026-08-13T22:39:43+00:00,alquiler,departamento_estandar,1249000.0,ARS,ARS 1249000.0,250000.0,ARS,Avenida Pedro Goyena 1700,Avenida Pedro Goyena,1700,,caballito,Caballito,6.0,Capital Federal,-34.6289933,-58.4538002,80.05,54.49,3.0,,1,,,,15602.75,Departamento 3 amb. alquiler Caballito. Balcón,,,0,0,0,0,0,0,0,0,0,0,0,0,0,1,0,0,0,0,0,0,0,0
remax,7166be20-16dd-453b-81f3-a28e01adb1cc,https://www.remax.com.ar/listings/alquiler-local-galpon-planta-baja-villa-crespo,2026-08-13T22:39:43+00:00,alquiler,local,2800000.0,ARS,ARS 2800000.0,0.0,ARS,Gurruchaga 600,Gurruchaga,600,,villa crespo,Villa Crespo,15.0,Capital Federal,-34.5961323,-58.4397715,266.81,204.0,,,2,,,,10494.36,Alquiler local/galpon planta baja Villa Crespo,,,0,0,0,0,0,0,0,0,0,0,0,0,0,0,0,0,0,0,0,0,0,0
remax,715f4fae-4dd1-4e1c-8512-4e22d1aad538,https://www.remax.com.ar/listings/alquiler-departamento-monoambiente-en-palermo-soho,2026-08-13T22:39:43+00:00,alquiler,departamento_monoambiente,1000000.0,ARS,ARS 1000000.0,123000.0,ARS,Fray Justo Santa María de Oro 2100,Fray Justo Santa María de Oro,2100,,palermo,Palermo,14.0,Capital Federal,-34.5803448,-58.4253453,36.1,31.1,1.0,,1,,,,27700.83,Alquiler Departamento Monoambiente en Palermo Soho,,,0,0,0,0,0,0,0,0,0,0,0,0,0,0,0,0,0,0,0,0,0,0
remax,714a6c40-5ea4-413d-accf-e8b583e1c918,https://www.remax.com.ar/listings/alquiler-oficina-en-belgrano-chico-con-balcon,2026-08-13T22:39:43+00:00,alquiler,oficina,2700.0,USD,USD 2700.0,350000.0,ARS,Avenida del Libertador 6100,Avenida del Libertador,6100,,belgrano,Belgrano Chico,13.0,Capital Federal,-34.5551038,-58.4493101,135.85,127.09,,,2,,,,19.87,ALQUILER OFICINA EN BELGRANO CHICO CON BALCÓN,,,0,0,0,0,0,0,0,0,0,0,0,0,0,1,0,0,0,0,0,0,0,0
remax,70bdddbb-6071-4bb9-9958-f95357ff72d5,https://www.remax.com.ar/listings/alquiler-de-oficina-en-el-barrio-de-san-telmo,2026-08-13T22:39:48+00:00,alquiler,oficina,350000.0,ARS,ARS 350000.0,145000.0,ARS,Chile 500,Chile,500,,san telmo,San Telmo,1.0,Capital Federal,-34.6164242,-58.3731959,40.0,40.0,,,1,,,,8750.0,Alquiler de oficina en el barrio de San Telmo,,,0,0,0,0,0,0,0,0,0,0,0,0,0,0,0,0,0,0,0,0,0,0
remax,70688e12-7064-4e46-b98d-9532638557ad,https://www.remax.com.ar/listings/dpto-2-amb-tipo-loft-con-balcon-palermo-soho,2026-08-13T22:39:48+00:00,alquiler,departamento_loft,1100000.0,ARS,ARS 1100000.0,280000.0,ARS,Jorge Luis Borges 2200,Jorge Luis Borges,2200,,palermo,Palermo,14.0,Capital Federal,-34.584266024422,-58.423704262823,55.25,50.97,2.0,,1,,,,19909.5,Dpto. 2 amb. Tipo Loft con balcón Palermo Soho,,,0,0,0,0,0,0,0,0,0,0,0,0,0,1,0,0,0,0,0,0,0,0
remax,70371aff-29e2-471e-ac97-a36da52e0139,https://www.remax.com.ar/listings/alquiler-local-comercial-chacarita-av-lacroze,2026-08-13T22:39:50+00:00,alquiler,local,850000.0,ARS,ARS 850000.0,,ARS,Avenida Federico Lacroze 3800,Avenida Federico Lacroze,3800,,chacarita,Chacarita,15.0,Capital Federal,-34.583789,-58.4528035,45.8,45.8,,,1,,,,18558.95,ALQUILER LOCAL COMERCIAL CHACARITA AV LACROZE,,,0,0,0,0,0,0,0,0,0,0,0,0,0,0,0,0,0,0,0,0,0,0
remax,7026e2a1-3521-46a5-9f0b-75c0d08ed9eb,https://www.remax.com.ar/listings/local-en-alquiler-calle-lavalle-microcentro,2026-08-13T22:39:50+00:00,alquiler,local,4000000.0,ARS,ARS 4000000.0,0.0,ARS,Lavalle 1500,Lavalle,1500,,san nicolas,San Nicolás,1.0,Capital Federal,-34.6028741,-58.3892673,148.0,140.0,,,2,,,,27027.03,Local en alquiler calle Lavalle Microcentro,,,0,0,0,0,0,0,0,0,0,0,0,0,0,0,0,0,0,0,0,0,0,0
remax,702148a1-067f-4d00-b0d7-e73069fc7892,https://www.remax.com.ar/listings/alquiler-2-ambientes-en-nunez-vista-panoramica,2026-08-13T22:39:50+00:00,alquiler,departamento_estandar,900000.0,ARS,ARS 900000.0,175000.0,ARS,Vedia 1900,Vedia,1900,,nunez,Nuñez,13.0,Capital Federal,-34.5376006,-58.4706134,45.0,40.0,2.0,,1,,,,20000.0,Alquiler 2 Ambientes en Nuñez vista Panoràmica,,,0,0,0,0,0,0,0,0,0,0,0,0,1,0,0,0,0,0,0,0,0,0
remax,70213b56-9e38-4b56-85ea-2e9f45929085,https://www.remax.com.ar/listings/alquiler-local-comercial-en-san-nicolas,2026-08-13T22:39:50+00:00,alquiler,local,950000.0,ARS,ARS 950000.0,0.0,ARS,Rivadavia 900,Rivadavia,900,,san nicolas,San Nicolás,1.0,Capital Federal,-34.6084718,-58.3796624,45.0,45.0,,,1,,,,21111.11,ALQUILER LOCAL COMERCIAL EN SAN NICOLAS,,,0,0,0,0,0,0,0,0,0,0,0,0,0,0,0,0,0,0,0,0,0,0
remax,700af362-4468-4cec-b2b4-6002d5cdc80f,https://www.remax.com.ar/listings/alquiler-dep-3-amb-caballito-con-cochera,2026-08-13T22:39:50+00:00,alquiler,departamento_estandar,850000.0,ARS,ARS 850000.0,160000.0,ARS,Nicasio Oroño 900,Nicasio Oroño,900,,caballito,Caballito Norte,6.0,Capital Federal,-34.6137837,-58.4542285,56.0,54.0,3.0,,1,1.0,,,15178.57,ALQUILER DEP 3 AMB CABALLITO CON COCHERA,,,0,0,0,0,0,0,0,0,0,1,0,0,0,0,0,0,0,0,0,0,0,0
remax,6ff04113-7e55-4bc4-847c-661c7768e5d0,https://www.remax.com.ar/listings/alquiler-multiespacio-oficinas-excelente-ubicacion-3,2026-08-13T22:39:50+00:00,alquiler,oficina,880000.0,ARS,ARS 880000.0,470000.0,ARS,Avenida Callao 400,Avenida Callao,400,,balvanera,Balvanera,3.0,Capital Federal,-34.6035032,-58.3925224,2000.0,2000.0,,,0,,,,440.0,ALQUILER MULTIESPACIO OFICINAS EXCELENTE UBICACION,,,0,0,0,0,0,0,0,0,0,0,0,0,0,0,0,0,0,0,0,0,0,0
remax,6febe430-d65d-4b46-84db-aa6a44e8c9ec,https://www.remax.com.ar/listings/loft-alquiler-barracas-cochera-doble-amenities,2026-08-13T22:39:50+00:00,alquiler,departamento_loft,1700000.0,ARS,ARS 1700000.0,360000.0,ARS,Regimiento de Patricios 1000,Regimiento de Patricios,1000,,barracas,Barracas,4.0,Capital Federal,-34.639612205934,-58.369089961052,64.46,56.27,1.0,,1,1.0,,,26372.94,LOFT ALQUILER BARRACAS COCHERA DOBLE AMENITIES,,,1,0,0,0,0,0,0,0,0,1,0,0,0,0,0,0,0,0,0,0,0,0
remax,6fc7babf-5072-4f01-bd14-24196dadb230,https://www.remax.com.ar/listings/oportunidad-galpon-deposito-en-alquiler-boedo,2026-08-13T22:39:50+00:00,alquiler,deposito,2200.0,USD,USD 2200.0,,ARS,Sanchez de Loria 1800,Sanchez de Loria,1800,,boedo,Boedo,5.0,Capital Federal,-34.632093312041,-58.411606521354,284.0,284.0,3.0,,0,,,,7.75,OPORTUNIDAD GALPON/DEPOSITO EN ALQUILER BOEDO!!,,,0,0,0,0,0,0,0,0,0,0,0,0,0,0,0,0,0,0,0,0,0,0
remax,6fb15c1d-ef8b-4651-a4df-acd806646dd6,https://www.remax.com.ar/listings/alquiler-liniers-departamento-2-ambientes-1,2026-08-13T22:39:50+00:00,alquiler,departamento_estandar,600000.0,ARS,ARS 600000.0,91000.0,ARS,Ercilla 6600,Ercilla,6600,,liniers,Liniers,9.0,Capital Federal,-34.6487805,-58.5118733,28.0,28.0,2.0,,1,,,,21428.57,ALQUILER LINIERS - DEPARTAMENTO 2 AMBIENTES,,,0,0,0,0,0,0,0,0,0,0,0,0,0,0,0,0,0,0,0,0,0,0
remax,6f6c1513-879f-4b4e-a828-c9152f2ceac8,https://www.remax.com.ar/listings/alquiler-departamento-3-ambientes-recoleta-5,2026-08-13T22:39:53+00:00,alquiler,departamento_estandar,1000000.0,ARS,ARS 1000000.0,250000.0,ARS,Peña 2700,Peña,2700,,recoleta,Recoleta,2.0,Capital Federal,-34.5873074,-58.4027302,41.56,41.56,3.0,,1,,,,24061.6,ALQUILER DEPARTAMENTO 3 AMBIENTES RECOLETA,,,0,0,0,0,0,0,0,0,0,0,0,0,0,0,0,0,0,0,0,0,0,0
remax,6f2b6c9d-302a-4ae0-9629-dc2233a5c40a,https://www.remax.com.ar/listings/amplio-depto-en-alquiler-recoleta-3amb-y-lavadero,2026-08-13T22:39:53+00:00,alquiler,departamento_estandar,1400000.0,ARS,ARS 1400000.0,250000.0,ARS,Azcuénaga 1400,Azcuénaga,1400,,recoleta,Recoleta,2.0,Capital Federal,-34.5920393,-58.3987178,110.0,110.0,3.0,,1,,,,12727.27,Amplio depto en alquiler RECOLETA 3amb y lavadero,,,0,0,0,0,0,0,0,0,0,0,0,0,0,0,0,0,0,0,0,0,0,0
remax,6eeaebca-1faa-4de2-985d-b911e92fd9d5,https://www.remax.com.ar/listings/alquiler-oficina-doble-microcentro,2026-08-13T22:39:53+00:00,alquiler,oficina,350000.0,ARS,ARS 350000.0,215000.0,ARS,Florida 200,Florida,200,,san nicolas,San Nicolás,1.0,Capital Federal,-34.6049981,-58.3750446,37.31,37.31,,,0,,,,9380.86,ALQUILER OFICINA DOBLE MICROCENTRO,,,0,0,0,0,0,0,0,0,0,0,0,0,0,0,0,0,0,0,0,0,0,0
remax,6ec12785-c794-4bbd-bdc6-d346f6892941,https://www.remax.com.ar/listings/alquiler-depto-2-amb-a-estrenar-amenities-palermo,2026-08-13T22:39:53+00:00,alquiler,departamento_estandar,900.0,USD,USD 900.0,251000.0,ARS,Avenida Raúl Scalabrini Ortiz 3100,Avenida Raúl Scalabrini Ortiz,3100,,,Botánico,,Capital Federal,-34.58004776119,-58.410079479218,42.73,39.43,2.0,,1,,,,21.06,ALQUILER DEPTO 2 AMB A ESTRENAR AMENITIES PALERMO,,,1,0,0,0,0,0,0,0,0,0,0,0,0,0,0,0,0,0,0,0,0,0
remax,6ea8c168-793e-49d6-8361-7362d5512f71,https://www.remax.com.ar/listings/alquier-dpto-4-amb-c-cochera-caballito,2026-08-13T22:39:57+00:00,alquiler,departamento_estandar,1900000.0,ARS,ARS 1900000.0,300000.0,ARS,Hidalgo 1000,Hidalgo,1000,,caballito,Caballito,6.0,Capital Federal,-34.6070874,-58.4416915,78.0,70.0,4.0,,1,1.0,,,24358.97,Alquier Dpto 4 amb c/cochera Caballito,,,0,0,0,0,0,0,0,0,0,1,0,0,0,0,0,0,0,0,0,0,0,0
remax,6e9f80a7-af15-487d-8d2a-bcce6164a875,https://www.remax.com.ar/listings/mono-con-balcon-apto-profesional-las-canitas,2026-08-13T22:39:57+00:00,alquiler,departamento_monoambiente,650000.0,ARS,ARS 650000.0,220000.0,ARS,Soldado de la Independencia 1300,Soldado de la Independencia,1300,,palermo,Las Cañitas,14.0,Capital Federal,-34.5636473,-58.4411558,36.0,34.0,1.0,,1,,,,18055.56,MONO CON BALCON | APTO PROFESIONAL | LAS CAÑITAS,,,0,0,0,0,0,0,0,0,1,0,0,0,0,1,0,0,0,0,0,0,0,0
remax,6e48c4d8-7b17-4c4f-bddd-8b0133813ecf,https://www.remax.com.ar/listings/alquiler-monoambiante-dividido,2026-08-13T22:39:57+00:00,alquiler,departamento_estandar,550000.0,ARS,ARS 550000.0,65000.0,ARS,Sarandi 600,Sarandi,600,,san cristobal,San Cristobal,3.0,Capital Federal,-34.616206657456,-58.39406400919,25.0,25.0,2.0,,1,,,,22000.0,Alquiler monoambiante dividido,,,0,0,0,0,0,0,0,0,0,0,0,0,0,0,0,0,0,0,0,0,0,0
remax,6e3b76a7-65c7-47e5-b62b-24ad5272ea4e,https://www.remax.com.ar/listings/alquiler-2-ambientes-monserrat-1,2026-08-13T22:39:57+00:00,alquiler,departamento_estandar,700000.0,ARS,ARS 700000.0,300000.0,ARS,Avenida Entre Ríos 700,Avenida Entre Ríos,700,,monserrat,Monserrat,1.0,Capital Federal,-34.617137716748,-58.391561508179,42.98,40.08,2.0,,1,,,,16286.64,ALQUILER 2 AMBIENTES - MONSERRAT,,,0,0,0,0,0,0,0,0,0,0,0,0,0,0,0,0,0,0,0,0,0,0
remax,6e166ee6-16a8-4719-8a4a-ab1190a15f14,https://www.remax.com.ar/listings/alquiler-2-ambientes-a-estrenar-en-palermo,2026-08-13T22:39:57+00:00,alquiler,departamento_semipiso,900.0,USD,USD 900.0,400000.0,ARS,Julián Álvarez 1200,Julián Álvarez,1200,,palermo,Palermo,14.0,Capital Federal,-34.5945043,-58.4263075,53.0,50.0,2.0,,1,,,,16.98,ALQUILER 2 AMBIENTES A ESTRENAR EN PALERMO,,,0,0,0,0,0,0,0,0,0,0,0,0,0,0,0,0,0,0,0,0,0,0
remax,6df375d4-34d3-4450-9e43-3f5a16b29e7d,https://www.remax.com.ar/listings/alquiler-2-ambientes-caballito-a-mts-av-rivadavia,2026-08-13T22:39:57+00:00,alquiler,departamento_estandar,700000.0,ARS,ARS 700000.0,249000.0,ARS,Chirimay 0,Chirimay,0,,caballito,Caballito,6.0,Capital Federal,-34.6236394,-58.4479009,42.0,42.0,2.0,,1,,,,16666.67,ALQUILER 2 AMBIENTES CABALLITO A MTS AV. RIVADAVIA,,,0,0,0,0,0,0,0,0,0,0,0,0,0,0,0,0,0,0,0,0,0,0
remax,6dde8488-9b71-43e7-8130-346909ab70f8,https://www.remax.com.ar/listings/4-ambientes-en-belgrano-con-balcon-al-frente,2026-08-13T22:40:01+00:00,alquiler,departamento_estandar,1450000.0,ARS,ARS 1450000.0,300000.0,ARS,Franklin Delano Roosevelt 2500,Franklin Delano Roosevelt,2500,,belgrano,Belgrano,13.0,Capital Federal,-34.5583543,-58.4617509,101.0,91.0,4.0,,1,,,,14356.44,4 Ambientes en Belgrano con Balcón al Frente,,,0,0,0,0,0,0,0,0,0,0,0,0,0,1,0,0,0,1,0,0,0,0
remax,6dd2d070-8004-47bc-8a8a-1238ef4bfc3a,https://www.remax.com.ar/listings/alquiler-4-ambientes-2-cocheras-canitas-caba-sum,2026-08-13T22:40:01+00:00,alquiler,departamento_semipiso,2100.0,USD,USD 2100.0,700000.0,ARS,Avenida Federico Lacroze 1700,Avenida Federico Lacroze,1700,,palermo,Palermo,14.0,Capital Federal,-34.5642117,-58.4391169,112.43,102.43,4.0,,2,1.0,,,18.68,"ALQUILER 4 AMBIENTES, 2 COCHERAS Cañitas CABA SUM",,,1,0,0,0,1,0,0,0,0,1,0,0,0,0,0,0,0,0,0,0,0,0
remax,6dc1319e-d2d1-452a-9587-3f89aaccca23,https://www.remax.com.ar/listings/alquiler-casa-usos-multiples-villa-urquiza,2026-08-13T22:40:01+00:00,alquiler,local,2100000.0,ARS,ARS 2100000.0,0.0,ARS,Franklin Delano Roosevelt 4400,Franklin Delano Roosevelt,4400,,villa urquiza,Villa Urquiza,12.0,Capital Federal,-34.569206,-58.4804319,287.0,140.0,5.0,,1,,,,7317.07,ALQUILER CASA USOS MULTIPLES VILLA URQUIZA,,,0,0,0,0,0,0,0,0,0,0,0,0,0,0,0,0,0,0,0,0,0,0
remax,6db81c53-9305-4b77-b6d3-4badca008725,https://www.remax.com.ar/listings/alquiler-local-y-oficina-microcentro-430m,2026-08-13T22:40:01+00:00,alquiler,local,1500.0,USD,USD 1500.0,1900000.0,ARS,Maipú 0,Maipú,0,,san nicolas,San Nicolás,1.0,Capital Federal,-34.6078429,-58.3764997,430.0,430.0,,,5,,,,3.49,Alquiler Local y Oficina Microcentro 430m²,,,0,0,0,0,0,0,0,0,0,0,0,0,0,0,0,0,0,0,0,0,0,0
remax,6d9f1993-78ee-41ff-892b-91ac1e808685,https://www.remax.com.ar/listings/alquiler-monoambiente-con-balcon-en-palermo,2026-08-13T22:40:01+00:00,alquiler,departamento_monoambiente,570000.0,ARS,ARS 570000.0,134000.0,ARS,Avenida Santa Fe 3300,Avenida Santa Fe,3300,,palermo,Palermo,14.0,Capital Federal,-34.5876637,-58.4119241,28.44,28.44,1.0,,1,,,,20042.19,ALQUILER MONOAMBIENTE CON BALCON EN PALERMO,,,0,0,0,0,0,0,0,0,0,0,0,0,0,1,0,0,0,0,0,0,0,0
remax,6d803a01-f344-45cd-8109-5d7b4b51149a,https://www.remax.com.ar/listings/alquiler-depto-4-amb-balcon-frente-patio,2026-08-13T22:40:01+00:00,alquiler,departamento_estandar,1450000.0,ARS,ARS 1450000.0,193000.0,ARS,Avenida Juan Bautista Alberdi 1200,Avenida Juan Bautista Alberdi,1200,,caballito,Caballito,6.0,Capital Federal,-34.623994119989,-58.445019721548,82.86,70.83,4.0,,1,,,,17499.4,ALQUILER DEPTO 4 AMB BALCON FRENTE PATIO,,,0,0,0,0,0,0,0,0,0,0,0,0,0,1,0,0,0,0,0,1,0,0
remax,6d53b74f-adac-4b36-b22a-b76d6bf007f6,https://www.remax.com.ar/listings/alquiler-oficina-comercial-80-m2-monserrat,2026-08-13T22:40:01+00:00,alquiler,oficina,249000.0,ARS,ARS 249000.0,160000.0,ARS,Adolfo Alsina 1600,Adolfo Alsina,1600,,monserrat,Monserrat,1.0,Capital Federal,-34.6112532,-58.3892188,80.0,80.0,,,0,,,,3112.5,ALQUILER OFICINA COMERCIAL 80 M2 MONSERRAT,,,0,0,0,0,0,0,0,0,0,0,0,0,0,0,0,0,0,0,0,0,0,0
remax,6d4da1b0-ab89-4b72-8a49-f28357cbe7a0,https://www.remax.com.ar/listings/local-comercial-en-alquiler-en-constitucion,2026-08-13T22:40:01+00:00,alquiler,local,1200000.0,ARS,ARS 1200000.0,250000.0,ARS,Avenida Entre Ríos 1800,Avenida Entre Ríos,1800,,constitucion,Constitución,1.0,Capital Federal,-34.6293968,-58.3907778,137.0,133.0,,,2,,,,8759.12,LOCAL COMERCIAL EN ALQUILER EN CONSTITUCIÓN,,,0,0,0,0,0,0,0,0,0,0,0,0,0,0,0,0,0,0,0,0,0,0
remax,6d17a70d-4395-4461-b799-6ec5d07331e9,https://www.remax.com.ar/listings/alquiler-4-amb-coch-amemities-amoblado,2026-08-13T22:40:05+00:00,alquiler,departamento_estandar,2500.0,USD,USD 2500.0,950000.0,ARS,Delgado 800,Delgado,800,,colegiales,Colegiales,13.0,Capital Federal,-34.578255,-58.4535814,120.0,101.0,4.0,,2,,,,20.83,ALQUILER 4 AMB. COCH. AMEMITIES AMOBLADO,,,0,0,0,0,0,0,0,0,0,0,0,0,0,0,0,0,0,0,1,0,0,0
remax,6cbec38d-c1e9-411e-b8ed-0a7077d06466,https://www.remax.com.ar/listings/oficina-160-mtr-corrientes-y-florida-piso-completo,2026-08-13T22:40:05+00:00,alquiler,local,980000.0,ARS,ARS 980000.0,1380000.0,ARS,Avenida Corrientes 600,Avenida Corrientes,600,,san nicolas,San Nicolás,1.0,Capital Federal,-34.603191,-58.3753859,160.0,160.0,,,3,,,,6125.0,Oficina 160 mtr Corrientes y Florida Piso Completo,,,0,0,0,0,0,0,0,0,0,0,0,0,0,0,0,0,0,0,0,0,0,0
remax,6cb3900d-6ed0-4eaa-8ad3-8153a163c121,https://www.remax.com.ar/listings/alquiler-fabrica-c-deposito-1600m-en-villa-crespo,2026-08-13T22:40:05+00:00,alquiler,deposito,10000.0,USD,USD 10000.0,,USD,Darwin 100,Darwin,100,,villa crespo,Villa Crespo,15.0,Capital Federal,-34.597545921325,-58.449801922106,1638.0,1575.0,8.0,,0,,,,6.11,Alquiler Fabrica C/Deposito 1600m² en Villa Crespo,,,0,0,0,0,0,0,0,0,0,0,0,0,0,0,0,0,0,0,0,0,0,0
remax,6cb0015d-abaf-4d92-8ac7-d69cb8efb0ce,https://www.remax.com.ar/listings/casa-4-ambientes-en-alquiler-belgrano-r,2026-08-13T22:40:05+00:00,alquiler,casa,4500.0,USD,USD 4500.0,0.0,ARS,Mendoza 3700,Mendoza,3700,,belgrano,Belgrano R,13.0,Capital Federal,-34.5689751,-58.4704061,325.0,200.0,4.0,,2,,,,13.85,"Casa, 4 ambientes, en Alquiler, Belgrano R",,,0,0,0,0,0,0,0,0,0,0,0,0,0,0,0,0,0,0,0,0,0,0
remax,6c981954-862b-4f8f-8a9d-232873903ff5,https://www.remax.com.ar/listings/alquiler-villa-crespo-monoamb-amoblado-con-balcon,2026-08-13T22:40:05+00:00,alquiler,departamento_monoambiente,750.0,USD,USD 750.0,120000.0,ARS,Estado de Israel 4500,Estado de Israel,4500,,villa crespo,Villa Crespo,15.0,Capital Federal,-34.599078030153,-58.429622097049,40.0,38.0,1.0,,1,,,,18.75,Alquiler Villa Crespo Monoamb amoblado con balcon,,,0,0,0,0,0,0,0,0,0,0,0,0,0,1,0,0,0,0,1,0,0,0
remax,6c78d8ac-2a61-439e-b7ab-b23a221c6bae,https://www.remax.com.ar/listings/monoambiente-tranquilo-en-edificio-con-amenities,2026-08-13T22:40:05+00:00,alquiler,departamento_estandar,540000.0,ARS,ARS 540000.0,190000.0,ARS,Avenida Corrientes 6400,Avenida Corrientes,6400,,chacarita,Chacarita,15.0,Capital Federal,-34.5891241,-58.4499722,30.0,26.0,1.0,,1,,,,18000.0,Monoambiente tranquilo en edificio con amenities,,,1,0,0,0,0,0,0,0,0,0,0,0,0,0,0,0,0,0,0,0,0,0
remax,6c4d2119-c043-4d95-86e8-500bd7da36d6,https://www.remax.com.ar/listings/oficina-aaa-alquiler-retiro-con-cochera-5,2026-08-13T22:40:08+00:00,alquiler,oficina,2300.0,USD,USD 2300.0,1750000.0,ARS,Esmeralda 1000,Esmeralda,1000,,retiro,Retiro,1.0,Capital Federal,-34.5954218,-58.3785766,220.0,220.0,,,2,1.0,,,10.45,Oficina AAA alquiler Retiro con cochera,,,0,0,0,0,0,0,0,0,0,1,0,0,0,0,0,0,0,0,0,0,0,0
remax,6c4748ed-f156-4368-a1da-c1147cdb3fb1,https://www.remax.com.ar/listings/alquiler-depto-3-amb-c-balcon-coch-y-pileta,2026-08-13T22:40:08+00:00,alquiler,departamento_estandar,2250000.0,ARS,ARS 2250000.0,450000.0,ARS,Washington 2600,Washington,2600,,coghlan,Coghlan,12.0,Capital Federal,-34.5644053,-58.4737648,84.91,77.95,3.0,,2,,,,26498.65,"Alquiler depto 3 amb, c/ balcon, coch y pileta",,,1,1,0,0,0,0,0,0,0,0,0,0,0,1,0,0,0,0,0,0,0,0
remax,6c3a251d-0258-4ecb-9095-65e09d2a4908,https://www.remax.com.ar/listings/alquiler-depto-3-ambientes-c-dependencia-retiro,2026-08-13T22:40:08+00:00,alquiler,departamento_estandar,800000.0,ARS,ARS 800000.0,390000.0,ARS,Av Libertador 100,Av Libertador,100,,retiro,Retiro,1.0,Capital Federal,-34.592113331739,-58.376498222351,93.48,90.78,3.0,,2,,,,8557.98,ALQUILER DEPTO 3 AMBIENTES C/DEPENDENCIA RETIRO,,,0,0,0,0,0,0,0,0,0,0,0,0,0,0,0,0,0,0,0,0,0,0
remax,6c16a236-19c5-46ed-9b7a-51cf24e69bc9,https://www.remax.com.ar/listings/departamento-2-amb-en-alquiler-c-baulera-recoleta,2026-08-13T22:40:08+00:00,alquiler,departamento_estandar,750000.0,ARS,ARS 750000.0,217000.0,ARS,José A. Cabrera 3100,José A. Cabrera,3100,,recoleta,Recoleta,2.0,Capital Federal,-34.5967996,-58.4111755,42.08,42.08,2.0,,1,,,,17823.19,DEPARTAMENTO 2 AMB EN ALQUILER C/BAULERA RECOLETA,,,0,0,0,0,0,0,0,0,0,0,1,0,0,0,0,0,0,0,0,0,0,0
remax,6c073036-75a0-4412-9cac-d1bd8d75338b,https://www.remax.com.ar/listings/alquiler-2-ambientes-5om2-seguridad-24-hs-almagro,2026-08-13T22:40:08+00:00,alquiler,departamento_estandar,760000.0,ARS,ARS 760000.0,200000.0,ARS,Av Corrientes 4000,Av Corrientes,4000,,almagro,Almagro,5.0,Capital Federal,-34.60295893234,-58.422150970437,50.22,43.43,2.0,,1,,,,15133.41,ALQUILER 2 AMBIENTES 5Om2 Seguridad 24 hs Almagro,,,0,0,0,0,0,0,0,0,0,0,0,1,0,0,0,0,0,0,0,0,0,0
remax,6bf7b289-878c-4aee-bd0c-87da6ea0479f,https://www.remax.com.ar/listings/alquiler-oficina-planta-libre-839-m2-retiro-centro,2026-08-13T22:40:08+00:00,alquiler,oficina,6000000.0,ARS,ARS 6000000.0,,ARS,Avenida Córdoba 500,Avenida Córdoba,500,,retiro,Retiro,1.0,Capital Federal,-34.5985263,-58.3746892,839.0,839.0,,,2,,,,7151.37,Alquiler Oficina Planta Libre 839 M2-Retiro-Centro,,,0,0,0,0,0,0,0,0,0,0,0,0,0,0,0,0,0,0,0,0,0,0
remax,6be48276-461d-4b47-8d7a-07c0714b028b,https://www.remax.com.ar/listings/alquiler-local-comercial-a-estrenar-villa-urquiza,2026-08-13T22:40:08+00:00,alquiler,local,4000.0,USD,USD 4000.0,,ARS,Franklin Delano Roosevelt 5700,Franklin Delano Roosevelt,5700,,villa urquiza,Villa Urquiza,12.0,Capital Federal,-34.577296,-58.4935525,187.26,187.26,,,4,,,,21.36,ALQUILER LOCAL COMERCIAL A ESTRENAR VILLA URQUIZA,,,0,0,0,0,0,0,0,0,0,0,0,0,0,0,0,0,0,0,0,0,0,0
remax,6be201c4-29ec-4e27-9374-e8e2a83ae586,https://www.remax.com.ar/listings/alquiler-4-ambientes-c-terraza-y-cochera,2026-08-13T22:40:08+00:00,alquiler,departamento_estandar,1800.0,USD,USD 1800.0,525000.0,ARS,Avenida del Libertador 700,Avenida del Libertador,700,,recoleta,Recoleta,2.0,Capital Federal,-34.5882415,-58.3832397,149.0,125.0,4.0,,2,1.0,,,12.08,Alquiler 4 ambientes c/terraza y cochera,,,0,0,0,0,0,0,0,0,0,1,0,0,0,1,0,0,0,0,0,0,0,0
remax,6bde8007-73bd-4696-8493-43716f2bf52c,https://www.remax.com.ar/listings/ph-3-ambientes-en-esquina-bajas-expensas,2026-08-13T22:40:08+00:00,alquiler,ph,860000.0,ARS,ARS 860000.0,70000.0,ARS,México 2100,México,2100,,balvanera,Balvanera,3.0,Capital Federal,-34.6160977,-58.3962115,45.0,45.0,3.0,,1,,,,19111.11,PH 3 Ambientes en Esquina – Bajas Expensas,,,0,0,0,0,0,0,0,0,0,0,0,0,0,0,0,0,0,0,0,0,0,0
remax,6ba9feaa-7ad2-4922-8749-d34c758e3d1a,https://www.remax.com.ar/listings/alquiler-de-cochera-en-el-barrio-de-san-nicolas,2026-08-13T22:40:08+00:00,alquiler,cochera,90000.0,ARS,ARS 90000.0,13473.0,ARS,Lavalle 600,Lavalle,600,,san nicolas,San Nicolás,1.0,Capital Federal,-34.602483080242,-58.377227215736,14.24,14.24,,,0,1.0,,,6320.22,ALQUILER DE COCHERA EN EL BARRIO DE SAN NICOLAS,,,0,0,0,0,0,0,0,0,0,1,0,0,0,0,0,0,0,0,0,0,0,0
remax,6b5f9687-6e9e-45d2-808c-ff2c7b3ea2c5,https://www.remax.com.ar/listings/retiro-alquiler-departamento-5-ambientes-luminoso,2026-08-13T22:40:11+00:00,alquiler,departamento_estandar,1650000.0,ARS,ARS 1650000.0,450000.0,ARS,Marcelo T de Alvear 1200,Marcelo T de Alvear,1200,,retiro,Retiro,1.0,Capital Federal,-34.596711452328,-58.384938597483,104.0,92.0,5.0,,3,,,,15865.38,RETIRO ALQUILER DEPARTAMENTO 5 AMBIENTES LUMINOSO,,,0,0,0,0,0,0,0,0,0,0,0,0,1,0,0,0,0,0,0,0,0,0
remax,6b59761a-3e52-40d7-aeb1-7bfcf5670446,https://www.remax.com.ar/listings/alquiler-monoambiente-luminoso-balcon-floresta,2026-08-13T22:40:11+00:00,alquiler,departamento_monoambiente,450000.0,ARS,ARS 450000.0,160000.0,ARS,Avenida Juan Bautista Alberdi 3400,Avenida Juan Bautista Alberdi,3400,,floresta,Floresta,10.0,Capital Federal,-34.6350465,-58.4747538,36.0,31.0,1.0,,1,,,,12500.0,"ALQUILER MONOAMBIENTE LUMINOSO, BALCÓN – FLORESTA",,,0,0,0,0,0,0,0,0,0,0,0,0,1,1,0,0,0,0,0,0,0,0
remax,6b5730ef-030f-4613-a949-594f03512a89,https://www.remax.com.ar/listings/monserrat-2-amb-apto-profesional-acepta-mascota,2026-08-13T22:40:11+00:00,alquiler,departamento_estandar,700000.0,ARS,ARS 700000.0,190000.0,ARS,Chacabuco 100,Chacabuco,100,,monserrat,Monserrat,1.0,Capital Federal,-34.6098278,-58.3764256,38.0,38.0,2.0,,1,,,,18421.05,Monserrat - 2 amb. Apto Profesional ACEPTA MASCOTA,,,0,0,0,0,0,0,0,0,1,0,0,0,0,0,0,0,0,0,0,0,0,0
remax,6b12bcda-6db2-45e9-9757-9a6c0cd30e49,https://www.remax.com.ar/listings/alquiler-depto-4-amb-monserrat-estilo-clasico-1,2026-08-13T22:40:11+00:00,alquiler,departamento_estandar,1200000.0,ARS,ARS 1200000.0,160000.0,ARS,Avenida Belgrano 500,Avenida Belgrano,500,,monserrat,Monserrat,1.0,Capital Federal,-34.6124343,-58.3741151,93.0,93.0,4.0,,1,,,,12903.23,Alquiler Depto. 4 Amb. Monserrat Estilo Clásico,,,0,0,0,0,0,0,0,0,0,0,0,0,0,0,0,0,0,0,0,0,0,0
remax,6afe4b2e-88fd-4bfa-b4ee-b5430fb07aba,https://www.remax.com.ar/listings/alquiler-departamento-2-ambientes-en-palermo-1,2026-08-13T22:40:11+00:00,alquiler,departamento_estandar,650000.0,ARS,ARS 650000.0,150000.0,ARS,Avenida Coronel Díaz 2400,Avenida Coronel Díaz,2400,,recoleta,Recoleta,2.0,Capital Federal,-34.5845595,-58.4064244,32.0,32.0,2.0,,1,,,,20312.5,ALQUILER DEPARTAMENTO 2 AMBIENTES EN PALERMO,,,0,0,0,0,0,0,0,0,0,0,0,0,0,0,0,0,0,0,0,0,0,0
remax,6af1430d-5325-4ba4-9c9b-e2ee57466235,https://www.remax.com.ar/listings/alquiler-palermo-semipiso-frente-balcon,2026-08-13T22:40:11+00:00,alquiler,departamento_semipiso,1500000.0,ARS,ARS 1500000.0,400000.0,ARS,Avenida Coronel Díaz 1700,Avenida Coronel Díaz,1700,,palermo,Palermo,14.0,Capital Federal,-34.5911029,-58.4120835,82.82,73.13,3.0,,2,,,,18111.57,ALQUILER PALERMO SEMIPISO FRENTE BALCÓN,,,0,0,0,0,0,0,0,0,0,0,0,0,0,1,0,0,0,0,0,0,0,0
remax,6aead80e-1015-4b53-9153-b934e1cc3f34,https://www.remax.com.ar/listings/luminoso-2-amb-al-contrafrente-en-recoleta,2026-08-13T22:40:11+00:00,alquiler,departamento_estandar,800000.0,ARS,ARS 800000.0,149096.0,ARS,Talcahuano 1200,Talcahuano,1200,,recoleta,Recoleta,2.0,Capital Federal,-34.5939836,-58.385812,37.37,37.37,2.0,,1,,,,21407.55,Luminoso 2 Amb al Contrafrente en Recoleta,,,0,0,0,0,0,0,0,0,0,0,0,0,1,0,0,0,0,1,0,0,0,0
remax,6ade8e06-8c7d-4847-a5f3-6ffdb48f3850,https://www.remax.com.ar/listings/alquiler-monoambiente-puerto-madero-con-cochera,2026-08-13T22:40:11+00:00,alquiler,departamento_monoambiente,1200.0,USD,USD 1200.0,300000.0,ARS,Calle República Bolivariana de Venezuela 0,Calle República Bolivariana de Venezuela,0,,puerto madero,Puerto Madero,1.0,Capital Federal,-34.6137199,-58.3671514,67.0,60.0,1.0,,2,1.0,,,17.91,ALQUILER MONOAMBIENTE PUERTO MADERO CON COCHERA,,,0,0,0,0,0,0,0,0,0,1,0,0,0,0,0,0,0,0,0,0,0,0
remax,6ad9d22e-6722-453f-9430-43a2fb436866,https://www.remax.com.ar/listings/alquiler-departamento-3-ambientes-colegiales,2026-08-13T22:40:11+00:00,alquiler,departamento_estandar,1190000.0,ARS,ARS 1190000.0,220000.0,ARS,Aguilar 2500,Aguilar,2500,,colegiales,Colegiales,13.0,Capital Federal,-34.5704595,-58.4487557,65.0,65.0,3.0,,1,,,,18307.69,ALQUILER DEPARTAMENTO 3 AMBIENTES COLEGIALES,,,0,0,0,0,0,0,0,0,0,0,0,0,0,0,0,0,0,0,0,0,0,0
remax,6aa3c5f8-a51e-444b-97b6-340cf4914f28,https://www.remax.com.ar/listings/alquiler-oficina-microcentro-200-metros,2026-08-13T22:40:14+00:00,alquiler,oficina,1500000.0,ARS,ARS 1500000.0,1100000.0,ARS,Avenida Corrientes 500,Avenida Corrientes,500,,san nicolas,Centro / Microcentro,1.0,Capital Federal,-34.6030929,-58.3746959,200.0,200.0,,,2,,,,7500.0,ALQUILER OFICINA MICROCENTRO 200 METROS,,,0,0,0,0,0,0,0,0,0,0,0,0,0,0,0,0,0,0,0,0,0,0
remax,6a8bdb5f-0012-4c5d-94f3-332f39ab6a24,https://www.remax.com.ar/listings/alquiler-2-amb-c-balcon-aterrazado-villa-urquiza,2026-08-13T22:40:14+00:00,alquiler,departamento_estandar,750000.0,ARS,ARS 750000.0,250000.0,ARS,Fernández Blanco 2300,Fernández Blanco,2300,,villa urquiza,Villa Urquiza,12.0,Capital Federal,-34.5737096,-58.4818878,55.99,32.26,2.0,,1,,,,13395.25,Alquiler 2 amb c/balcón aterrazado - Villa Urquiza,,,0,0,0,0,0,0,0,0,0,0,0,0,0,1,0,0,0,0,0,0,0,0
remax,6a81420a-7bbc-4864-879e-532a2ade9074,https://www.remax.com.ar/listings/alquiler-2-amb-amoeblado-balcon-canitas-hermoso,2026-08-13T22:40:14+00:00,alquiler,departamento_estandar,980000.0,ARS,ARS 980000.0,155874.0,ARS,Avenida Luis María Campos 800,Avenida Luis María Campos,800,,palermo,Palermo,14.0,Capital Federal,-34.5688534,-58.43683,43.31,38.42,2.0,,1,,,,22627.57,Alquiler 2 amb. Amoeblado Balcón Cañitas Hermoso!,,,0,0,0,0,0,0,0,0,0,0,0,0,0,1,0,0,0,0,0,0,0,0
remax,6a70fe3e-6774-4246-8ae5-f5a0704b3968,https://www.remax.com.ar/listings/alquiler-depto-3-amb-amoblado-balcon-villa-devoto,2026-08-13T22:40:14+00:00,alquiler,departamento_estandar,1300000.0,ARS,ARS 1300000.0,146000.0,ARS,Pedro Morán 4500,Pedro Morán,4500,,villa devoto,Villa Devoto,11.0,Capital Federal,-34.6054313,-58.5165987,57.98,53.59,3.0,,1,,,,22421.52,ALQUILER depto 3 amb AMOBLADO balcón Villa Devoto,,,0,0,0,0,0,0,0,0,0,0,0,0,0,1,0,0,0,0,1,0,0,0
remax,6a4d2cde-e989-4b77-888a-f758aef35b3d,https://www.remax.com.ar/listings/dpto-2-amb-alquiler-villa-del-parque-con-cochera,2026-08-13T22:40:14+00:00,alquiler,departamento_estandar,750000.0,ARS,ARS 750000.0,190000.0,ARS,Simbrón 3500,Simbrón,3500,,villa del parque,Villa del Parque,11.0,Capital Federal,-34.602506057603,-58.501266003113,45.72,42.38,2.0,,1,1.0,,,16404.2,DPTO 2 AMB ALQUILER VILLA DEL PARQUE CON COCHERA,,,0,0,0,0,0,0,0,0,0,1,0,0,0,0,0,0,0,0,0,0,0,0
remax,6a18f985-8e25-49cc-953c-d9baffd20db9,https://www.remax.com.ar/listings/alquiler-2-ambientes-frente-esq-palermo-hollywood,2026-08-13T22:40:17+00:00,alquiler,departamento_estandar,590000.0,ARS,ARS 590000.0,160000.0,ARS,Paraguay 5200,Paraguay,5200,,palermo,Palermo Hollywood,14.0,Capital Federal,-34.5792479,-58.4310235,31.0,31.0,2.0,,1,,,,19032.26,Alquiler 2 ambientes frente esq. Palermo Hollywood,,,0,0,0,0,0,0,0,0,0,0,0,0,0,0,0,0,0,0,0,0,0,0
remax,6a074f52-0a84-41ee-bf4d-fd18d13c4864,https://www.remax.com.ar/listings/venta-monoambiente-en-nunez-apto-profesional,2026-08-13T22:40:17+00:00,alquiler,departamento_monoambiente,690000.0,ARS,ARS 690000.0,120000.0,ARS,Campos Salles 1900,Campos Salles,1900,,nunez,Nuñez,13.0,Capital Federal,-34.5494053,-58.4610546,30.49,27.25,1.0,,1,,,,22630.37,VENTA MONOAMBIENTE EN NUÑEZ APTO PROFESIONAL,,,0,0,0,0,0,0,0,0,1,0,0,0,0,0,0,0,0,0,0,0,0,0
remax,6a01a7cc-d22f-46e5-80cb-f5624e3cec3d,https://www.remax.com.ar/listings/alquiler-monoambiente-belgrano-con-cochera,2026-08-13T22:40:17+00:00,alquiler,departamento_monoambiente,700000.0,ARS,ARS 700000.0,200000.0,ARS,Vidal 1700,Vidal,1700,,belgrano,Belgrano,13.0,Capital Federal,-34.5674847,-58.4576142,32.0,28.0,1.0,,1,1.0,,,21875.0,ALQUILER MONOAMBIENTE BELGRANO CON COCHERA,,,0,0,0,0,0,0,0,0,0,1,0,0,0,0,0,0,0,0,0,0,0,0
remax,69f5ff8b-442a-4333-9898-d7aa67d4a9c5,https://www.remax.com.ar/listings/alquiler-monoambiente-39-m2-con-balcon-a-estrenar,2026-08-13T22:40:17+00:00,alquiler,departamento_monoambiente,550000.0,ARS,ARS 550000.0,125000.0,ARS,Adolfo Alsina 2100,Adolfo Alsina,2100,,balvanera,Balvanera,3.0,Capital Federal,-34.6119084,-58.396558,39.0,36.0,1.0,,1,,,,14102.56,ALQUILER MONOAMBIENTE 39 m2 CON BALCON A ESTRENAR,,,0,0,0,0,0,0,0,0,0,0,0,0,0,1,0,0,0,0,0,0,0,0
remax,69c9b050-2de7-491b-a571-a76818aaeb5b,https://www.remax.com.ar/listings/alquiler-multiespacio-oficinas-excelente-ubicacion-1,2026-08-13T22:40:17+00:00,alquiler,oficina,245000.0,ARS,ARS 245000.0,63500.0,ARS,Avenida Callao 400,Avenida Callao,400,,balvanera,Balvanera,3.0,Capital Federal,-34.6035032,-58.3925224,2000.0,2000.0,,,0,,,,122.5,ALQUILER MULTIESPACIO OFICINAS EXCELENTE UBICACION,,,0,0,0,0,0,0,0,0,0,0,0,0,0,0,0,0,0,0,0,0,0,0
remax,698c09f1-0497-4667-a99b-8f0bf58bd528,https://www.remax.com.ar/listings/alquiler-local-3-plantas-terraza-patio-v-crespo,2026-08-13T22:40:17+00:00,alquiler,local,2700000.0,ARS,ARS 2700000.0,0.0,ARS,Humboldt 100,Humboldt,100,,villa crespo,Villa Crespo,15.0,Capital Federal,-34.5969701,-58.4509489,181.94,144.11,,,0,,,,14840.06,ALQUILER LOCAL 3 PLANTAS TERRAZA PATIO V CRESPO,,,0,0,0,0,0,0,0,0,0,0,0,0,0,1,0,0,0,0,0,1,0,0
remax,69799230-8f69-4957-b169-949eebfefe7f,https://www.remax.com.ar/listings/alquiler-flores-dpto-3-amb-con-toilette-cochera,2026-08-13T22:40:17+00:00,alquiler,departamento_estandar,1400000.0,ARS,ARS 1400000.0,230000.0,ARS,Andrés Lamas 700,Andrés Lamas,700,,flores,Flores,7.0,Capital Federal,-34.6185187,-58.4616456,70.0,65.0,3.0,,1,1.0,,,20000.0,ALQUILER FLORES DPTO 3 AMB CON TOILETTE & COCHERA,,,0,0,0,0,0,0,0,0,0,1,0,0,0,0,0,0,0,0,0,0,0,0
remax,685ad398-fd3e-420e-88c4-aee917ac7553,https://www.remax.com.ar/listings/departamento-de-2-ambientes-en-alquiler-paternal,2026-08-13T22:40:24+00:00,alquiler,departamento_semipiso,800000.0,ARS,ARS 800000.0,220000.0,ARS,Avenida San Martín 2300,Avenida San Martín,2300,,la paternal,La Paternal,15.0,Capital Federal,-34.6040791,-58.4611655,46.0,42.0,2.0,,1,,,,17391.3,DEPARTAMENTO DE 2 AMBIENTES EN ALQUILER PATERNAL,,,0,0,0,0,0,0,0,0,0,0,0,0,0,0,0,0,0,0,0,0,0,0
remax,685acd8d-1781-4ca0-a1d1-fc20cf3c52f1,https://www.remax.com.ar/listings/alquiler-departamento-2-ambientes-cochera-cubierta,2026-08-13T22:40:24+00:00,alquiler,departamento_estandar,750000.0,ARS,ARS 750000.0,174000.0,ARS,Yerbal 2400,Yerbal,2400,,flores,Flores,7.0,Capital Federal,-34.6275367,-58.4638443,50.0,47.0,2.0,,1,1.0,,,15000.0,ALQUILER DEPARTAMENTO 2 AMBIENTES COCHERA CUBIERTA,,,0,0,0,0,0,0,0,0,0,1,0,0,0,0,0,0,0,0,0,0,0,0
remax,68592e9d-bb7b-498c-a5e7-d45762008e98,https://www.remax.com.ar/listings/alquiler-monoambiente-recoleta-piso-alto-frente,2026-08-13T22:40:24+00:00,alquiler,departamento_monoambiente,500000.0,ARS,ARS 500000.0,130000.0,ARS,Laprida 1500,Laprida,1500,,recoleta,Recoleta,2.0,Capital Federal,-34.591314450209,-58.404409646901,27.0,27.0,1.0,,1,,,,18518.52,ALQUILER MONOAMBIENTE RECOLETA PISO ALTO FRENTE,,,0,0,0,0,0,0,0,0,0,0,0,0,0,0,0,0,0,0,0,0,0,0
remax,684c5690-aa5c-4878-a1b3-457d00479d86,https://www.remax.com.ar/listings/alquiler-depto-2-amb-flores-apto-prof-renovado,2026-08-13T22:40:24+00:00,alquiler,departamento_estandar,600000.0,ARS,ARS 600000.0,105029.0,ARS,Avenida Directorio 2500,Avenida Directorio,2500,,flores,Flores,7.0,Capital Federal,-34.63349515982,-58.462672233582,34.97,34.97,2.0,,1,,,,17157.56,ALQUILER DEPTO 2 AMB.FLORES APTO PROF.Renovado!,,,0,0,0,0,0,0,0,0,0,0,0,0,0,0,0,0,0,0,0,0,0,0
remax,67fd7f86-91d9-4b53-beca-fc7b5336a299,https://www.remax.com.ar/listings/espectacular-monoambiente-full-amenites-palermo,2026-08-13T22:40:24+00:00,alquiler,departamento_monoambiente,550000.0,ARS,ARS 550000.0,170000.0,ARS,Aguilar 2200,Aguilar,2200,,palermo,Palermo,14.0,Capital Federal,-34.5682564,-58.4462972,28.0,24.0,1.0,,1,,,,19642.86,Espectacular monoambiente full amenites Palermo,,,0,0,0,0,0,0,0,0,0,0,0,0,0,0,0,0,0,0,0,0,0,0
remax,67cfef5f-17ea-4b9d-956c-4d7743fda9a1,https://www.remax.com.ar/listings/alquiler-departamento-3-ambientes-barracas-centro,2026-08-13T22:40:28+00:00,alquiler,departamento_estandar,950000.0,ARS,ARS 950000.0,190000.0,ARS,Ruy Díaz de Guzmán 0,Ruy Díaz de Guzmán,0,,barracas,Barracas,4.0,Capital Federal,-34.6317412,-58.371531,50.0,47.0,3.0,,1,,,,19000.0,ALQUILER DEPARTAMENTO 3 AMBIENTES BARRACAS CENTRO,,,0,0,0,0,0,0,0,0,0,0,0,0,0,0,0,0,0,0,0,0,0,0
remax,67c9f590-19a4-4eb5-baf9-0e7918e236ac,https://www.remax.com.ar/listings/dos-ambientes-con-balcon-luminoso,2026-08-13T22:40:28+00:00,alquiler,departamento_estandar,685000.0,ARS,ARS 685000.0,100000.0,ARS,Saavedra 1000,Saavedra,1000,,san cristobal,San Cristobal,3.0,Capital Federal,-34.62109533687,-58.401649296284,34.8,32.5,2.0,,1,,,,19683.91,DOS AMBIENTES CON BALCON. LUMINOSO,,,0,0,0,0,0,0,0,0,0,0,0,0,1,1,0,0,0,0,0,0,0,0
remax,6792088a-297d-4bed-807d-3873faeb46ee,https://www.remax.com.ar/listings/alquiler-floresta-4-amb-cochera-seguridad-pileta,2026-08-13T22:40:28+00:00,alquiler,departamento_estandar,1200000.0,ARS,ARS 1200000.0,600000.0,ARS,Coronel Ramón Lorenzo Falcón 4000,Coronel Ramón Lorenzo Falcón,4000,,floresta,Floresta,10.0,Capital Federal,-34.6356915,-58.4834023,79.17,72.21,4.0,,2,1.0,,,15157.26,ALQUILER FLORESTA 4 AMB COCHERA SEGURIDAD PILETA,,,1,1,0,0,0,0,0,0,0,1,0,0,0,0,0,0,0,0,0,0,0,0
remax,67891177-1c36-426b-828c-71d8f4854616,https://www.remax.com.ar/listings/monoambiente-en-alquiler-con-pileta-y-amenities,2026-08-13T22:40:28+00:00,alquiler,departamento_monoambiente,1200.0,USD,USD 1200.0,356517.0,ARS,Concepcion Arenal 3400,Concepcion Arenal,3400,,palermo,Palermo Hollywood,14.0,Capital Federal,-34.582965,-58.446453,73.0,65.0,1.0,,1,,,,16.44,Monoambiente en alquiler con pileta y amenities,,,1,1,0,0,0,0,0,0,0,0,0,0,0,0,0,0,0,0,0,0,0,0
remax,677b9fac-dc68-43ee-81d8-7b76fd84377b,https://www.remax.com.ar/listings/alquiler-de-local-en-parque-chacabuco,2026-08-13T22:40:28+00:00,alquiler,local,900000.0,ARS,ARS 900000.0,240000.0,ARS,Avenida Asamblea 600,Avenida Asamblea,600,,parque chacabuco,Parque Chacabuco,7.0,Capital Federal,-34.6345886,-58.4348567,67.4,67.4,,,1,,,,13353.12,ALQUILER DE LOCAL EN PARQUE CHACABUCO,,,0,0,0,0,0,0,0,0,0,0,0,0,0,0,0,0,0,0,0,0,0,0
remax,673fe750-548e-4f2c-a70a-915b57e42b70,https://www.remax.com.ar/listings/alquiler-penthouse-duplex-c-terraza-en-palermo,2026-08-13T22:40:28+00:00,alquiler,departamento_penthouse,2100.0,USD,USD 2100.0,397000.0,ARS,República de la India 2700,República de la India,2700,,palermo,Palermo,14.0,Capital Federal,-34.5809026,-58.4163438,115.0,95.0,3.0,,2,,,,18.26,Alquiler Penthouse Duplex c/ terraza en Palermo,,,0,0,0,0,0,0,0,0,0,0,0,0,0,1,0,0,0,0,0,0,0,0
remax,6730dd93-d52e-49c0-b94d-d38ed4ce771f,https://www.remax.com.ar/listings/alquiler-departameto-2-ambientes-amueblado-retiro,2026-08-13T22:40:28+00:00,alquiler,departamento_estandar,1000.0,USD,USD 1000.0,130000.0,ARS,Maipú 700,Maipú,700,,san nicolas,San Nicolás,1.0,Capital Federal,-34.5995079,-58.3768948,42.0,42.0,2.0,,1,,,,23.81,Alquiler departameto 2 ambientes amueblado RETIRO,,,0,0,0,0,0,0,0,0,0,0,0,0,0,0,0,0,0,0,1,0,0,0
remax,67252683-fdd0-49a7-a2c6-f7c5c026b3c6,https://www.remax.com.ar/listings/belgrano-alquiler-5-amb-2-cocheras-amenities,2026-08-13T22:40:28+00:00,alquiler,departamento_estandar,2500.0,USD,USD 2500.0,1300000.0,ARS,Avenida Doctor Ricardo Balbín 2400,Avenida Doctor Ricardo Balbín,2400,,belgrano,Belgrano,13.0,Capital Federal,-34.5629296,-58.4651271,196.46,178.26,5.0,,2,1.0,,,12.73,BELGRANO ALQUILER 5 AMB. 2 COCHERAS AMENITIES,,,1,0,0,0,0,0,0,0,0,1,0,0,0,0,0,0,0,0,0,0,0,0
remax,670d6250-28a7-48ce-84d0-93710ab63895,https://www.remax.com.ar/listings/2-ambientes-luminosos-en-congreso-cerca-del-subte,2026-08-13T22:40:31+00:00,alquiler,departamento_estandar,600000.0,ARS,ARS 600000.0,140000.0,ARS,Bartolomé Mitre 2000,Bartolomé Mitre,2000,,balvanera,Balvanera,3.0,Capital Federal,-34.6083318,-58.3952016,32.75,32.75,2.0,,1,,,,18320.61,2 AMBIENTES LUMINOSOS EN CONGRESO CERCA DEL SUBTE,,,0,0,0,0,0,0,0,0,0,0,0,0,1,0,0,0,0,0,0,0,0,0
remax,67074412-3916-4e1d-bafd-65fad961dd08,https://www.remax.com.ar/listings/alquiler-en-villa-devoto-monoambiente-c-cochera,2026-08-13T22:40:31+00:00,alquiler,departamento_monoambiente,630000.0,ARS,ARS 630000.0,180000.0,ARS,Avenida General Mosconi 4300,Avenida General Mosconi,4300,,villa devoto,Villa Devoto,11.0,Capital Federal,-34.5967138,-58.5189753,33.07,30.67,1.0,,1,1.0,,,19050.5,ALQUILER en Villa Devoto monoambiente c/cochera,,,0,0,0,0,0,0,0,0,0,1,0,0,0,0,0,0,0,0,0,0,0,0
remax,66fd54a5-7487-474e-bf98-011f8dcb2a7c,https://www.remax.com.ar/listings/alquiler-monoambiente-balcon-villa-del-parque,2026-08-13T22:40:31+00:00,alquiler,departamento_estandar,550000.0,ARS,ARS 550000.0,157000.0,ARS,Joaquín V. González 2100,Joaquín V. González,2100,,villa del parque,Villa del Parque,11.0,Capital Federal,-34.6137562,-58.496313,36.0,29.79,1.0,,1,,,,15277.78,ALQUILER MONOAMBIENTE BALCON VILLA DEL PARQUE,,,0,0,0,0,0,0,0,0,0,0,0,0,0,1,0,0,0,0,0,0,0,0
remax,66e5c372-f6a8-423e-8c91-4e895204feeb,https://www.remax.com.ar/listings/alquiler-2-amb-belgrano-super-luminoso,2026-08-13T22:40:31+00:00,alquiler,departamento_estandar,920000.0,ARS,ARS 920000.0,271000.0,ARS,Cuba 1700,Cuba,1700,,belgrano,Belgrano,13.0,Capital Federal,-34.5642582,-58.4517571,48.0,46.0,2.0,,1,,,,19166.67,ALQUILER 2 AMB BELGRANO SUPER LUMINOSO,,,0,0,0,0,0,0,0,0,0,0,0,0,1,0,0,0,0,0,0,0,0,0
remax,66b8ee17-0c52-409d-b48b-fcfe5c6959e7,https://www.remax.com.ar/listings/departamento-monoambiente-en-alquiler-barracas,2026-08-13T22:40:31+00:00,alquiler,departamento_monoambiente,600000.0,ARS,ARS 600000.0,80000.0,ARS,Doctor Enrique Finochietto 900,Doctor Enrique Finochietto,900,,barracas,Barracas,4.0,Capital Federal,-34.6306407,-58.3781533,30.0,27.0,1.0,,1,,,,20000.0,DEPARTAMENTO MONOAMBIENTE EN ALQUILER BARRACAS,,,0,0,0,0,0,0,0,0,0,0,0,0,0,0,0,0,0,0,0,0,0,0
remax,66a83657-9dc0-4e0b-8219-059552c0ca9a,https://www.remax.com.ar/listings/alquiler-depto-2-amb-barracas-con-full-amenities,2026-08-13T22:40:31+00:00,alquiler,departamento_estandar,800000.0,ARS,ARS 800000.0,270000.0,ARS,Avenida Montes de Oca 1500,Avenida Montes de Oca,1500,,barracas,Barracas,4.0,Capital Federal,-34.6450218,-58.3736025,53.0,50.0,2.0,,1,,,,15094.34,ALQUILER DEPTO 2 AMB. BARRACAS CON FULL AMENITIES,,,1,0,0,0,0,0,0,0,0,0,0,0,0,0,0,0,0,0,0,0,0,0
remax,668cd844-a5f2-43ba-a739-615c44a91809,https://www.remax.com.ar/listings/palermo-hollywood-amplio-3-ambientes-con-balcon,2026-08-13T22:40:31+00:00,alquiler,departamento_estandar,1300.0,USD,USD 1300.0,270000.0,ARS,Angel Justino Carranza 2300,Angel Justino Carranza,2300,,palermo,Palermo Hollywood,14.0,Capital Federal,-34.5833602,-58.4394382,77.2,68.06,3.0,,2,,,,16.84,Palermo Hollywood | Amplio 3 ambientes con balcón,,,0,0,0,0,0,0,0,0,0,0,0,0,0,1,0,0,0,0,0,0,0,0
remax,66299c95-2679-4dd5-9b56-e6aab6542152,https://www.remax.com.ar/listings/monoambiente-amoblado-en-alquiler-en-congreso,2026-08-13T22:40:35+00:00,alquiler,departamento_monoambiente,500000.0,ARS,ARS 500000.0,87000.0,ARS,Paraná 100,Paraná,100,,san nicolas,San Nicolás,1.0,Capital Federal,-34.607098,-58.387934,17.72,17.72,1.0,,1,,,,28216.7,Monoambiente Amoblado en Alquiler en Congreso,,,0,0,0,0,0,0,0,0,0,0,0,0,0,0,0,0,0,0,1,0,0,0
remax,661ed2a9-94b3-4aac-8adc-9c8c4040359d,https://www.remax.com.ar/listings/oficina-piso-entrepiso-1-100m2-1-cocheras,2026-08-13T22:40:35+00:00,alquiler,oficina,2400.0,USD,USD 2400.0,100.0,ARS,Esmeralda 900,Esmeralda,900,,san nicolas,Centro / Microcentro,1.0,Capital Federal,-34.597291493457,-58.378629684667,120.0,120.0,,,4,1.0,,,20.0,Oficina Piso entrepiso 1- 100m2 1 cocheras,,,0,0,0,0,0,0,0,0,0,1,0,0,0,0,0,0,0,0,0,0,0,0
remax,660a81fb-7ab6-414d-996e-683907d5ac97,https://www.remax.com.ar/listings/alquiler-oficina-colegiales-a-estrenar,2026-08-13T22:40:35+00:00,alquiler,oficina,1650.0,USD,USD 1650.0,180000.0,ARS,Céspedes 2600,Céspedes,2600,,colegiales,Colegiales,13.0,Capital Federal,-34.5705141,-58.450107,95.0,95.0,,,3,,,,17.37,"Alquiler oficina Colegiales, A estrenar",,,0,0,0,0,0,0,0,0,0,0,0,0,0,0,0,0,0,0,0,0,0,0
remax,65f0de3b-3aed-45a1-81f5-c0958ebc4710,https://www.remax.com.ar/listings/alquiler-2-ambientes-toilette-cohera-amenities,2026-08-13T22:40:35+00:00,alquiler,departamento_estandar,,USD,USD,520000.0,ARS,Godoy Cruz 2900,Godoy Cruz,2900,,palermo,Palermo Chico,14.0,Capital Federal,-34.5760709,-58.4225729,50.32,46.42,2.0,,1,,,,,ALQUILER 2 AMBIENTES TOILETTE COHERA AMENITIES,,,1,0,0,0,0,0,0,0,0,0,0,0,0,0,0,0,0,0,0,0,0,0
remax,65e988f4-3dfa-4d3d-94cd-6f4915eac5ab,https://www.remax.com.ar/listings/alquiler-2-amb-monserrat-san-telmo,2026-08-13T22:40:35+00:00,alquiler,departamento_estandar,650000.0,ARS,ARS 650000.0,176000.0,ARS,Venezuela 400,Venezuela,400,,monserrat,Monserrat,1.0,Capital Federal,-34.6136134,-58.3726462,40.0,40.0,2.0,,1,,,,16250.0,Alquiler 2 amb Monserrat San Telmo,,,0,0,0,0,0,0,0,0,0,0,0,0,0,0,0,0,0,0,0,0,0,0
remax,65dfb662-afea-4ceb-a115-fc50ddcf66c4,https://www.remax.com.ar/listings/alquiler-dpto-2-amb-con-balcon-terraza-paternal,2026-08-13T22:40:35+00:00,alquiler,departamento_estandar,750000.0,ARS,ARS 750000.0,146000.0,ARS,Terrero 2900,Terrero,2900,,la paternal,La Paternal,15.0,Capital Federal,-34.6018079,-58.4763311,65.0,30.5,2.0,,1,,,,11538.46,ALQUILER DPTO 2 AMB CON BALCON TERRAZA PATERNAL,,,0,0,0,0,0,0,0,0,0,0,0,0,0,1,0,0,0,0,0,0,0,0
remax,65ca5fda-240c-457a-bead-15aa32dc6368,https://www.remax.com.ar/listings/local-oficina-en-alquiler-con-jardin-privado,2026-08-13T22:40:35+00:00,alquiler,departamento_estandar,1500.0,USD,USD 1500.0,420.0,ARS,Avenida Raúl Scalabrini Ortiz 2400,Avenida Raúl Scalabrini Ortiz,2400,,,Botánico,,Capital Federal,-34.5857142,-58.4164762,103.0,103.0,3.0,,1,,,,14.56,LOCAL / OFICINA EN ALQUILER CON JARDÍN PRIVADO,,,0,0,0,0,0,0,0,0,0,0,0,0,0,0,0,0,0,0,0,1,0,0
remax,65675118-79d0-47aa-acf8-c46946b525e4,https://www.remax.com.ar/listings/alquiler-coghlan-monoambiente-con-amenities,2026-08-13T22:40:39+00:00,alquiler,departamento_estandar,600000.0,ARS,ARS 600000.0,188000.0,ARS,Avenida Doctor Ricardo Balbín 2500,Avenida Doctor Ricardo Balbín,2500,,coghlan,Coghlan,12.0,Capital Federal,-34.5619647,-58.4673819,33.67,31.26,1.0,,1,,,,17820.02,"Alquiler, Coghlan, Monoambiente con Amenities",,,1,0,0,0,0,0,0,0,0,0,0,0,0,0,0,0,0,0,0,0,0,0
remax,6521f9ba-79e2-4b76-b3aa-89c88de5bad8,https://www.remax.com.ar/listings/alquiler-monoamb-equipado-cercano-galeria-pacifico,2026-08-13T22:40:39+00:00,alquiler,departamento_monoambiente,500000.0,ARS,ARS 500000.0,180000.0,ARS,Avenida Córdoba 800,Avenida Córdoba,800,,san nicolas,Centro / Microcentro,1.0,Capital Federal,-34.5987662,-58.3789,31.0,31.0,1.0,,1,,,,16129.03,ALQUILER MONOAMB EQUIPADO CERCANO GALERIA PACIFICO,,,0,0,0,0,0,0,0,0,0,0,0,0,0,0,0,0,0,0,1,0,0,0
remax,6514e00c-b0eb-4604-a806-02d50a0db76b,https://www.remax.com.ar/listings/comodo-monoambiente-al-frente-con-balcon,2026-08-13T22:40:39+00:00,alquiler,departamento_monoambiente,600000.0,ARS,ARS 600000.0,230000.0,ARS,Carlos Antonio López 2200,Carlos Antonio López,2200,,villa pueyrredon,Villa Pueyrredón,12.0,Capital Federal,-34.58067,-58.495744,30.0,28.0,1.0,,1,,,,20000.0,Cómodo monoambiente al frente con balcón,,,0,0,0,0,0,0,0,0,0,0,0,0,0,1,0,0,0,1,0,0,0,0
remax,65037da2-8048-4c84-8c6e-9b25cdb9e44a,https://www.remax.com.ar/listings/monoambiente-tipo-loft-1,2026-08-13T22:40:39+00:00,alquiler,departamento_loft,700000.0,ARS,ARS 700000.0,90000.0,ARS,Lavalle 1400,Lavalle,1400,,san nicolas,Centro / Microcentro,1.0,Capital Federal,-34.607373331424,-58.44578133155,23.0,23.0,1.0,,1,,,,30434.78,Monoambiente tipo loft,,,0,0,0,0,0,0,0,0,0,0,0,0,0,0,0,0,0,0,0,0,0,0
remax,64f4430b-3bf7-479a-b0b4-df16bf28fda9,https://www.remax.com.ar/listings/monoambiente-temporario-amoblado-en-monserrat,2026-08-13T22:40:39+00:00,alquiler,departamento_monoambiente,350.0,USD,USD 350.0,250000.0,ARS,Avenida Hipólito Yrigoyen 700,Avenida Hipólito Yrigoyen,700,,monserrat,Monserrat,1.0,Capital Federal,-34.6092514,-58.3766649,26.77,26.77,1.0,,1,,,,13.07,MONOAMBIENTE TEMPORARIO AMOBLADO EN MONSERRAT,,,0,0,0,0,0,0,0,0,0,0,0,0,0,0,0,0,0,0,1,0,0,0
remax,64e1f66c-791d-41c1-a3ab-ce4f6f1654aa,https://www.remax.com.ar/listings/alquiler-impecable-duplex-amoblado-con-cochera,2026-08-13T22:40:39+00:00,alquiler,departamento_duplex,1800000.0,ARS,ARS 1800000.0,350000.0,ARS,Deheza 1600,Deheza,1600,,nunez,Nuñez,13.0,Capital Federal,-34.537777957449,-58.466384410858,46.81,44.1,2.0,,1,1.0,,,38453.32,ALQUILER IMPECABLE DUPLEX AMOBLADO CON COCHERA,,,0,0,0,0,0,0,0,0,0,1,0,0,0,0,0,0,0,0,1,0,0,0
remax,64d95365-3ebf-4f2a-a20f-3981dc1be4ff,https://www.remax.com.ar/listings/alquiler-local-120m2-sin-expensas-en-almagro,2026-08-13T22:40:39+00:00,alquiler,local,2000000.0,ARS,ARS 2000000.0,0.0,ARS,Estado de Palestina 700,Estado de Palestina,700,,almagro,Almagro,5.0,Capital Federal,-34.601829,-58.4256456,121.79,110.45,,,1,,,,16421.71,Alquiler Local 120m2 Sin Expensas en Almagro,,,0,0,0,0,0,0,0,0,0,0,0,0,0,0,0,0,0,0,0,0,0,0
remax,64d74b82-ce21-4a9e-902a-602d189c1987,https://www.remax.com.ar/listings/alquiler-2-ambientes-en-almagro-norte-con-balcon,2026-08-13T22:40:39+00:00,alquiler,departamento_estandar,900000.0,ARS,ARS 900000.0,170375.0,ARS,Guardia Vieja 4200,Guardia Vieja,4200,,almagro,Almagro,5.0,Capital Federal,-34.6003273,-58.425103,47.16,42.62,2.0,,1,,,,19083.97,ALQUILER 2 AMBIENTES EN ALMAGRO NORTE CON BALCÓN,,,0,0,0,0,0,0,0,0,0,0,0,0,0,1,0,0,0,0,0,0,0,0
remax,64cdc9cf-cf76-41b4-b6ce-5aeaf029e508,https://www.remax.com.ar/listings/depto-2-amb-alquiler-v-sarsfield-jardin-cochera,2026-08-13T22:40:39+00:00,alquiler,departamento_estandar,1100000.0,ARS,ARS 1100000.0,0.0,ARS,Remedios de Escalada de San Martín 5000,Remedios de Escalada de San Martín,5000,,velez sarsfield,Velez Sarsfield,10.0,Capital Federal,-34.631184,-58.5010293,66.96,37.66,2.0,,1,1.0,,,16427.72,Depto 2 amb alquiler V. Sarsfield jardín cochera,,,0,0,0,0,0,0,0,0,0,1,0,0,0,0,0,0,0,0,0,1,0,0
remax,64c7b153-6ee9-426e-9698-49c3b45ae10e,https://www.remax.com.ar/listings/alquiler-2-amb-amoblado-cochera-full-amenities,2026-08-13T22:40:42+00:00,alquiler,departamento_estandar,1180.0,USD,USD 1180.0,330000.0,ARS,Guatemala 5600,Guatemala,5600,,palermo,Palermo Hollywood,14.0,Capital Federal,-34.5800196,-58.4326999,58.76,48.76,2.0,,1,1.0,,,20.08,ALQUILER 2 AMB AMOBLADO COCHERA FULL AMENITIES,,,1,0,0,0,0,0,0,0,0,1,0,0,0,0,0,0,0,0,1,0,0,0
remax,64bb3dfa-269b-484a-bb66-612d2e8faa9b,https://www.remax.com.ar/listings/alquiler-2-amb-villa-urquiza-con-cochera,2026-08-13T22:40:42+00:00,alquiler,departamento_estandar,800000.0,ARS,ARS 800000.0,180000.0,ARS,Pacheco 1900,Pacheco,1900,,villa urquiza,Villa Urquiza,12.0,Capital Federal,-34.5773022,-58.4797967,40.86,38.6,2.0,,1,1.0,,,19579.05,ALQUILER 2 AMB VILLA URQUIZA CON COCHERA,,,0,0,0,0,0,0,0,0,0,1,0,0,0,0,0,0,0,0,0,0,0,0
remax,64b42408-5734-4343-b1b8-e551758dca8e,https://www.remax.com.ar/listings/alquiler-depto-2-amb-y-1-2-con-patio-balvanera,2026-08-13T22:40:42+00:00,alquiler,departamento_estandar,650000.0,ARS,ARS 650000.0,170000.0,ARS,México 2700,México,2700,,balvanera,Balvanera,3.0,Capital Federal,-34.6173043,-58.4047261,98.0,94.0,2.0,,1,,,,6632.65,ALQUILER DEPTO 2 AMB Y 1/2 CON PATIO BALVANERA,,,0,0,0,0,0,0,0,0,0,0,0,0,0,0,0,0,0,0,0,1,0,0
remax,64768ed5-b408-48a4-8fa2-ca16a62de2e1,https://www.remax.com.ar/listings/alquiler-local-comercial-palermo-rubros-varios,2026-08-13T22:40:42+00:00,alquiler,local,3090000.0,ARS,ARS 3090000.0,180000.0,ARS,Avenida Raúl Scalabrini Ortiz 2500,Avenida Raúl Scalabrini Ortiz,2500,,palermo,Palermo,14.0,Capital Federal,-34.5850913,-58.4156326,62.52,62.52,,,0,,,,49424.18,ALQUILER LOCAL COMERCIAL PALERMO RUBROS VARIOS,,,0,0,0,0,0,0,0,0,0,0,0,0,0,0,0,0,0,0,0,0,0,0
remax,6475ce95-bba7-4639-a76f-b60c5f775b11,https://www.remax.com.ar/listings/alquiler-oficina-37-m2-microcentro,2026-08-13T22:40:42+00:00,alquiler,oficina,350000.0,ARS,ARS 350000.0,200000.0,ARS,Florida 200,Florida,200,,san nicolas,San Nicolás,1.0,Capital Federal,-34.6047886,-58.3752536,37.0,37.0,1.0,,1,,,,9459.46,ALQUILER OFICINA 37 M2 MICROCENTRO,,,0,0,0,0,0,0,0,0,0,0,0,0,0,0,0,0,0,0,0,0,0,0
remax,64719f49-963a-4d35-9ae6-30e0ba4148e1,https://www.remax.com.ar/listings/alquiler-dpto-loft-cochera-full-amenities-barracas,2026-08-13T22:40:42+00:00,alquiler,departamento_loft,1200.0,USD,USD 1200.0,887000.0,ARS,Salmún Feijoo 700,Salmún Feijoo,700,,barracas,Barracas,4.0,Capital Federal,-34.640442941141,-58.378648779979,138.32,138.32,1.0,,1,1.0,,,8.68,ALQUILER DPTO LOFT COCHERA FULL AMENITIES BARRACAS,,,1,0,0,0,0,0,0,0,0,1,0,0,0,0,0,0,0,0,0,0,0,0
remax,646266f5-8c89-498a-97be-4f77e5908687,https://www.remax.com.ar/listings/alquiler-2-ambientes-palermo-2,2026-08-13T22:40:42+00:00,alquiler,departamento_estandar,650000.0,ARS,ARS 650000.0,125000.0,ARS,General Lucio Norberto Mansilla 3400,General Lucio Norberto Mansilla,3400,,palermo,Palermo,14.0,Capital Federal,-34.5919684,-58.4131043,35.5,35.5,2.0,,1,,,,18309.86,ALQUILER 2 ambientes PALERMO,,,0,0,0,0,0,0,0,0,0,0,0,0,0,0,0,0,0,0,0,0,0,0
remax,64385880-5bac-4798-96de-64f9c0ae3632,https://www.remax.com.ar/listings/alquiler-monoambiente-en-almagro-con-balcon,2026-08-13T22:40:42+00:00,alquiler,departamento_monoambiente,450000.0,ARS,ARS 450000.0,152000.0,ARS,Moreno 3600,Moreno,3600,,almagro,Almagro,5.0,Capital Federal,-34.6144545,-58.4177147,30.17,27.81,1.0,,1,,,,14915.48,ALQUILER MONOAMBIENTE EN ALMAGRO CON BALCÓN,,,0,0,0,0,0,0,0,0,0,0,0,0,0,1,0,0,0,0,0,0,0,0
remax,63f4519d-3f99-4d74-8e6b-aaefd655537c,https://www.remax.com.ar/listings/alquiler-departamento-dos-ambientes-recoleta,2026-08-13T22:40:46+00:00,alquiler,departamento_estandar,550.0,USD,USD 550.0,130000.0,ARS,Avenida Santa Fe 2300,Avenida Santa Fe,2300,,recoleta,Recoleta,2.0,Capital Federal,-34.5947105,-58.4005723,73.14,42.0,2.0,,1,,,,7.52,Alquiler departamento dos ambientes Recoleta,,,0,0,0,0,0,0,0,0,0,0,0,0,0,0,0,0,0,0,0,0,0,0
remax,63d9c5ce-82a1-4d64-9280-6bbf854060a2,https://www.remax.com.ar/listings/alquiler-departamento-4-ambientes-en-san-nicolas,2026-08-13T22:40:46+00:00,alquiler,departamento_estandar,800.0,USD,USD 800.0,300000.0,ARS,Uruguay 300,Uruguay,300,,san nicolas,San Nicolás,1.0,Capital Federal,-34.6044024,-58.3864341,74.01,74.01,4.0,,1,,,,10.81,Alquiler departamento 4 ambientes en San Nicolás,,,0,0,0,0,0,0,0,0,0,0,0,0,0,0,0,0,0,0,0,0,0,0
remax,63cebda5-f827-4f80-9e18-291fc7c61122,https://www.remax.com.ar/listings/alquiler-depto-4-amb-dep-baulera-caballito,2026-08-13T22:40:46+00:00,alquiler,departamento_estandar,1200000.0,ARS,ARS 1200000.0,380000.0,ARS,Avenida Avellaneda 500,Avenida Avellaneda,500,,caballito,Caballito,6.0,Capital Federal,-34.6143776,-58.4384546,90.0,90.0,4.0,,2,,,,13333.33,ALQUILER DEPTO 4 AMB + DEP + BAULERA- CABALLITO-,,,0,0,0,0,0,0,0,0,0,0,1,0,0,0,0,0,0,0,0,0,0,0
remax,63ce0872-575f-490d-85ef-8f19bc70e19d,https://www.remax.com.ar/listings/alquiler-monoambiente-con-muebles-palermo,2026-08-13T22:40:46+00:00,alquiler,departamento_monoambiente,600000.0,ARS,ARS 600000.0,141000.0,ARS,Bulnes 1600,Bulnes,1600,,palermo,Palermo,14.0,Capital Federal,-34.5926633,-58.4159076,33.0,33.0,1.0,,1,,,,18181.82,ALQUILER MONOAMBIENTE CON MUEBLES - PALERMO,,,0,0,0,0,0,0,0,0,0,0,0,0,0,0,0,0,0,0,0,0,0,0
remax,637f9910-bbeb-40e8-9c6d-f2c422686f4c,https://www.remax.com.ar/listings/alquiler-2-ambientes-villa-crespo,2026-08-13T22:40:46+00:00,alquiler,departamento_estandar,870000.0,ARS,ARS 870000.0,205000.0,ARS,Avenida Raúl Scalabrini Ortiz 200,Avenida Raúl Scalabrini Ortiz,200,,villa crespo,Villa Crespo,15.0,Capital Federal,-34.6002133,-58.4398245,53.0,43.0,2.0,,1,,,,16415.09,ALQUILER 2 AMBIENTES VILLA CRESPO,,,0,0,0,0,0,0,0,0,0,0,0,0,0,0,0,0,0,0,0,0,0,0
remax,637c5fb4-e310-4508-80cf-54addb1e8ae2,https://www.remax.com.ar/listings/departamento-a-estrenar-1-amb-amplio-amoblado,2026-08-13T22:40:46+00:00,alquiler,departamento_estandar,700.0,USD,USD 700.0,200000.0,ARS,Túnez 2500,Túnez,2500,,,Barrio Chino,,Capital Federal,-34.5545894,-58.4552439,49.0,35.0,1.0,,1,,,,14.29,"Departamento a estrenar, 1 amb. amplio, amoblado",,,0,0,0,0,0,0,0,0,0,0,0,0,0,0,0,0,0,0,1,0,0,0
remax,637c4aa1-d195-4b50-a95c-8035e0571b06,https://www.remax.com.ar/listings/alquiler-belgrano-2-amb-alto-vista-superluminoso,2026-08-13T22:40:46+00:00,alquiler,departamento_estandar,900000.0,ARS,ARS 900000.0,262916.69,ARS,Ciudad de la Paz 1300,Ciudad de la Paz,1300,,colegiales,Colegiales,13.0,Capital Federal,-34.568461,-58.4511473,47.99,43.88,2.0,,1,,,,18753.91,ALQUILER/ BELGRANO 2 AMB/ ALTO-VISTA-SUPERLUMINOSO,,,0,0,0,0,0,0,0,0,0,0,0,0,1,0,0,0,0,0,0,0,0,0
remax,635bef72-2927-4ef3-9a8c-1e27c23b7e3f,https://www.remax.com.ar/listings/alquiler-departamento-de-3-ambientes-en-floresta,2026-08-13T22:40:46+00:00,alquiler,departamento_estandar,650000.0,ARS,ARS 650000.0,130000.0,ARS,Diputado Nacional Osvaldo E. Benedetti 0,Diputado Nacional Osvaldo E. Benedetti,0,,velez sarsfield,Velez Sarsfield,10.0,Capital Federal,-34.6346056,-58.4832496,52.68,50.92,3.0,,1,,,,12338.65,ALQUILER DEPARTAMENTO DE 3 AMBIENTES EN FLORESTA,,,0,0,0,0,0,0,0,0,0,0,0,0,0,0,0,0,0,0,0,0,0,0
remax,6297e568-1aa1-45c0-b41c-4fc5065ee25a,https://www.remax.com.ar/listings/alquiler-monoambiente-balcon-terraza-parrilla-sum,2026-08-13T22:40:50+00:00,alquiler,departamento_monoambiente,850000.0,ARS,ARS 850000.0,200000.0,ARS,Cochabamba 600,Cochabamba,600,,san telmo,San Telmo,1.0,Capital Federal,-34.622686375247,-58.374652862549,72.72,32.26,1.0,,1,,,,11688.67,Alquiler Monoambiente balcon terraza parrilla SUM,,,1,0,1,0,1,0,0,0,0,0,0,0,0,1,0,0,0,0,0,0,0,0
remax,6291bdd7-7393-4a65-beeb-96e0142cc2eb,https://www.remax.com.ar/listings/se-alquila-galpon-excelente-estado,2026-08-13T22:40:50+00:00,alquiler,galpon,2700000.0,ARS,ARS 2700000.0,400000.0,ARS,Estados Unidos 2800,Estados Unidos,2800,,san cristobal,San Cristobal,3.0,Capital Federal,-34.620143,-58.40541,173000.0,173000.0,,,2,,,,15.61,SE ALQUILA GALPON EXCELENTE ESTADO,,,0,0,0,0,0,0,0,0,0,0,0,0,0,0,0,0,0,0,0,0,0,0
remax,627910ff-3045-4aa4-985b-e894f0265d8e,https://www.remax.com.ar/listings/oficina-500m2-4-cocheras-piso-12,2026-08-13T22:40:50+00:00,alquiler,oficina,13000.0,USD,USD 13000.0,3500000.0,ARS,Esmeralda 900,Esmeralda,900,,san nicolas,Centro / Microcentro,1.0,Capital Federal,-34.597291493457,-58.378629684667,500.0,500.0,,,8,1.0,,,26.0,Oficina 500m2 4 cocheras Piso 12,,,0,0,0,0,0,0,0,0,0,1,0,0,0,0,0,0,0,0,0,0,0,0
remax,623e3146-c910-4109-827e-3392ca267197,https://www.remax.com.ar/listings/alquiler-en-belgrano-con-cochera,2026-08-13T22:40:54+00:00,alquiler,departamento_estandar,990.0,USD,USD 990.0,310000.0,ARS,O'higgins 2100,O'higgins,2100,,belgrano,Belgrano,13.0,Capital Federal,-34.5590506,-58.4535138,58.0,50.0,3.0,,1,1.0,,,17.07,Alquiler en Belgrano con cochera,,,0,0,0,0,0,0,0,0,0,1,0,0,0,0,0,0,0,0,0,0,0,0
remax,61db83f7-52bd-423a-8c35-593b5d75824e,https://www.remax.com.ar/listings/alquiler-2-ambientes-con-vista-panoramica,2026-08-13T22:40:54+00:00,alquiler,departamento_estandar,600000.0,ARS,ARS 600000.0,196520.0,ARS,Avenida Corrientes 700,Avenida Corrientes,700,,san nicolas,San Nicolás,1.0,Capital Federal,-34.6032439,-58.3774714,30.0,30.0,2.0,,1,,,,20000.0,ALQUILER 2 AMBIENTES CON VISTA PANORÁMICA,,,0,0,0,0,0,0,0,0,0,0,0,0,1,0,0,0,0,0,0,0,0,0
remax,61d46d79-7243-466d-a760-2f0f278fed99,https://www.remax.com.ar/listings/alquiler-monoambiente-colegiales,2026-08-13T22:40:54+00:00,alquiler,departamento_monoambiente,800000.0,ARS,ARS 800000.0,100000.0,ARS,Avenida Federico Lacroze 3000,Avenida Federico Lacroze,3000,,colegiales,Colegiales,13.0,Capital Federal,-34.5760264,-58.4483709,35.3,34.0,1.0,,1,,,,22662.89,alquiler monoambiente colegiales,,,0,0,0,0,0,0,0,0,0,0,0,0,0,0,0,0,0,0,0,0,0,0
remax,61d1051c-28e0-494b-a145-22a2574a2d9d,https://www.remax.com.ar/listings/alquiler-2-ambientes-con-balcon-al-frente-saavedra,2026-08-13T22:40:54+00:00,alquiler,departamento_estandar,600000.0,ARS,ARS 600000.0,78000.0,ARS,Vilela 4100,Vilela,4100,,saavedra,Saavedra,12.0,Capital Federal,-34.5531388,-58.486583,37.3,33.07,2.0,,1,,,,16085.79,Alquiler 2 ambientes con balcon al frente Saavedra,,,0,0,0,0,0,0,0,0,0,0,0,0,0,1,0,0,0,1,0,0,0,0
remax,61baa830-85f0-4c4f-b280-e82d0df8a05e,https://www.remax.com.ar/listings/alquiler-monoambiente-apto-profesional-en-belgrano,2026-08-13T22:40:54+00:00,alquiler,departamento_monoambiente,600000.0,ARS,ARS 600000.0,130000.0,ARS,Ciudad de la Paz 2300,Ciudad de la Paz,2300,,belgrano,Belgrano,13.0,Capital Federal,-34.5600788,-58.4601006,24.33,24.33,1.0,,1,,,,24660.91,Alquiler Monoambiente Apto Profesional en Belgrano,,,0,0,0,0,0,0,0,0,1,0,0,0,0,0,0,0,0,0,0,0,0,0
remax,61b6ffbf-cf95-4a5f-b3c6-fcd493917011,https://www.remax.com.ar/listings/alquiler-oficina-en-puerto-madero-vista-dique-1,2026-08-13T22:40:54+00:00,alquiler,oficina,2790000.0,ARS,ARS 2790000.0,1500000.0,ARS,Avenida Alicia Moreau de Justo 1900,Avenida Alicia Moreau de Justo,1900,,puerto madero,Puerto Madero,1.0,Capital Federal,-34.621673434342,-58.364905714989,182.0,142.0,,,2,,,,15329.67,ALQUILER OFICINA EN PUERTO MADERO VISTA DIQUE,,,0,0,0,0,0,0,0,0,0,0,0,0,0,0,0,0,0,0,0,0,0,0
remax,61940a1b-24f6-455f-b946-191753b078af,https://www.remax.com.ar/listings/alquiler-2-ambientes-interno-en-recoleta,2026-08-13T22:40:54+00:00,alquiler,departamento_estandar,700000.0,ARS,ARS 700000.0,160000.0,ARS,Arenales 2200,Arenales,2200,,recoleta,Recoleta,2.0,Capital Federal,-34.5941652,-58.3988525,28.79,28.79,2.0,,1,,,,24314.0,ALQUILER 2 AMBIENTES INTERNO EN RECOLETA,,,0,0,0,0,0,0,0,0,0,0,0,0,0,0,0,0,0,0,0,0,0,0
remax,617a2bc2-964d-4a62-8bac-71c09f785daa,https://www.remax.com.ar/listings/alquiler-monoambiente-v-devoto-c-balcon-y-sum,2026-08-13T22:40:54+00:00,alquiler,departamento_monoambiente,590000.0,ARS,ARS 590000.0,180000.0,ARS,Habana 3400,Habana,3400,,villa devoto,Villa Devoto,11.0,Capital Federal,-34.5938176,-58.5070436,36.23,32.43,1.0,,1,,,,16284.85,ALQUILER MONOAMBIENTE V. DEVOTO C/BALCON Y SUM,,,1,0,0,0,1,0,0,0,0,0,0,0,0,1,0,0,0,0,0,0,0,0
remax,61311281-b2f9-4b9c-9a1e-c624572d37e2,https://www.remax.com.ar/listings/alquiler-comercial-local-199-mts-en-lima-al-1100,2026-08-13T22:40:57+00:00,alquiler,local,1300000.0,ARS,ARS 1300000.0,68000.0,ARS,Lima 1100,Lima,1100,,constitucion,Constitución,1.0,Capital Federal,-34.6217196,-58.3816126,199.4,175.85,,,1,,,,6519.56,"Alquiler comercial local, 199 mts en Lima al 1100",,,0,0,0,0,0,0,0,0,0,0,0,0,0,0,0,0,0,0,0,0,0,0
remax,6111a719-404e-48cf-a328-99cf7d74819e,https://www.remax.com.ar/listings/alquiler-2-amb-luminoso-con-balcon-almagro,2026-08-13T22:40:57+00:00,alquiler,departamento_estandar,400000.0,ARS,ARS 400000.0,170000.0,ARS,Mario Bravo 900,Mario Bravo,900,,almagro,Almagro,5.0,Capital Federal,-34.5987434,-58.4157112,34.76,32.4,2.0,,1,,,,11507.48,ALQUILER 2 AMB LUMINOSO CON BALCÓN ALMAGRO,,,0,0,0,0,0,0,0,0,0,0,0,0,1,1,0,0,0,0,0,0,0,0
remax,6100e2c8-95a3-4ce0-9a6c-698df0534ef4,https://www.remax.com.ar/listings/alquiler-3-ambientes-en-villa-pueyrredon,2026-08-13T22:40:57+00:00,alquiler,departamento_estandar,1000.0,USD,USD 1000.0,150000.0,ARS,Argerich 4800,Argerich,4800,,villa pueyrredon,Villa Pueyrredón,12.0,Capital Federal,-34.5859388,-58.5046504,66.0,63.0,3.0,,2,,,,15.15,Alquiler 3 ambientes en Villa Pueyrredon,,,0,0,0,0,0,0,0,0,0,0,0,0,0,0,0,0,0,0,0,0,0,0
remax,60fccaeb-650e-42e7-b26b-ad8608a6a38a,https://www.remax.com.ar/listings/alquiler-oficina-puerto-madero-pileta,2026-08-13T22:40:57+00:00,alquiler,oficina,840000.0,ARS,ARS 840000.0,199000.0,ARS,Avenida Alicia Moreau de Justo 2000,Avenida Alicia Moreau de Justo,2000,,puerto madero,Puerto Madero,1.0,Capital Federal,-34.6227535,-58.3647572,33.49,33.49,1.0,,1,,,,25082.11,Alquiler OFICINA Puerto Madero Pileta,,,1,1,0,0,0,0,0,0,0,0,0,0,0,0,0,0,0,0,0,0,0,0
remax,60e7db00-ecaf-4848-b9ae-cdd2fe8e3ec7,https://www.remax.com.ar/listings/alquiler-oficina-belgrano-juramento-y-libertador,2026-08-13T22:40:57+00:00,alquiler,oficina,2200000.0,ARS,ARS 2200000.0,468000.0,ARS,Juramento 1500,Juramento,1500,,belgrano,Belgrano,13.0,Capital Federal,-34.556477,-58.447376,70.0,65.0,,,2,,,,31428.57,Alquiler Oficina Belgrano Juramento y Libertador,,,0,0,0,0,0,0,0,0,0,0,0,0,0,0,0,0,0,0,0,0,0,0
remax,60c4e923-d332-4773-a1e6-69ffc2f79681,https://www.remax.com.ar/listings/alquiler-2-ambientes-belgrano-2,2026-08-13T22:40:57+00:00,alquiler,departamento_estandar,850000.0,ARS,ARS 850000.0,150000.0,ARS,Moldes 2200,Moldes,2200,,belgrano,Belgrano,13.0,Capital Federal,-34.5624285,-58.4604275,35.0,35.0,2.0,,1,,,,24285.71,ALQUILER 2 AMBIENTES BELGRANO,,,0,0,0,0,0,0,0,0,0,0,0,0,0,0,0,0,0,0,0,0,0,0
remax,60c4a249-31e9-4a84-a9b8-1a68a7cb925a,https://www.remax.com.ar/listings/alquiler-local-comercial-en-galeria-palermo,2026-08-13T22:40:57+00:00,alquiler,local,350.0,USD,USD 350.0,,ARS,Avenida Santa Fe 3500,Avenida Santa Fe,3500,,palermo,Palermo,14.0,Capital Federal,-34.585988,-58.4143624,24.0,24.0,,,0,,,,14.58,"Alquiler local comercial en galeria, Palermo",,,0,0,0,0,0,0,0,0,0,0,0,0,0,0,0,0,0,0,0,0,0,0
remax,60b26786-7aba-437d-813a-a3a68a76a5b3,https://www.remax.com.ar/listings/alquiler-depto-4-amb-quincho-y-patio-v-urquiza,2026-08-13T22:40:57+00:00,alquiler,departamento_estandar,2500000.0,ARS,ARS 2500000.0,396464.0,ARS,Pacheco 2800,Pacheco,2800,,villa urquiza,Villa Urquiza,12.0,Capital Federal,-34.5693647,-58.4871078,122.6,100.0,4.0,,1,,,,20391.52,ALQUILER DEPTO 4 AMB QUINCHO Y PATIO V URQUIZA,,,0,0,1,0,0,0,0,0,0,0,0,0,0,0,0,0,0,0,0,1,0,0
remax,6091a8e4-fc46-4f9c-8e3b-973afedd11a7,https://www.remax.com.ar/listings/alquiler-departamento-caballito-3-ambientes,2026-08-13T22:41:02+00:00,alquiler,departamento_estandar,950.0,USD,USD 950.0,200000.0,ARS,Avenida José María Moreno 400,Avenida José María Moreno,400,,caballito,Caballito,6.0,Capital Federal,-34.6240758,-58.434682,71.86,58.82,3.0,,2,,,,13.22,ALQUILER DEPARTAMENTO CABALLITO 3 AMBIENTES,,,0,0,0,0,0,0,0,0,0,0,0,0,0,0,0,0,0,0,0,0,0,0
remax,606c98b9-4102-47ff-a18d-200b57594d77,https://www.remax.com.ar/listings/alquiler-casa-4amb-con-dep-y-coch-villa-devoto,2026-08-13T22:41:02+00:00,alquiler,casa,2700.0,USD,USD 2700.0,0.0,ARS,Vallejos 4200,Vallejos,4200,,villa devoto,Villa Devoto,11.0,Capital Federal,-34.598249672538,-58.518037320428,255.0,224.0,4.0,,2,,,,10.59,Alquiler Casa 4amb con dep y coch Villa Devoto,,,0,0,0,0,0,0,0,0,0,0,0,0,0,0,0,0,0,0,0,0,0,0
remax,605e61b6-0926-42f5-ad0e-727020a33f9b,https://www.remax.com.ar/listings/alquiler-palermo-monoambiente-amplio-frente-balcon,2026-08-13T22:41:02+00:00,alquiler,departamento_monoambiente,600000.0,ARS,ARS 600000.0,236000.0,ARS,Cerviño 3900,Cerviño,3900,,palermo,Palermo,14.0,Capital Federal,-34.579142331103,-58.412847518921,41.84,38.65,1.0,,1,,,,14340.34,ALQUILER PALERMO MONOAMBIENTE AMPLIO FRENTE BALCON,,,0,0,0,0,0,0,0,0,0,0,0,0,0,1,0,0,0,0,0,0,0,0
remax,6005576a-4384-4841-8a59-b5181a01ba7a,https://www.remax.com.ar/listings/alquiler-dpto-2-amb-cocina-separada-balvanera,2026-08-13T22:41:02+00:00,alquiler,departamento_estandar,600000.0,ARS,ARS 600000.0,157000.0,ARS,Sarmiento 2200,Sarmiento,2200,,balvanera,Balvanera,3.0,Capital Federal,-34.6059599,-58.3990152,45.0,45.0,2.0,,1,,,,13333.33,Alquiler Dpto. 2 amb. Cocina separada. Balvanera,,,0,0,0,0,0,0,0,0,0,0,0,0,0,0,0,0,0,0,0,0,0,0
remax,6003b3b5-3901-4021-a190-b8e29a977b15,https://www.remax.com.ar/listings/alquiler-villa-urquiza-deposito-galpon-garage-2,2026-08-13T22:41:02+00:00,alquiler,deposito,2500000.0,ARS,ARS 2500000.0,,ARS,José Pascual Tamborini 6000,José Pascual Tamborini,6000,,villa urquiza,Villa Urquiza,12.0,Capital Federal,-34.5721047,-58.5022887,287.36,287.36,,,1,1.0,,,8699.89,Alquiler Villa Urquiza Depósito Galpón Garage,,,0,0,0,0,0,0,0,0,0,1,0,0,0,0,0,0,0,0,0,0,0,0
remax,5ffdb69d-460f-4b6b-9418-dcebd40e0636,https://www.remax.com.ar/listings/alquiler-departamento-2-ambientes-colegiales,2026-08-13T22:41:02+00:00,alquiler,departamento_estandar,690000.0,ARS,ARS 690000.0,134400.0,ARS,Conesa 900,Conesa,900,,colegiales,Colegiales,13.0,Capital Federal,-34.57335617912,-58.451101183891,34.98,34.98,2.0,,1,,,,19725.56,ALQUILER DEPARTAMENTO 2 AMBIENTES COLEGIALES,,,0,0,0,0,0,0,0,0,0,0,0,0,0,0,0,0,0,0,0,0,0,0
remax,5ff32da2-1293-4eec-bbbe-065919694c43,https://www.remax.com.ar/listings/alquiler-oficina-en-congreso,2026-08-13T22:41:02+00:00,alquiler,oficina,450000.0,ARS,ARS 450000.0,150000.0,ARS,Bartolomé Mitre 1700,Bartolomé Mitre,1700,,san nicolas,San Nicolás,1.0,Capital Federal,-34.6078046,-58.3908391,46.0,46.0,,,2,,,,9782.61,ALQUILER OFICINA EN CONGRESO,,,0,0,0,0,0,0,0,0,0,0,0,0,0,0,0,0,0,0,0,0,0,0
remax,5fd54ee8-4b92-44c5-a9c2-81c77dd9b7a1,https://www.remax.com.ar/listings/alquiler-liniers-2-amb-semipiso-balcon-frente,2026-08-13T22:41:05+00:00,alquiler,departamento_estandar,750000.0,ARS,ARS 750000.0,196000.0,ARS,Oliden 100,Oliden,100,,liniers,Liniers,9.0,Capital Federal,-34.6412419,-58.5166918,47.18,47.18,2.0,,1,,,,15896.57,ALQUILER LINIERS 2 AMB SEMIPISO BALCON frente,,,0,0,0,0,0,0,0,0,0,0,0,0,0,1,0,0,0,0,0,0,0,0
remax,5f47545a-854d-4b62-8010-3823561c42bf,https://www.remax.com.ar/listings/alquiler-local-comercial-en-monserrat,2026-08-13T22:41:05+00:00,alquiler,local,850000.0,ARS,ARS 850000.0,70000.0,ARS,Av. Belgrano 1300,Av. Belgrano,1300,,monserrat,Monserrat,1.0,Capital Federal,-34.613079277196,-58.385328054428,22.0,22.0,,,1,,,,38636.36,ALQUILER LOCAL COMERCIAL en MONSERRAT,,,0,0,0,0,0,0,0,0,0,0,0,0,0,0,0,0,0,0,0,0,0,0
remax,5f3f7b2a-2a80-4b51-aad8-ddf1d6e5180b,https://www.remax.com.ar/listings/alquiler-2-ambientes-palermo-balcon,2026-08-13T22:41:05+00:00,alquiler,departamento_estandar,700000.0,ARS,ARS 700000.0,220000.0,ARS,Ciudad de la Paz 200,Ciudad de la Paz,200,,palermo,Palermo,14.0,Capital Federal,-34.574562828429,-58.440968222487,42.0,37.0,2.0,,1,,,,16666.67,Alquiler 2 ambientes Palermo balcon,,,0,0,0,0,0,0,0,0,0,0,0,0,0,1,0,0,0,0,0,0,0,0
remax,5f2ddc1d-593a-4e43-a42e-7657eec3f390,https://www.remax.com.ar/listings/alquiler-ph-4-amb-1er-piso-al-fte-parque-chacabuco,2026-08-13T22:41:08+00:00,alquiler,ph,1000000.0,ARS,ARS 1000000.0,1.0,ARS,Pumacahua 1600,Pumacahua,1600,,parque chacabuco,Parque Chacabuco,7.0,Capital Federal,-34.641770399167,-58.443650007248,157.0,149.0,4.0,,3,,,,6369.43,ALQUILER PH 4 AMB 1ER PISO AL FTE PARQUE CHACABUCO,,,0,0,0,0,0,0,0,0,0,0,0,0,0,0,0,0,0,0,0,0,0,0
remax,5f141139-abfd-47bb-960c-4087735649fd,https://www.remax.com.ar/listings/local-en-alquiler-en-catalinas-plaza,2026-08-13T22:41:08+00:00,alquiler,local,2100.0,USD,USD 2100.0,,ARS,Avenida Eduardo Madero 900,Avenida Eduardo Madero,900,,retiro,Catalinas Norte,1.0,Capital Federal,-34.597269,-58.3702848,168.0,168.0,,,2,,,,12.5,LOCAL EN ALQUILER EN CATALINAS PLAZA,,,0,0,0,0,0,0,0,0,0,0,0,0,0,0,0,0,0,0,0,0,0,0
remax,5f0b9502-b4c9-4f8a-b785-bb6fa31ce08c,https://www.remax.com.ar/listings/alquiler-monoambiente-con-balcon-y-amenities,2026-08-13T22:41:08+00:00,alquiler,departamento_monoambiente,590000.0,ARS,ARS 590000.0,230000.0,ARS,Montañeses 2700,Montañeses,2700,,belgrano,Belgrano,13.0,Capital Federal,-34.5517037,-58.4535732,37.54,32.48,1.0,,1,,,,15716.57,Alquiler - Monoambiente con balcón y amenities,,,1,0,0,0,0,0,0,0,0,0,0,0,0,1,0,0,0,0,0,0,0,0
remax,5ecd6086-63df-4604-b7a5-c29c9e27abcc,https://www.remax.com.ar/listings/alquiler-de-departamento-en-zona-san-telmo,2026-08-13T22:41:08+00:00,alquiler,departamento_monoambiente,450000.0,ARS,ARS 450000.0,110000.0,ARS,Cochabamba 800,Cochabamba,800,,constitucion,Constitución,1.0,Capital Federal,-34.6235906,-58.3775942,38.0,38.0,1.0,,1,,,,11842.11,Alquiler de Departamento en zona San Telmo,,,0,0,0,0,0,0,0,0,0,0,0,0,0,0,0,0,0,0,0,0,0,0
remax,5eb47911-1272-49f5-b120-d97ac15b4abd,https://www.remax.com.ar/listings/alquiler-monoamb-palermo-bcon-totalmente-amoblado,2026-08-13T22:41:08+00:00,alquiler,departamento_monoambiente,650000.0,ARS,ARS 650000.0,189000.0,ARS,José A. Cabrera 3300,José A. Cabrera,3300,,palermo,Palermo,14.0,Capital Federal,-34.5968633,-58.4139292,34.85,31.09,1.0,,1,,,,18651.36,ALQUILER MONOAMB PALERMO BCON TOTALMENTE AMOBLADO,,,0,0,0,0,0,0,0,0,0,0,0,0,0,0,0,0,0,0,1,0,0,0
remax,5e391b1f-98a5-4b4a-b453-d29c88993416,https://www.remax.com.ar/listings/alquiler-de-departamento-de-2-amb-balvanera,2026-08-13T22:41:10+00:00,alquiler,departamento_estandar,550000.0,ARS,ARS 550000.0,170000.0,ARS,Sarmiento 2300,Sarmiento,2300,,balvanera,Balvanera,3.0,Capital Federal,-34.6060271,-58.3997071,38.0,38.0,2.0,,1,,,,14473.68,ALQUILER DE DEPARTAMENTO DE 2 AMB. BALVANERA,,,0,0,0,0,0,0,0,0,0,0,0,0,0,0,0,0,0,0,0,0,0,0
remax,5e1febab-f803-45d6-bda2-d8b0f0825f0d,https://www.remax.com.ar/listings/alquiler-dpto-2-amb-con-amenities-en-belgrano,2026-08-13T22:41:10+00:00,alquiler,departamento_estandar,1100000.0,ARS,ARS 1100000.0,300000.0,ARS,Virrey Loreto 1500,Virrey Loreto,1500,,belgrano,Belgrano C,13.0,Capital Federal,-34.5626259,-58.4430703,56.02,56.02,2.0,,1,,,,19635.84,ALQUILER DPTO. 2 AMB. CON AMENITIES EN BELGRANO,,,1,0,0,0,0,0,0,0,0,0,0,0,0,0,0,0,0,0,0,0,0,0
remax,5dea04dd-83b2-405a-b698-29fd40eaf390,https://www.remax.com.ar/listings/super-luminoso-2-amb-alquiler-villa-pueyrredon-1,2026-08-13T22:41:10+00:00,alquiler,departamento_estandar,700000.0,ARS,ARS 700000.0,220000.0,ARS,Carlos Antonio López 2200,Carlos Antonio López,2200,,villa pueyrredon,Villa Pueyrredón,12.0,Capital Federal,-34.580526674008,-58.49569988146,54.0,50.0,2.0,,1,,,,12962.96,Super Luminoso 2 Amb. ALQUILER Villa Pueyrredon,,,0,0,0,0,0,0,0,0,0,0,0,0,1,0,0,0,0,0,0,0,0,0
remax,5de3f98c-ff74-40d9-b98f-b60902541a00,https://www.remax.com.ar/listings/alquiler-departamento-2-amb-caballito-sur-caba,2026-08-13T22:41:10+00:00,alquiler,departamento_estandar,800000.0,ARS,ARS 800000.0,222193.0,ARS,Guayaquil 600,Guayaquil,600,,caballito,Caballito,6.0,Capital Federal,-34.6213946,-58.4380759,43.2,40.87,2.0,,1,,,,18518.52,ALQUILER. DEPARTAMENTO 2 AMB. CABALLITO SUR. CABA,,,0,0,0,0,0,0,0,0,0,0,0,0,0,0,0,0,0,0,0,0,0,0
remax,5de3aa93-ce87-4622-804c-da305826dd7d,https://www.remax.com.ar/listings/alquiler-departamento-7-ambientes-en-tribunales,2026-08-13T22:41:10+00:00,alquiler,departamento_piso,1400000.0,ARS,ARS 1400000.0,450000.0,ARS,Viamonte 1300,Viamonte,1300,,san nicolas,San Nicolás,1.0,Capital Federal,-34.6003991,-58.3857833,117.0,117.0,7.0,,1,,,,11965.81,Alquiler Departamento 7 Ambientes en Tribunales,,,0,0,0,0,0,0,0,0,0,0,0,0,0,0,0,0,0,0,0,0,0,0
remax,5dce17cf-4fc7-4778-8910-d1a8ec416ab4,https://www.remax.com.ar/listings/alquiler-depto-3-amb-lugano-con-balcon,2026-08-13T22:41:10+00:00,alquiler,departamento_estandar,850000.0,ARS,ARS 850000.0,157000.0,ARS,Timoteo Gordillo 5500,Timoteo Gordillo,5500,,,Barrio Samore,,Capital Federal,-34.6913331,-58.4650732,55.81,52.62,3.0,,1,,,,15230.25,ALQUILER DEPTO. 3 AMB LUGANO CON BALCON,,,0,0,0,0,0,0,0,0,0,0,0,0,0,1,0,0,0,0,0,0,0,0
remax,5d7e0a96-1edf-40df-b344-82a5c7d725d5,https://www.remax.com.ar/listings/depto-3-amb-en-alquiler-piso-alto-en-palermo,2026-08-13T22:41:14+00:00,alquiler,departamento_estandar,1150000.0,ARS,ARS 1150000.0,180000.0,ARS,Avenida Santa Fe 3400,Avenida Santa Fe,3400,,palermo,Palermo,14.0,Capital Federal,-34.5867185,-58.4130755,51.0,51.0,3.0,,1,,,,22549.02,Depto 3 amb en alquiler piso alto en Palermo,,,0,0,0,0,0,0,0,0,0,0,0,0,0,0,0,0,0,0,0,0,0,0
remax,5d24867a-a433-4bf9-ab1c-6cccd86c7623,https://www.remax.com.ar/listings/alquiler-residencial-3-amb-flores-piso-alto-lumino,2026-08-13T22:41:14+00:00,alquiler,departamento_estandar,800000.0,ARS,ARS 800000.0,214000.0,ARS,Avenida San Pedrito 100,Avenida San Pedrito,100,,flores,Flores,7.0,Capital Federal,-34.6325976,-58.4686449,55.74,51.72,3.0,,1,,,,14352.35,Alquiler residencial 3 amb Flores piso alto lumino,,,0,0,0,0,0,0,0,0,0,0,0,0,0,0,0,0,0,0,0,0,0,0
remax,5d1ea37c-d8e0-4c11-9440-3b5c141c7755,https://www.remax.com.ar/listings/monoambiente-alquiler-almagro,2026-08-13T22:41:14+00:00,alquiler,departamento_monoambiente,650000.0,ARS,ARS 650000.0,98000.0,ARS,Potosí 3800,Potosí,3800,,almagro,Almagro,5.0,Capital Federal,-34.607020635594,-58.420143127441,32.95,29.08,1.0,,1,,,,19726.86,Monoambiente Alquiler Almagro,,,0,0,0,0,0,0,0,0,0,0,0,0,0,0,0,0,0,0,0,0,0,0
remax,5d0946b3-a59e-47e9-b722-6ecbc4a9419e,https://www.remax.com.ar/listings/local-en-alquiler-av-cordoba-caba-diversos-rubros,2026-08-13T22:41:14+00:00,alquiler,local,1450.0,USD,USD 1450.0,1.0,ARS,Avenida Córdoba 1400,Avenida Córdoba,1400,,san nicolas,San Nicolás,1.0,Capital Federal,-34.5994562,-58.3876687,74.24,74.24,,,1,,,,19.53,LOCAL EN ALQUILER AV. CORDOBA CABA DIVERSOS RUBROS,,,0,0,0,0,0,0,0,0,0,0,0,0,0,0,0,0,0,0,0,0,0,0
remax,5cf04dde-04ab-4c9f-b970-82f8925107d0,https://www.remax.com.ar/listings/barrio-copello-departamento-3-ambientes,2026-08-13T22:41:14+00:00,alquiler,departamento_estandar,700000.0,ARS,ARS 700000.0,100000.0,ARS,Autopista Luis Dellepiane 4700,Autopista Luis Dellepiane,4700,,villa lugano,Villa Lugano,8.0,Capital Federal,-34.666652501734,-58.475732803781,59.41,51.73,3.0,,1,,,,11782.53,Barrio Copello Departamento 3 ambientes,,,0,0,0,0,0,0,0,0,0,0,0,0,0,0,0,0,0,0,0,0,0,0
remax,5ce6dda3-a963-4fb6-ab66-f68938c51d56,https://www.remax.com.ar/listings/alquiler-monoambiente-belgrano-balcon-parrilla,2026-08-13T22:41:14+00:00,alquiler,departamento_monoambiente,780000.0,ARS,ARS 780000.0,140000.0,ARS,Franklin Delano Roosevelt 1600,Franklin Delano Roosevelt,1600,,belgrano,Belgrano,13.0,Capital Federal,-34.5531507,-58.4538351,40.4,37.0,1.0,,1,,,,19306.93,ALQUILER MONOAMBIENTE BELGRANO BALCON PARRILLA,,,0,0,1,0,0,0,0,0,0,0,0,0,0,1,0,0,0,0,0,0,0,0
remax,5ccfd432-fc34-472e-81c5-fc7653d5ca06,https://www.remax.com.ar/listings/alquiler-2-ambientes-balcon-amenities-colegiales,2026-08-13T22:41:17+00:00,alquiler,departamento_estandar,1000000.0,ARS,ARS 1000000.0,273000.0,ARS,Avenida Federico Lacroze 3200,Avenida Federico Lacroze,3200,,colegiales,Colegiales,13.0,Capital Federal,-34.578265,-58.4498516,39.13,35.68,2.0,,1,,,,25555.84,ALQUILER 2 AMBIENTES BALCON AMENITIES COLEGIALES,,,1,0,0,0,0,0,0,0,0,0,0,0,0,1,0,0,0,0,0,0,0,0
remax,5cca688f-dff7-4f63-8de9-bac870df171d,https://www.remax.com.ar/listings/alquiler-dpto-2-ambientes-amueblado,2026-08-13T22:41:17+00:00,alquiler,departamento_estandar,990000.0,ARS,ARS 990000.0,150000.0,ARS,Piedras 1300,Piedras,1300,,san telmo,San Telmo,1.0,Capital Federal,-34.6246361,-58.3769523,48.86,45.3,2.0,,1,,,,20261.97,ALQUILER DPTO 2 AMBIENTES AMUEBLADO,,,0,0,0,0,0,0,0,0,0,0,0,0,0,0,0,0,0,0,1,0,0,0
remax,5cc55a4a-597e-4a0d-8593-10641333d713,https://www.remax.com.ar/listings/alquiler-monoambiente-41m2-con-balcon-pueyrredon,2026-08-13T22:41:17+00:00,alquiler,departamento_monoambiente,550000.0,ARS,ARS 550000.0,146000.0,ARS,José Cubas 2800,José Cubas,2800,,villa pueyrredon,Villa Pueyrredón,12.0,Capital Federal,-34.5884401,-58.4996039,41.24,31.91,1.0,,1,,,,13336.57,Alquiler monoambiente 41m2 con balcon Pueyrredon,,,0,0,0,0,0,0,0,0,0,0,0,0,0,1,0,0,0,0,0,0,0,0
remax,5ca6881a-cc09-446e-9edc-62c83e59badc,https://www.remax.com.ar/listings/alquiler-recoleta-2-amb-a-pulmon-cocina-indep-seg,2026-08-13T22:41:17+00:00,alquiler,departamento_estandar,900000.0,ARS,ARS 900000.0,279750.0,ARS,José Andrés Pacheco de Melo 2900,José Andrés Pacheco de Melo,2900,,recoleta,Recoleta,2.0,Capital Federal,-34.5850804,-58.4037957,42.57,39.61,2.0,,1,,,,21141.65,Alquiler Recoleta 2 amb a pulmón cocina indep seg,,,0,0,0,0,0,0,0,0,0,0,0,0,0,0,0,0,0,0,0,0,0,0
remax,5c61958f-4568-49a9-9bc4-4974b156dc3a,https://www.remax.com.ar/listings/alquiler-depto-monoambiente-amoblado-amenities,2026-08-13T22:41:17+00:00,alquiler,departamento_monoambiente,800000.0,ARS,ARS 800000.0,300000.0,ARS,Arévalo 2700,Arévalo,2700,,palermo,Palermo,14.0,Capital Federal,-34.5730803,-58.4323618,33.98,31.18,1.0,,1,,,,23543.26,ALQUILER DEPTO. MONOAMBIENTE AMOBLADO - AMENITIES,,,1,0,0,0,0,0,0,0,0,0,0,0,0,0,0,0,0,0,1,0,0,0
remax,5c4fd8e7-28d3-4b5f-814b-8aca8f99d2f2,https://www.remax.com.ar/listings/alquiler-chacarita-3-amb-terraza-parrilla,2026-08-13T22:41:17+00:00,alquiler,departamento_estandar,1300000.0,ARS,ARS 1300000.0,320000.0,ARS,Rosetti 500,Rosetti,500,,chacarita,Chacarita,15.0,Capital Federal,-34.6143048,-58.4401655,64.0,56.0,3.0,,1,,,,20312.5,ALQUILER CHACARITA 3 AMB TERRAZA PARRILLA,,,0,0,1,0,0,0,0,0,0,0,0,0,0,1,0,0,0,0,0,0,0,0
remax,5c456b79-6612-45f6-ba1d-ec833201794a,https://www.remax.com.ar/listings/mono-alquiler-s-cristobal-balc-cfte-sol-gas-lavarr,2026-08-13T22:41:17+00:00,alquiler,departamento_monoambiente,600000.0,ARS,ARS 600000.0,138000.0,ARS,Humberto 1º 2300,Humberto 1º,2300,1,san cristobal,San Cristobal,3.0,Capital Federal,-34.6237796,-58.4117529,38.0,32.59,1.0,,1,,,,15789.47,Mono alquiler S Cristóbal Balc Cfte Sol Gas Lavarr,,,0,0,0,0,0,0,0,0,0,0,0,0,0,0,0,0,0,0,0,0,0,0
remax,5c398b80-df55-4ad9-b45b-2ad392a187de,https://www.remax.com.ar/listings/alquiler-depto-2-amb-canitas-cochera-amenities-luz,2026-08-13T22:41:17+00:00,alquiler,departamento_estandar,1200.0,USD,USD 1200.0,700000.0,ARS,Jorge Newbery 1600,Jorge Newbery,1600,,palermo,Las Cañitas,14.0,Capital Federal,-34.566957057028,-58.434454724193,63.0,56.0,2.0,,1,1.0,,,19.05,Alquiler Depto 2 Amb Cañitas Cochera Amenities Luz,,,1,0,0,0,0,0,0,0,0,1,0,0,0,0,0,0,0,0,0,0,0,0
remax,5c35341b-0778-4910-b9e3-21270698043e,https://www.remax.com.ar/listings/alquiler-monoambiente-a-estrenar-nunez,2026-08-13T22:41:17+00:00,alquiler,departamento_monoambiente,700000.0,ARS,ARS 700000.0,60000.0,ARS,Ruiz Huidobro 2300,Ruiz Huidobro,2300,,nunez,Nuñez,13.0,Capital Federal,-34.544423797503,-58.471185564995,34.0,30.15,1.0,,1,,,,20588.24,Alquiler Monoambiente a Estrenar Nuñez,,,0,0,0,0,0,0,0,0,0,0,0,0,0,0,0,0,0,0,0,0,0,0
remax,5c270dd4-49d9-465a-9375-a12aa793ccf4,https://www.remax.com.ar/listings/2-ambientes-al-frte-c-gran-balcon-en-libertad-420,2026-08-13T22:41:20+00:00,alquiler,departamento_estandar,690000.0,ARS,ARS 690000.0,240837.0,ARS,Libertad 400,Libertad,400,,san nicolas,San Nicolás,1.0,Capital Federal,-34.60330913124,-58.383851051767,43.57,40.57,2.0,,1,,,,15836.58,2 Ambientes al frte c/Gran Balcón en Libertad 420,,,0,0,0,0,0,0,0,0,0,0,0,0,0,1,0,0,0,0,0,0,0,0
remax,5c19d22a-4b57-4fcf-adba-962a6d0be00e,https://www.remax.com.ar/listings/en-alquiler-local-sobre-calle-florida-microcentro,2026-08-13T22:41:20+00:00,alquiler,local,350000.0,ARS,ARS 350000.0,140000.0,ARS,Florida 900,Florida,900,,san nicolas,Centro / Microcentro,1.0,Capital Federal,-34.5969517,-58.3753676,3.15,3.15,,,0,,,,111111.11,"EN ALQUILER LOCAL SOBRE CALLE FLORIDA, MICROCENTRO",,,0,0,0,0,0,0,0,0,0,0,0,0,0,0,0,0,0,0,0,0,0,0
remax,5bf89186-07a0-441c-8580-6274b48b18cd,https://www.remax.com.ar/listings/galpon-en-alquiler-en-monte-castro-oportunidad,2026-08-13T22:41:20+00:00,alquiler,galpon,5000000.0,ARS,ARS 5000000.0,0.0,ARS,Elpidio González 4800,Elpidio González,4800,,monte castro,Monte Castro,10.0,Capital Federal,-34.622927344829,-58.503710031509,627.0,612.0,,,4,,,,7974.48,GALPÓN EN ALQUILER EN MONTE CASTRO OPORTUNIDAD,,,0,0,0,0,0,0,0,0,0,0,0,0,0,0,0,0,0,0,0,0,0,0
remax,5bf09c65-50fe-4168-ab29-436b53c925ca,https://www.remax.com.ar/listings/alquiler-departamento-luminoso-en-nunez,2026-08-13T22:41:20+00:00,alquiler,departamento_estandar,850.0,USD,USD 850.0,298000.0,ARS,Besares 1600,Besares,1600,,nunez,Nuñez,13.0,Capital Federal,-34.54182,-58.4639404,51.62,42.0,2.0,,1,,,,16.47,Alquiler departamento luminoso en Núñez,,,0,0,0,0,0,0,0,0,0,0,0,0,1,0,0,0,0,0,0,0,0,0
remax,5be3ea60-8eae-4278-ad6e-44c0da14f120,https://www.remax.com.ar/listings/alquiler-departamento-2-ambientes-belgrano-balcon,2026-08-13T22:41:20+00:00,alquiler,departamento_estandar,750000.0,ARS,ARS 750000.0,150000.0,ARS,Ciudad de la Paz 2400,Ciudad de la Paz,2400,,belgrano,Belgrano,13.0,Capital Federal,-34.5592799,-58.4607218,41.48,41.48,2.0,,1,,,,18081.0,ALQUILER DEPARTAMENTO 2 AMBIENTES BELGRANO BALCON,,,0,0,0,0,0,0,0,0,0,0,0,0,0,1,0,0,0,0,0,0,0,0
remax,5bc1e95a-be0f-4d5d-a416-33944807188c,https://www.remax.com.ar/listings/alquiler-villa-santa-rita-monoambiente-con-balcon,2026-08-13T22:41:20+00:00,alquiler,departamento_monoambiente,650000.0,ARS,ARS 650000.0,80000.0,ARS,Helguera 1000,Helguera,1000,,villa santa rita,Villa Santa Rita,11.0,Capital Federal,-34.6206859,-58.4779094,42.0,30.0,1.0,,1,,,,15476.19,ALQUILER VILLA SANTA RITA. MONOAMBIENTE CON BALCON,,,0,0,0,0,0,0,0,0,0,0,0,0,0,1,0,0,0,0,0,0,0,0
remax,5bbccda8-68c0-46e2-9d68-b4bb9b69a1e7,https://www.remax.com.ar/listings/alquiler-local-comercial-habilitacion-gastronomica,2026-08-13T22:41:20+00:00,alquiler,local,5000.0,USD,USD 5000.0,0.0,ARS,Arcos 4000,Arcos,4000,,nunez,Nuñez,13.0,Capital Federal,-34.5443419,-58.4673242,117.5,95.0,,,2,,,,42.55,ALQUILER LOCAL COMERCIAL HABILITACION GASTRONOMICA,,,0,0,0,0,0,0,0,0,0,0,0,0,0,0,0,0,0,0,0,0,0,0
remax,5b9d73b9-025a-4d0e-84fb-5283911991ca,https://www.remax.com.ar/listings/alquiler-monoambiente-balvanera-1,2026-08-13T22:41:20+00:00,alquiler,departamento_estandar,520000.0,ARS,ARS 520000.0,141000.0,ARS,Pasteur 0,Pasteur,0,,balvanera,Balvanera,3.0,Capital Federal,-34.6087804,-58.3990722,16.83,16.83,1.0,,1,,,,30897.21,ALQUILER MONOAMBIENTE BALVANERA,,,0,0,0,0,0,0,0,0,0,0,0,0,0,0,0,0,0,0,0,0,0,0
remax,5b99a913-2ad5-4fea-bd1b-5714e2ff3dc2,https://www.remax.com.ar/listings/alquiler-monoambiente-recoleta-1,2026-08-13T22:41:20+00:00,alquiler,departamento_monoambiente,800.0,USD,USD 800.0,426000.0,ARS,Billinghurst 2400,Billinghurst,2400,,recoleta,Recoleta,2.0,Capital Federal,-34.5953814,-58.4137595,47.0,41.0,1.0,,1,,,,17.02,ALQUILER MONOAMBIENTE RECOLETA,,,0,0,0,0,0,0,0,0,0,0,0,0,0,0,0,0,0,0,0,0,0,0
remax,5b7198c6-a2c5-4a99-be50-5763bd8627df,https://www.remax.com.ar/listings/alquiler-comercial-bellisimo-loft-caballito,2026-08-13T22:41:23+00:00,alquiler,departamento_loft,600.0,USD,USD 600.0,143000.0,ARS,Avenida Pedro Goyena 1000,Avenida Pedro Goyena,1000,,caballito,Caballito,6.0,Capital Federal,-34.6268723,-58.4423729,58.87,58.87,1.0,,1,,,,10.19,ALQUILER COMERCIAL BELLÍSIMO LOFT CABALLITO,,,0,0,0,0,0,0,0,0,0,0,0,0,0,0,0,0,0,0,0,0,0,0
remax,5b67ba59-7736-4c3a-b836-d9989852e440,https://www.remax.com.ar/listings/alquiler-ph-2-ambientes-mataderos-sin-expensas-pb,2026-08-13T22:41:23+00:00,alquiler,ph,700000.0,ARS,ARS 700000.0,0.0,ARS,Avenida Coronel Cárdenas 2300,Avenida Coronel Cárdenas,2300,,mataderos,Mataderos,9.0,Capital Federal,-34.6633825,-58.5043683,35.0,35.0,2.0,,1,,,,20000.0,ALQUILER PH 2 AMBIENTES MATADEROS SIN EXPENSAS PB,,,0,0,0,0,0,0,0,0,0,0,0,0,0,0,0,0,0,0,0,0,0,0
remax,5b338b98-271a-45a7-ad14-af5e1b71346d,https://www.remax.com.ar/listings/alquiler-2-ambientes-amplio-y-luminoso-recoleta,2026-08-13T22:41:23+00:00,alquiler,departamento_estandar,750000.0,ARS,ARS 750000.0,163000.0,ARS,Billinghrust 1600,Billinghrust,1600,,recoleta,Recoleta,2.0,Capital Federal,-34.591026198453,-58.411350784378,45.18,45.18,2.0,,1,,,,16600.27,ALQUILER - 2 AMBIENTES AMPLIO Y LUMINOSO- RECOLETA,,,0,0,0,0,0,0,0,0,0,0,0,0,1,0,0,0,0,0,0,0,0,0
remax,5b1b109b-34c2-4035-8a07-a098c503d673,https://www.remax.com.ar/listings/alquiler-oficinas-edificio-corporativo-276-m,2026-08-13T22:41:23+00:00,alquiler,oficina,3300.0,USD,USD 3300.0,1200000.0,ARS,Trole 500,Trole,500,,nueva pompeya,Nueva Pompeya,4.0,Capital Federal,-34.6458413,-58.4185044,276.0,276.0,,,3,,,,11.96,ALQUILER OFICINAS - Edificio Corporativo 276 m²,,,0,0,0,0,0,0,0,0,0,0,0,0,0,0,0,0,0,0,0,0,0,0
remax,5b176951-d95c-4088-bafc-4b45b34faeb1,https://www.remax.com.ar/listings/alquiler-ph-2-ambientes-con-terraza-sin-expensas,2026-08-13T22:41:23+00:00,alquiler,departamento_estandar,1100000.0,ARS,ARS 1100000.0,0.0,ARS,Av. San Martín 7100,Av. San Martín,7100,,villa devoto,Villa Devoto,11.0,Capital Federal,-34.590222438183,-58.514728546143,67.0,46.9,2.0,,1,,,,16417.91,Alquiler PH 2 ambientes con terraza SIN EXPENSAS,,,0,0,0,0,0,0,0,0,0,0,0,0,0,1,0,0,0,0,0,0,0,0
remax,5af2cddb-5cef-4e16-986f-9d098c6f1f95,https://www.remax.com.ar/listings/alquiler-hermoso-3-ambientes-en-barrio-norte,2026-08-13T22:41:23+00:00,alquiler,departamento_estandar,1000000.0,ARS,ARS 1000000.0,0.0,ARS,Viamonte 2000,Viamonte,2000,,recoleta,Barrio Norte,2.0,Capital Federal,-34.6009022,-58.3964039,71.26,65.43,3.0,,1,,,,14033.12,Alquiler Hermoso 3 ambientes en Barrio Norte,,,0,0,0,0,0,0,0,0,0,0,0,0,0,0,0,0,0,0,0,0,0,0
remax,5aedb533-0e92-41ba-94ca-d0d29047404d,https://www.remax.com.ar/listings/monoambiente-alquiler-palermo-soho-amoblado,2026-08-13T22:41:23+00:00,alquiler,departamento_monoambiente,650000.0,ARS,ARS 650000.0,90000.0,ARS,Charcas 4700,Charcas,4700,,palermo,Palermo,14.0,Capital Federal,-34.580941378104,-58.426676988602,33.4,33.4,1.0,,1,,,,19461.08,MONOAMBIENTE ALQUILER PALERMO SOHO AMOBLADO!,,,0,0,0,0,0,0,0,0,0,0,0,0,0,0,0,0,0,0,1,0,0,0
remax,5abac07c-6d3f-4a60-90c8-1d52014fd9f1,https://www.remax.com.ar/listings/alquiler-san-nicolas-luminoso,2026-08-13T22:41:26+00:00,alquiler,departamento_estandar,590000.0,ARS,ARS 590000.0,200000.0,ARS,Teniente General Juan Domingo Perón 1100,Teniente General Juan Domingo Perón,1100,,san nicolas,San Nicolás,1.0,Capital Federal,-34.6061174,-58.3827262,36.0,36.0,2.0,,1,,,,16388.89,Alquiler San Nicolás luminoso!,,,0,0,0,0,0,0,0,0,0,0,0,0,1,0,0,0,0,0,0,0,0,0
remax,5a7808e3-1b2d-438e-8bc2-7c5650f9f5c9,https://www.remax.com.ar/listings/alquiler-de-oficina-en-microcentro-2,2026-08-13T22:41:26+00:00,alquiler,oficina,2500.0,USD,USD 2500.0,1000000.0,ARS,Reconquista Entre Bartolomé Mitre y Perón 100,Reconquista Entre Bartolomé Mitre y Perón,100,,san nicolas,Centro / Microcentro,1.0,Capital Federal,-34.605934471015,-58.372410535812,241.0,241.0,,,2,,,,10.37,ALQUILER DE OFICINA EN MICROCENTRO,,,0,0,0,0,0,0,0,0,0,0,0,0,0,0,0,0,0,0,0,0,0,0
remax,5a6781a3-5a57-41b7-9415-d908b3a14978,https://www.remax.com.ar/listings/alquiler-2-ambientes-caballito,2026-08-13T22:41:26+00:00,alquiler,departamento_estandar,600000.0,ARS,ARS 600000.0,200000.0,ARS,Félix Lora 0,Félix Lora,0,,caballito,Caballito,6.0,Capital Federal,-34.6209699,-58.4438433,35.0,33.0,2.0,,1,,,,17142.86,Alquiler 2 ambientes Caballito,,,0,0,0,0,0,0,0,0,0,0,0,0,0,0,0,0,0,0,0,0,0,0
remax,5a2f1be2-f992-4d02-8224-502ac9aeeaef,https://www.remax.com.ar/listings/alquiler-ph-2-amb-con-patio-en-barracas,2026-08-13T22:41:26+00:00,alquiler,ph,800000.0,ARS,ARS 800000.0,20000.0,ARS,Wenceslao Villafañe 1500,Wenceslao Villafañe,1500,,barracas,Barracas,4.0,Capital Federal,-34.6351488,-58.3734783,41.85,35.41,2.0,,1,,,,19115.89,ALQUILER PH 2 AMB con Patio en BARRACAS,,,0,0,0,0,0,0,0,0,0,0,0,0,0,0,0,0,0,0,0,1,0,0
remax,5a1a6f00-dfc3-4c7f-b330-5d655930a98e,https://www.remax.com.ar/listings/oficina-15-amb-alquiler-puerto-madero-1380-m2,2026-08-13T22:41:26+00:00,alquiler,oficina,30360.0,USD,USD 30360.0,11040.0,USD,Olga Cossettini 1000,Olga Cossettini,1000,,puerto madero,Puerto Madero,1.0,Capital Federal,-34.6097946,-58.3637933,1380.0,1380.0,,,8,,,,22.0,OFICINA 15 AMB ALQUILER PUERTO MADERO 1380 M2,,,0,0,0,0,0,0,0,0,0,0,0,0,0,0,0,0,0,0,0,0,0,0
remax,5a11f89d-fd92-4e9c-aeb0-6573cadf7c5d,https://www.remax.com.ar/listings/local-amoblado-39m2,2026-08-13T22:41:26+00:00,alquiler,local,500000.0,ARS,ARS 500000.0,130000.0,ARS,Avenida Rivadavia 5300,Avenida Rivadavia,5300,,caballito,Caballito,6.0,Capital Federal,-34.6201305,-58.4400598,39.0,39.0,,,1,,,,12820.51,LOCAL AMOBLADO 39M2,,,0,0,0,0,0,0,0,0,0,0,0,0,0,0,0,0,0,0,1,0,0,0
remax,59e91d23-6c98-45b7-94fd-bab8cf29e915,https://www.remax.com.ar/listings/alquiler-3-dormitorios-cochera-las-canitas,2026-08-13T22:41:30+00:00,alquiler,departamento_estandar,1700000.0,ARS,ARS 1700000.0,450000.0,ARS,Soldado de la Independencia 1300,Soldado de la Independencia,1300,,palermo,Palermo,14.0,Capital Federal,-34.5634121,-58.4412421,88.79,85.26,4.0,,1,1.0,,,19146.3,ALQUILER 3 DORMITORIOS. COCHERA. LAS CAÑITAS,,,0,0,0,0,0,0,0,0,0,1,0,0,0,0,0,0,0,0,0,0,0,0
remax,59c4e3a2-f401-4ce4-8507-b56a3410d100,https://www.remax.com.ar/listings/alquiler-oficina-san-nicolas-vista-panoramica,2026-08-13T22:41:30+00:00,alquiler,oficina,600.0,USD,USD 600.0,367000.0,ARS,Paraná 100,Paraná,100,,san nicolas,San Nicolás,1.0,Capital Federal,-34.607572007827,-58.389158248901,69.05,69.05,,,0,,,,8.69,ALQUILER OFICINA SAN NICOLAS VISTA PANORAMICA,,,0,0,0,0,0,0,0,0,0,0,0,0,1,0,0,0,0,0,0,0,0,0
remax,59a5075c-c623-4649-94f8-c53e043c56f1,https://www.remax.com.ar/listings/alquiler-local-comercial-exc-ubicacion-en-palermo-1,2026-08-13T22:41:30+00:00,alquiler,local,1700.0,USD,USD 1700.0,,ARS,Fray Justo Santa Mario de Oro 2500,Fray Justo Santa Mario de Oro,2500,,palermo,Palermo,14.0,Capital Federal,-34.578902316725,-58.42405057032,36.37,36.37,,,1,,,,46.74,ALQUILER LOCAL COMERCIAL EXC UBICACION EN PALERMO.,,,0,0,0,0,0,0,0,0,0,0,0,0,0,0,0,0,0,0,0,0,0,0
remax,59a22e7a-d892-4f68-ab6e-1458b6532ca2,https://www.remax.com.ar/listings/alquiler-depto-3-ambientes-almagro,2026-08-13T22:41:30+00:00,alquiler,departamento_estandar,900000.0,ARS,ARS 900000.0,142000.0,ARS,Don Bosco 3400,Don Bosco,3400,,almagro,Almagro,5.0,Capital Federal,-34.611754,-58.4143857,59.31,56.27,3.0,,1,,,,15174.51,ALQUILER DEPTO 3 AMBIENTES ALMAGRO,,,0,0,0,0,0,0,0,0,0,0,0,0,0,0,0,0,0,0,0,0,0,0
remax,598f15bf-1205-42ee-878f-2c7a71197bb0,https://www.remax.com.ar/listings/alquiler-monoamb-divisible-al-frente-en-floresta,2026-08-13T22:41:30+00:00,alquiler,departamento_estandar,600000.0,ARS,ARS 600000.0,150000.0,ARS,Segurola 1000,Segurola,1000,,floresta,Floresta,10.0,Capital Federal,-34.6264882,-58.4916793,41.0,39.0,1.0,,1,,,,14634.15,Alquiler Monoamb. divisible al frente en Floresta,,,0,0,0,0,0,0,0,0,0,0,0,0,0,0,0,0,0,1,0,0,0,0
remax,598eaa78-587c-4106-b96a-c1734599d474,https://www.remax.com.ar/listings/alquiler-dto-4-amb-dependencia-belgrano,2026-08-13T22:41:30+00:00,alquiler,departamento_estandar,2200000.0,ARS,ARS 2200000.0,928000.0,ARS,O'higgins 1700,O'higgins,1700,,belgrano,Belgrano,13.0,Capital Federal,-34.5629603,-58.4501349,117.0,112.0,4.0,,2,,,,18803.42,AlQUILER DTO 4 AMB + DEPENDENCIA - BELGRANO,,,0,0,0,0,0,0,0,0,0,0,0,0,0,0,0,0,0,0,0,0,0,0
remax,5977e525-3a68-4a76-a2b8-8c2cd7d8ed08,https://www.remax.com.ar/listings/alquiler-oficina-comercial-equipada-san-nicolas,2026-08-13T22:41:30+00:00,alquiler,oficina,700.0,USD,USD 700.0,720000.0,ARS,Sarmiento 1100,Sarmiento,1100,,san nicolas,San Nicolás,1.0,Capital Federal,-34.6049985,-58.3830902,157.56,149.94,,,2,,,,4.44,ALQUILER OFICINA COMERCIAL EQUIPADA SAN NICOLAS,,,0,0,0,0,0,0,0,0,0,0,0,0,0,0,0,0,0,0,0,0,0,0
remax,59117d94-a93a-44f8-acff-8e7959b39a93,https://www.remax.com.ar/listings/alquiler-depto-en-av-cordoba,2026-08-13T22:41:33+00:00,alquiler,departamento_monoambiente,550000.0,ARS,ARS 550000.0,151000.0,ARS,Avenida Córdoba 800,Avenida Córdoba,800,,retiro,Retiro,1.0,Capital Federal,-34.5987307,-58.3793311,32.02,32.02,1.0,,1,,,,17176.76,"ALQUILER, DEPTO EN AV. CORDOBA",,,0,0,0,0,0,0,0,0,0,0,0,0,0,0,0,0,0,0,0,0,0,0
remax,590aa2ba-724b-425f-9537-f5cc832c171c,https://www.remax.com.ar/listings/caballito-3-amb-excelente-ubicacion-amoblado,2026-08-13T22:41:33+00:00,alquiler,departamento_estandar,900000.0,ARS,ARS 900000.0,360000.0,ARS,Rosario 700,Rosario,700,,caballito,Caballito Sur,6.0,Capital Federal,-34.6205383,-58.4396204,47.0,47.0,3.0,,1,,,,19148.94,Caballito - 3 amb. Excelente ubicacion. AMOBLADO.,,,0,0,0,0,0,0,0,0,0,0,0,0,0,0,0,0,0,0,1,0,0,0
remax,59088ddb-77fb-42a4-af6f-5d8954610925,https://www.remax.com.ar/listings/alquiler-depto-3-amb-almagro-luminoso-no-mascotas,2026-08-13T22:41:33+00:00,alquiler,departamento_estandar,850000.0,ARS,ARS 850000.0,222000.0,ARS,Avenida Rivadavia 3500,Avenida Rivadavia,3500,,almagro,Almagro,5.0,Capital Federal,-34.6107881,-58.4171193,56.03,51.53,3.0,,1,,,,15170.44,Alquiler Depto 3 Amb Almagro Luminoso no mascotas,,,0,0,0,0,0,0,0,0,0,0,0,0,1,0,0,0,0,0,0,0,0,0
remax,5905c740-63e5-43e6-9a9f-485a193eb08b,https://www.remax.com.ar/listings/2-ambientes-con-dependencia-san-telmo,2026-08-13T22:41:33+00:00,alquiler,ph,900000.0,ARS,ARS 900000.0,5000.0,ARS,Tacuarí 600,Tacuarí,600,,san telmo,San Telmo,1.0,Capital Federal,-34.6154569,-58.3789658,40.0,40.0,2.0,,1,,,,22500.0,2 Ambientes con dependencia San Telmo,,,0,0,0,0,0,0,0,0,0,0,0,0,0,0,0,0,0,0,0,0,0,0
remax,5900fabf-8966-46bf-ba1a-e98fc4a637b6,https://www.remax.com.ar/listings/departamento-alquiler-2-ambientes-bajas-expensas,2026-08-13T22:41:33+00:00,alquiler,departamento_estandar,800000.0,ARS,ARS 800000.0,74000.0,ARS,Francisco López Merino 4000,Francisco López Merino,4000,,agronomia,Agronomía,15.0,Capital Federal,-34.5887591,-58.4936234,42.0,39.0,2.0,,1,,,,19047.62,DEPARTAMENTO ALQUILER 2 AMBIENTES BAJAS EXPENSAS,,,0,0,0,0,0,0,0,0,0,0,0,0,0,0,0,0,0,0,0,0,0,0
remax,58fbbd42-3e33-46ec-8b2b-30cfdde4df46,https://www.remax.com.ar/listings/alquiler-2-ambientes-equipado,2026-08-13T22:41:33+00:00,alquiler,departamento_estandar,560000.0,ARS,ARS 560000.0,463830.0,ARS,Arenales 800,Arenales,800,,retiro,Retiro,1.0,Capital Federal,-34.5940251,-58.3793171,35.0,35.0,2.0,,1,,,,16000.0,Alquiler 2 Ambientes equipado,,,0,0,0,0,0,0,0,0,0,0,0,0,0,0,0,0,0,0,1,0,0,0
remax,58da6e55-0ba2-47cb-89a4-3a8dbed1f008,https://www.remax.com.ar/listings/departamento-monoambiente-alquiler,2026-08-13T22:41:33+00:00,alquiler,departamento_estandar,500000.0,ARS,ARS 500000.0,140000.0,ARS,Piedras 800,Piedras,800,,san telmo,San Telmo,1.0,Capital Federal,-34.6183031,-58.3773798,31.47,29.02,2.0,,1,,,,15888.15,"DEPARTAMENTO MONOAMBIENTE, ALQUILER !!!",,,0,0,0,0,0,0,0,0,0,0,0,0,0,0,0,0,0,0,0,0,0,0
remax,58c27fca-67fd-46ab-b291-74940e5cdcc1,https://www.remax.com.ar/listings/departamento-villa-urquiza-3-ambientes-con-cochera,2026-08-13T22:41:33+00:00,alquiler,departamento_estandar,1350000.0,ARS,ARS 1350000.0,170000.0,ARS,Alvarez Thomas 3600,Alvarez Thomas,3600,,villa urquiza,Villa Urquiza,12.0,Capital Federal,-34.569075934291,-58.486704826355,62.0,55.0,3.0,,1,1.0,,,21774.19,Departamento Villa Urquiza 3 ambientes con cochera,,,0,0,0,0,0,0,0,0,0,1,0,0,0,0,0,0,0,0,0,0,0,0
remax,58a79d6d-031d-4a4f-a351-aec078c7fe17,https://www.remax.com.ar/listings/departamento-alquiler-2-amb-villa-crespo-bajas-exp,2026-08-13T22:41:33+00:00,alquiler,departamento_estandar,700000.0,ARS,ARS 700000.0,67368.0,ARS,Lerma 300,Lerma,300,,villa crespo,Villa Crespo,15.0,Capital Federal,-34.5953868,-58.4307284,34.92,34.09,2.0,,1,,,,20045.82,Departamento Alquiler 2 amb Villa Crespo Bajas Exp,,,0,0,0,0,0,0,0,0,0,0,0,0,0,0,0,0,0,0,0,0,0,0
remax,587613d7-e207-4181-af55-7c25c28d0782,https://www.remax.com.ar/listings/alquiler-departamento-2-amb-recoleta-apto-prof-1,2026-08-13T22:41:36+00:00,alquiler,departamento_estandar,650000.0,ARS,ARS 650000.0,190000.0,ARS,José A. Cabrera 3100,José A. Cabrera,3100,,recoleta,Recoleta,2.0,Capital Federal,-34.5967996,-58.4111755,40.91,40.91,2.0,,1,,,,15888.54,ALQUILER DEPARTAMENTO 2 AMB RECOLETA APTO PROF,,,0,0,0,0,0,0,0,0,0,0,0,0,0,0,0,0,0,0,0,0,0,0
remax,586d57fb-33dd-4dbd-afe9-31c6d37d4cfe,https://www.remax.com.ar/listings/oficina-corporativa-en-alquiler-seguridad-24hs,2026-08-13T22:41:36+00:00,alquiler,oficina,1550.0,USD,USD 1550.0,790000.0,ARS,Avenida Córdoba 600,Avenida Córdoba,600,,retiro,Retiro,1.0,Capital Federal,-34.5986358,-58.376302,137.0,137.0,,,3,,,,11.31,Oficina corporativa en alquiler – SEGURIDAD 24HS,,,0,0,0,0,0,0,0,0,0,0,0,1,0,0,0,0,0,0,0,0,0,0
remax,58674b5d-6cb9-4e72-9586-cadd0cd74833,https://www.remax.com.ar/listings/gran-oficina-comercial-en-alquiler-recoleta-vip,2026-08-13T22:41:36+00:00,alquiler,oficina,4000000.0,ARS,ARS 4000000.0,1500000.0,ARS,Posadas 1300,Posadas,1300,,recoleta,Recoleta,2.0,Capital Federal,-34.5885031,-58.3852688,193.0,193.0,,,6,,,,20725.39,GRAN OFICINA COMERCIAL EN ALQUILER — RECOLETA VIP,,,0,0,0,0,0,0,0,0,0,0,0,0,0,0,0,0,0,0,0,0,0,0
remax,58548b42-46e5-4836-bd2a-552fb71490d3,https://www.remax.com.ar/listings/departamento-alquiler-monoambiente-belgrano-balcon,2026-08-13T22:41:36+00:00,alquiler,departamento_monoambiente,800000.0,ARS,ARS 800000.0,148000.0,ARS,Moldes 1600,Moldes,1600,,belgrano,Belgrano,13.0,Capital Federal,-34.5675857,-58.4563686,37.84,31.52,1.0,,1,,,,21141.65,DEPARTAMENTO ALQUILER MONOAMBIENTE BELGRANO BALCON,,,0,0,0,0,0,0,0,0,0,0,0,0,0,1,0,0,0,0,0,0,0,0
remax,582c54d5-87fc-4c54-85a1-673e04c25762,https://www.remax.com.ar/listings/alquiler-monoambiente-pueyrredon-y-pena-puro-sol,2026-08-13T22:41:36+00:00,alquiler,departamento_monoambiente,600000.0,ARS,ARS 600000.0,120000.0,ARS,Avenida Pueyrredón 1900,Avenida Pueyrredón,1900,,recoleta,Barrio Norte,2.0,Capital Federal,-34.5887147,-58.3995917,30.85,30.85,1.0,,1,,,,19448.95,ALQUILER MONOAMBIENTE PUEYRREDON Y PEÑA PURO SOL,,,0,0,0,0,0,0,0,0,0,0,0,0,0,0,0,0,0,0,0,0,0,0
remax,58242e4e-8095-420c-b694-771c60beab76,https://www.remax.com.ar/listings/alquiler-2-ambientes-con-balcon-lavadero-canitas,2026-08-13T22:41:36+00:00,alquiler,departamento_estandar,900000.0,USD,USD 900000.0,250000.0,ARS,Maure 1600,Maure,1600,,palermo,Palermo,14.0,Capital Federal,-34.5661092,-58.4355636,51.31,51.31,2.0,,1,,,,17540.44,Alquiler 2 ambientes con balcon lavadero Cañitas,,,0,0,0,0,0,0,0,0,0,0,0,0,0,1,0,0,0,0,0,0,0,0
remax,581816de-9f67-4787-9c26-9c24a6d3644f,https://www.remax.com.ar/listings/monoambiente-con-patio-en-alquiler-villa-riachuelo,2026-08-13T22:41:36+00:00,alquiler,departamento_monoambiente,750000.0,ARS,ARS 750000.0,120000.0,ARS,Montiel 4900,Montiel,4900,,villa riachuelo,Villa Riachuelo,8.0,Capital Federal,-34.686796,-58.4798959,39.0,37.0,1.0,,1,,,,19230.77,MONOAMBIENTE CON PATIO EN ALQUILER VILLA RIACHUELO,,,0,0,0,0,0,0,0,0,0,0,0,0,0,0,0,0,0,0,0,1,0,0
remax,57f3b083-6f89-4359-b60c-2a1a93be1235,https://www.remax.com.ar/listings/alquiler-deposito-galpon-oficina-palermo-hollywood,2026-08-13T22:41:36+00:00,alquiler,deposito,2400000.0,ARS,ARS 2400000.0,,ARS,Bonpland 2000,Bonpland,2000,,palermo,Palermo Hollywood,14.0,Capital Federal,-34.580339413834,-58.434331694163,201.0,201.0,5.0,,0,,,,11940.3,ALQUILER DEPÓSITO GALPÓN OFICINA PALERMO HOLLYWOOD,,,0,0,0,0,0,0,0,0,0,0,0,0,0,0,0,0,0,0,0,0,0,0
remax,57c5413f-2536-4003-ab73-bbc03e5806d5,https://www.remax.com.ar/listings/alquiler-3ambientes-lavadero-balcon-belgrano,2026-08-13T22:41:36+00:00,alquiler,departamento_estandar,1400000.0,ARS,ARS 1400000.0,400000.0,ARS,Olazabal 2800,Olazabal,2800,,belgrano,Belgrano,13.0,Capital Federal,-34.562900332135,-58.462800979614,63.69,59.89,3.0,,1,,,,21981.47,Alquiler 3ambientes lavadero balcon belgrano,,,0,0,0,0,0,0,0,0,0,0,0,0,0,1,0,0,0,0,0,0,0,0
remax,57c21316-6eb8-4e1a-a36b-5faa538ee9d7,https://www.remax.com.ar/listings/departamento-2-amb-a-estrenar-alquiler-palermo-hol,2026-08-13T22:41:36+00:00,alquiler,departamento_estandar,850.0,USD,USD 850.0,180000.0,ARS,Humboldt 1800,Humboldt,1800,,palermo,Palermo Hollywood,14.0,Capital Federal,-34.583617793153,-58.433987612516,50.9,43.3,2.0,,1,,,,16.7,Departamento 2 amb a estrenar Alquiler Palermo Hol,,,0,0,0,0,0,0,0,0,0,0,0,0,0,0,0,0,0,0,0,0,0,0
remax,57b09c0d-cc70-48bd-81ab-4d141fde979f,https://www.remax.com.ar/listings/alquiler-departamento-2-ambientes-floresta-estrena,2026-08-13T22:41:36+00:00,alquiler,departamento_estandar,750000.0,ARS,ARS 750000.0,120000.0,ARS,Avenida Olivera 0,Avenida Olivera,0,,velez sarsfield,Velez Sarsfield,10.0,Capital Federal,-34.63646,-58.4874052,42.0,39.0,2.0,,1,,,,17857.14,ALQUILER DEPARTAMENTO 2 AMBIENTES FLORESTA ESTRENA,,,0,0,0,0,0,0,0,0,0,0,0,0,0,0,0,0,0,0,0,0,0,0
remax,57ae9118-9651-4451-b79c-23be5e9aba81,https://www.remax.com.ar/listings/departamento-de-2-ambientes-en-alquiler,2026-08-13T22:41:36+00:00,alquiler,departamento_estandar,500000.0,ARS,ARS 500000.0,130000.0,ARS,Espinosa 0,Espinosa,0,,caballito,Caballito Sur,6.0,Capital Federal,-34.6219916,-58.4462269,37.12,37.12,2.0,,1,,,,13469.83,Departamento de 2 ambientes en alquiler,,,0,0,0,0,0,0,0,0,0,0,0,0,0,0,0,0,0,0,0,0,0,0
remax,579a5ba3-c7e4-42d9-9b4f-b635dd28d61d,https://www.remax.com.ar/listings/alquiler-depto-3-amb-luminoso-apto-prof-centro,2026-08-13T22:41:36+00:00,alquiler,departamento_estandar,1000000.0,ARS,ARS 1000000.0,260000.0,ARS,Avenida Corrientes 1300,Avenida Corrientes,1300,,san nicolas,San Nicolás,1.0,Capital Federal,-34.6037757,-58.3853158,72.0,72.0,3.0,,1,,,,13888.89,ALQUILER DEPTO 3 AMB. LUMINOSO APTO PROF CENTRO,,,0,0,0,0,0,0,0,0,0,0,0,0,1,0,0,0,0,0,0,0,0,0
remax,575ecd5e-ed03-481a-a069-09afe2f8111d,https://www.remax.com.ar/listings/dpto-4-amb-alquila-caballito-recicla-balcon-frente,2026-08-13T22:41:39+00:00,alquiler,departamento_estandar,1300000.0,ARS,ARS 1300000.0,480000.0,ARS,Rosario 700,Rosario,700,,caballito,Caballito Sur,6.0,Capital Federal,-34.6203086,-58.4395398,99.1,86.0,4.0,,2,,,,13118.06,DPTO 4 AMB-ALQUILA-CABALLITO-RECICLA-BALCÓN FRENTE,,,0,0,0,0,0,0,0,0,0,0,0,0,0,1,0,0,0,0,0,0,0,0
remax,574b0e3c-2435-4482-b2d5-006ae3204115,https://www.remax.com.ar/listings/caballito-sur-2-amb-exc-ubicacion-con-balcon,2026-08-13T22:41:39+00:00,alquiler,departamento_semipiso,800000.0,ARS,ARS 800000.0,300000.0,ARS,Avenida Pedro Goyena 1600,Avenida Pedro Goyena,1600,,caballito,Caballito,6.0,Capital Federal,-34.6283795,-58.4505425,46.0,42.0,2.0,,1,,,,17391.3,Caballito Sur - 2 amb. Exc. ubicacion con Balcon,,,0,0,0,0,0,0,0,0,0,0,0,0,0,1,0,0,0,0,0,0,0,0
remax,5718ed64-f4a4-4a01-bd34-003af8873b0e,https://www.remax.com.ar/listings/local-alquiler-3800m2-totales-con-rampa-vehiculos,2026-08-13T22:41:39+00:00,alquiler,local,30000.0,USD,USD 30000.0,0.0,ARS,Av Cabildo 3200,Av Cabildo,3200,,nunez,Nuñez,13.0,Capital Federal,-34.552398988757,-58.465751409531,3820.0,3800.0,,,4,,,,7.85,LOCAL alquiler 3800m2 totales con rampa vehiculos,,,0,0,0,0,0,0,0,0,0,0,0,0,0,0,0,0,0,0,0,0,0,0
remax,56fa1ec8-5f6c-4a75-bf0a-c69f42bddbe1,https://www.remax.com.ar/listings/alquiler-oficina-en-san-nicolas-1,2026-08-13T22:41:39+00:00,alquiler,oficina,300000.0,ARS,ARS 300000.0,188817.0,ARS,San Martín 200,San Martín,200,,san nicolas,San Nicolás,1.0,Capital Federal,-34.6054656,-58.3736269,26.1,26.1,,,1,,,,11494.25,ALQUILER OFICINA EN SAN NICOLÁS,,,0,0,0,0,0,0,0,0,0,0,0,0,0,0,0,0,0,0,0,0,0,0
remax,56ee1dd9-b0e9-440b-b93f-bd20ccae8758,https://www.remax.com.ar/listings/dto-alquiler-4-amb-balvanera-reciclado-luz-balcon,2026-08-13T22:41:39+00:00,alquiler,departamento_estandar,1500000.0,ARS,ARS 1500000.0,165000.0,ARS,Ayacucho 200,Ayacucho,200,,balvanera,Balvanera,3.0,Capital Federal,-34.6061376,-58.3950228,98.65,98.65,4.0,,2,,,,15205.27,Dto alquiler 4 amb Balvanera reciclado Luz balcon,,,0,0,0,0,0,0,0,0,0,0,0,0,0,1,0,1,0,0,0,0,0,0
remax,56dfb556-51db-4228-9d24-ca0415554282,https://www.remax.com.ar/listings/departamento-2-amb-alquiler-super-luminoso,2026-08-13T22:41:43+00:00,alquiler,departamento_estandar,650000.0,ARS,ARS 650000.0,250000.0,ARS,Avenida Presidente Julio A. Roca 500,Avenida Presidente Julio A. Roca,500,,monserrat,Monserrat,1.0,Capital Federal,-34.6099693,-58.3742362,41.33,32.33,2.0,,1,,,,15727.07,Departamento 2 Amb. ALQUILER Super Luminoso.,,,0,0,0,0,0,0,0,0,0,0,0,0,1,0,0,0,0,0,0,0,0,0
remax,56d27be2-3720-4267-bf0b-aec90eea4c1d,https://www.remax.com.ar/listings/alquiler-monoambiente-balvanera-refaccionado-1,2026-08-13T22:41:43+00:00,alquiler,departamento_monoambiente,450000.0,ARS,ARS 450000.0,100000.0,ARS,Junín 500,Junín,500,,balvanera,Balvanera,3.0,Capital Federal,-34.6025243,-58.3972075,24.0,24.0,1.0,,1,,,,18750.0,ALQUILER MONOAMBIENTE BALVANERA REFACCIONADO,,,0,0,0,0,0,0,0,0,0,0,0,0,0,0,0,1,0,0,0,0,0,0
remax,56b73ce9-1962-4073-832b-23014ee12bae,https://www.remax.com.ar/listings/alquiler-depto-4-amb-con-balcon-caballito,2026-08-13T22:41:43+00:00,alquiler,departamento_estandar,1500000.0,ARS,ARS 1500000.0,350000.0,ARS,Avenida Rivadavia 6000,Avenida Rivadavia,6000,,caballito,Caballito,6.0,Capital Federal,-34.624658,-58.4519535,78.0,74.0,4.0,,1,,,,19230.77,ALQUILER DEPTO. 4 AMB CON BALCON- CABALLITO,,,0,0,0,0,0,0,0,0,0,0,0,0,0,1,0,0,0,0,0,0,0,0
remax,5691596f-6382-41bf-867c-3302c2255f35,https://www.remax.com.ar/listings/alquiler-monoambiente-divisible-palermo,2026-08-13T22:41:43+00:00,alquiler,departamento_estandar,600000.0,ARS,ARS 600000.0,185000.0,ARS,José León Pagano 2700,José León Pagano,2700,,palermo,Palermo,14.0,Capital Federal,-34.5836318,-58.400242,37.96,37.96,1.0,,1,,,,15806.11,ALQUILER MONOAMBIENTE DIVISIBLE PALERMO,,,0,0,0,0,0,0,0,0,0,0,0,0,0,0,0,0,0,0,0,0,0,0
remax,566a4a17-7803-4b13-bc27-f6ed966eee40,https://www.remax.com.ar/listings/alquiler-temporario-monoambiente-palermo-amenities,2026-08-13T22:41:43+00:00,alquiler,departamento_estandar,550.0,USD,USD 550.0,0.0,ARS,Billinghurst 2100,Billinghurst,2100,,recoleta,Recoleta,2.0,Capital Federal,-34.5867999,-58.4068,30.0,30.0,1.0,,1,,,,18.33,Alquiler Temporario Monoambiente Palermo Amenities,,,1,0,0,0,0,0,0,0,0,0,0,0,0,0,0,0,0,0,0,0,0,0
remax,56181cce-4991-4f8e-82d8-7525f3494e7d,https://www.remax.com.ar/listings/alquiler-de-local-deposito-en-zona-warnes-183m2,2026-08-13T22:41:43+00:00,alquiler,deposito,1500.0,USD,USD 1500.0,200000.0,ARS,Avenida Doctor Honorio Pueyrredón 1500,Avenida Doctor Honorio Pueyrredón,1500,,villa crespo,Villa Crespo,15.0,Capital Federal,-34.6030865,-58.448826,183.0,183.0,,,0,,,,8.2,Alquiler de Local/Depósito en zona Warnes 183m2,,,0,0,0,0,0,0,0,0,0,0,0,0,0,0,0,0,0,0,0,0,0,0
remax,56129c1e-d6b8-4fec-a7c5-8c1a02112f9e,https://www.remax.com.ar/listings/alquiler-multiespacio-oficinas-excelente-ubicacion-7,2026-08-13T22:41:47+00:00,alquiler,oficina,330000.0,ARS,ARS 330000.0,216000.0,ARS,Avenida Callao 400,Avenida Callao,400,,balvanera,Balvanera,3.0,Capital Federal,-34.6035032,-58.3925224,2000.0,2000.0,,,0,,,,165.0,ALQUILER MULTIESPACIO OFICINAS EXCELENTE UBICACION,,,0,0,0,0,0,0,0,0,0,0,0,0,0,0,0,0,0,0,0,0,0,0
remax,55e806c9-bc59-47a2-bab0-4c46c6d9291c,https://www.remax.com.ar/listings/alquiler-depto-4-ambientes-dep-recoleta-opc-coch,2026-08-13T22:41:47+00:00,alquiler,departamento_estandar,1300000.0,ARS,ARS 1300000.0,491000.0,ARS,Guido 1600,Guido,1600,,recoleta,Recoleta,2.0,Capital Federal,-34.5916059,-58.3882108,124.0,119.6,4.0,,3,,,,10483.87,ALQUILER DEPTO 4 AMBIENTES + DEP RECOLETA OPC COCH,,,0,0,0,0,0,0,0,0,0,0,0,0,0,0,0,0,0,0,0,0,0,0
remax,55d05592-7f2e-4e37-8ad0-2138279e6028,https://www.remax.com.ar/listings/edificio-de-consultorios-oficinas-en-colegiales,2026-08-13T22:41:47+00:00,alquiler,consultorio,6500000.0,ARS,ARS 6500000.0,0.0,ARS,Zapata 600,Zapata,600,,colegiales,Colegiales,13.0,Capital Federal,-34.5708914,-58.4448759,300.0,300.0,7.0,,8,,,,21666.67,Edificio de Consultorios/ Oficinas en Colegiales,,,0,0,0,0,0,0,0,0,0,0,0,0,0,0,0,0,0,0,0,0,0,0
remax,55cfafd6-6379-4d63-b2d6-c377850225fd,https://www.remax.com.ar/listings/alquiler-departamento-2-amb-en-belgrano,2026-08-13T22:41:47+00:00,alquiler,departamento_estandar,650000.0,ARS,ARS 650000.0,180000.0,ARS,Virrey Olaguer y Feliú 2600,Virrey Olaguer y Feliú,2600,,colegiales,Colegiales,13.0,Capital Federal,-34.5690013,-58.4536147,33.16,33.16,2.0,,1,,,,19601.93,Alquiler Departamento 2 amb. en Belgrano,,,0,0,0,0,0,0,0,0,0,0,0,0,0,0,0,0,0,0,0,0,0,0
remax,5587e3ed-39f3-4807-9db0-94456a3d82c7,https://www.remax.com.ar/listings/alquiler-ph-1-ambiente-nunez-entrada-independiente,2026-08-13T22:41:47+00:00,alquiler,departamento_monoambiente,600000.0,ARS,ARS 600000.0,45000.0,ARS,Vedia 1600,Vedia,1600,,nunez,Nuñez,13.0,Capital Federal,-34.5360489,-58.4675108,42.0,27.0,1.0,,1,,,,14285.71,Alquiler PH 1 ambiente Nuñez Entrada independiente,,,0,0,0,0,0,0,0,0,0,0,0,0,0,0,0,0,0,0,0,0,0,0
remax,55702477-a7e9-415f-9485-601904a36a75,https://www.remax.com.ar/listings/alquiler-monoambiente-c-balcon-parrilla-en-devoto,2026-08-13T22:41:47+00:00,alquiler,departamento_monoambiente,650000.0,ARS,ARS 650000.0,100000.0,ARS,Llavallol 4400,Llavallol,4400,,villa devoto,Villa Devoto,11.0,Capital Federal,-34.5922818,-58.5069543,38.0,35.0,1.0,,1,,,,17105.26,ALQUILER MONOAMBIENTE C/ BALCON PARRILLA EN DEVOTO,,,0,0,1,0,0,0,0,0,0,0,0,0,0,1,0,0,0,0,0,0,0,0
remax,5560c684-8884-4ee8-bd58-e6466c4f1891,https://www.remax.com.ar/listings/estudio-premium-totalmente-equipado-caballito,2026-08-13T22:41:47+00:00,alquiler,departamento_estandar,890000.0,ARS,ARS 890000.0,90000.0,ARS,Rio de Janeiro 800,Rio de Janeiro,800,,caballito,Parque Centenario,6.0,Capital Federal,-34.6054134602,-58.431279659271,38.58,34.5,1.0,,1,,,,23068.95,Estudio Premium -TOTALMENTE equipado - Caballito,,,0,0,0,0,0,0,0,0,0,0,0,0,0,0,0,0,0,0,1,0,0,0
remax,5501294e-c975-4ad8-93af-fcf70727312d,https://www.remax.com.ar/listings/alquiler-2-ambientes-v-urquiza-cochera-amenities,2026-08-13T22:41:50+00:00,alquiler,departamento_estandar,900000.0,ARS,ARS 900000.0,300000.0,ARS,Av Olazabal 4500,Av Olazabal,4500,,villa urquiza,Villa Urquiza,12.0,Capital Federal,-34.572998396196,-58.480460643768,45.0,45.0,2.0,,1,1.0,,,20000.0,ALQUILER 2 AMBIENTES-V URQUIZA COCHERA AMENITIES,,,1,0,0,0,0,0,0,0,0,1,0,0,0,0,0,0,0,0,0,0,0,0
remax,54e6b61c-ad5b-4a3c-8cca-1d5caf3c26b3,https://www.remax.com.ar/listings/alquiler-monoambiente-37m2-balcon-cfte-devoto,2026-08-13T22:41:50+00:00,alquiler,departamento_monoambiente,650000.0,ARS,ARS 650000.0,125000.0,ARS,José Cubas 3300,José Cubas,3300,,villa devoto,Villa Devoto,11.0,Capital Federal,-34.5921405,-58.506339,37.0,32.0,1.0,,1,,,,17567.57,ALQUILER MONOAMBIENTE 37m2 BALCON CFTE DEVOTO,,,0,0,0,0,0,0,0,0,0,0,0,0,0,1,0,0,0,0,0,0,0,0
remax,54d80f1f-e9d6-4f4c-b93e-99c8f8b37fde,https://www.remax.com.ar/listings/monoamb-alquiler-villa-crespo-a-estrenar-amenities,2026-08-13T22:41:50+00:00,alquiler,departamento_monoambiente,700000.0,ARS,ARS 700000.0,83000.0,ARS,Camargo 200,Camargo,200,,villa crespo,Villa Crespo,15.0,Capital Federal,-34.6026154,-58.4378259,36.59,28.57,1.0,,1,,,,19130.91,Monoamb Alquiler Villa Crespo A Estrenar Amenities,,,1,0,0,0,0,0,0,0,0,0,0,0,0,0,0,0,0,0,0,0,0,0
remax,5471bbe1-f6a0-4493-95fa-7afd5b133f98,https://www.remax.com.ar/listings/alquiler-multiespacio-oficinas-excelente-ubicacion-5,2026-08-13T22:41:50+00:00,alquiler,oficina,300000.0,ARS,ARS 300000.0,183000.0,ARS,Avenida Callao 400,Avenida Callao,400,,balvanera,Balvanera,3.0,Capital Federal,-34.6035032,-58.3925224,2000.0,2000.0,,,0,,,,150.0,ALQUILER MULTIESPACIO OFICINAS EXCELENTE UBICACION,,,0,0,0,0,0,0,0,0,0,0,0,0,0,0,0,0,0,0,0,0,0,0
remax,5471bb3c-bcf1-426d-a75c-0d381cef0ca1,https://www.remax.com.ar/listings/alquiler-local-flores,2026-08-13T22:41:50+00:00,alquiler,local,2000000.0,ARS,ARS 2000000.0,376568.0,ARS,Calle Doctor Juan Felipe Aranguren 2900,Calle Doctor Juan Felipe Aranguren,2900,,flores,Flores,7.0,Capital Federal,-34.6253919,-58.4725999,298.0,290.0,,,1,,,,6711.41,Alquiler local Flores,,,0,0,0,0,0,0,0,0,0,0,0,0,0,0,0,0,0,0,0,0,0,0
remax,546a7d0e-3d04-4bf4-b623-071233fd13dd,https://www.remax.com.ar/listings/departamento-monoambiente-alquiler-balvanera,2026-08-13T22:41:53+00:00,alquiler,departamento_monoambiente,500000.0,ARS,ARS 500000.0,125000.0,ARS,Adolfo Alsina 2000,Adolfo Alsina,2000,,balvanera,Balvanera,3.0,Capital Federal,-34.6118269,-58.3951003,26.84,26.84,1.0,,1,,,,18628.91,DEPARTAMENTO MONOAMBIENTE ALQUILER BALVANERA,,,0,0,0,0,0,0,0,0,0,0,0,0,0,0,0,0,0,0,0,0,0,0
remax,545c3d22-18b6-4a4c-838e-6956898c026e,https://www.remax.com.ar/listings/alquiler-depto-2-amb-monserrat-c-balcon-luminoso,2026-08-13T22:41:53+00:00,alquiler,departamento_estandar,600000.0,ARS,ARS 600000.0,212518.0,ARS,Avenida Independencia 1500,Avenida Independencia,1500,,constitucion,Constitución,1.0,Capital Federal,-34.6180787,-58.3887476,43.87,41.27,2.0,,1,,,,13676.77,"ALQUILER DEPTO 2 AMB. MONSERRAT C/BALCÒN,LUMINOSO",,,0,0,0,0,0,0,0,0,0,0,0,0,1,1,0,0,0,0,0,0,0,0
remax,544ca1d6-29b4-43b0-935c-086fe0347a7e,https://www.remax.com.ar/listings/alquiler-dpto-4-amb-tribunales-amplio-luminoso,2026-08-13T22:41:53+00:00,alquiler,departamento_estandar,950000.0,ARS,ARS 950000.0,292000.0,ARS,Talcahuano 900,Talcahuano,900,,retiro,Retiro,1.0,Capital Federal,-34.5978595,-58.3856422,70.34,70.34,4.0,,1,,,,13505.83,ALQUILER DPTO 4 AMB TRIBUNALES AMPLIO LUMINOSO,,,0,0,0,0,0,0,0,0,0,0,0,0,1,0,0,0,0,0,0,0,0,0
remax,54379ae0-c913-4263-a27a-5e746b7d1c10,https://www.remax.com.ar/listings/alquiler-de-lote-alberdi-4300-floresta-caba,2026-08-13T22:41:53+00:00,alquiler,terrenos_y_lotes,1750000.0,ARS,ARS 1750000.0,,ARS,Avenida Juan Bautista Alberdi 4300,Avenida Juan Bautista Alberdi,4300,,parque avellaneda,Parque Avellaneda,9.0,Capital Federal,-34.6405047,-58.4859498,440.0,0.0,,,0,,,,3977.27,ALQUILER DE LOTE - ALBERDI 4300 FLORESTA CABA,,,0,0,0,0,0,0,0,0,0,0,0,0,0,0,0,0,0,0,0,0,0,0
remax,53fd4db2-72e5-47f9-8d21-9879235d0860,https://www.remax.com.ar/listings/alquiler-monoambiente-villa-crespo-con-balcon-1,2026-08-13T22:41:53+00:00,alquiler,departamento_monoambiente,800000.0,ARS,ARS 800000.0,100000.0,ARS,Loyola 900,Loyola,900,,villa crespo,Villa Crespo,15.0,Capital Federal,-34.5922854,-58.4386059,36.0,33.0,1.0,,1,,,,22222.22,ALQUILER MONOAMBIENTE VILLA CRESPO CON BALCÓN,,,0,0,0,0,0,0,0,0,0,0,0,0,0,1,0,0,0,0,0,0,0,0
remax,53e9480e-3465-4f41-a73c-a1ef1cddce19,https://www.remax.com.ar/listings/alquiler-local-comercial-monserrat,2026-08-13T22:41:53+00:00,alquiler,local,700000.0,ARS,ARS 700000.0,,ARS,Avenida Hipólito Yrigoyen 800,Avenida Hipólito Yrigoyen,800,,monserrat,Monserrat,1.0,Capital Federal,-34.6094465,-58.3776218,52.0,52.0,,,1,,,,13461.54,ALQUILER LOCAL COMERCIAL MONSERRAT,,,0,0,0,0,0,0,0,0,0,0,0,0,0,0,0,0,0,0,0,0,0,0
remax,53c54439-c654-410b-8acd-542ac2cad268,https://www.remax.com.ar/listings/alquiler-duplex-3-ambientes-con-cochera-y-balcon,2026-08-13T22:41:53+00:00,alquiler,departamento_duplex,1200000.0,ARS,ARS 1200000.0,223000.0,ARS,Helguera 2700,Helguera,2700,,villa del parque,Villa del Parque,11.0,Capital Federal,-34.6034703,-58.4918806,57.0,54.0,3.0,,1,1.0,,,21052.63,Alquiler Dúplex 3 Ambientes con Cochera y Balcón,,,0,0,0,0,0,0,0,0,0,1,0,0,0,1,0,0,0,0,0,0,0,0
remax,53c2fc26-4fd6-48ee-ac4d-ed4975786516,https://www.remax.com.ar/listings/alquiler-3-amb-luminoso-con-balcon-y-lavadero,2026-08-13T22:41:53+00:00,alquiler,departamento_estandar,1300000.0,ARS,ARS 1300000.0,125000.0,ARS,Francisco Acuña de Figueroa 700,Francisco Acuña de Figueroa,700,,almagro,Almagro,5.0,Capital Federal,-34.6023047,-58.4223375,62.0,58.0,3.0,,1,,,,20967.74,"Alquiler 3 amb luminoso con balcon y lavadero,",,,0,0,0,0,0,0,0,0,0,0,0,0,1,1,0,0,0,0,0,0,0,0
remax,53aea57c-2705-41cc-9315-4ab2cad0868a,https://www.remax.com.ar/listings/alquiler-monoambiente-parque-chas,2026-08-13T22:41:53+00:00,alquiler,departamento_estandar,700000.0,ARS,ARS 700000.0,70000.0,ARS,Llerena 2400,Llerena,2400,,parque chas,Parque Chas,15.0,Capital Federal,-34.5840206,-58.473281,45.0,42.0,1.0,,1,,,,15555.56,ALQUILER MONOAMBIENTE PARQUE CHAS,,,0,0,0,0,0,0,0,0,0,0,0,0,0,0,0,0,0,0,0,0,0,0
remax,53aca2a0-f013-4cc6-ac6c-8b3bcf13e385,https://www.remax.com.ar/listings/alquiler-palermo-monoambiente-42m2-balcon-aptoprof,2026-08-13T22:41:53+00:00,alquiler,departamento_estandar,850000.0,ARS,ARS 850000.0,245000.0,ARS,Cerviño 3900,Cerviño,3900,,,Botánico,,Capital Federal,-34.578669002999,-58.413765909694,41.84,38.65,1.0,,1,,,,20315.49,ALQUILER PALERMO MONOAMBIENTE 42m2 BALCON APTOPROF,,,0,0,0,0,0,0,0,0,0,0,0,0,0,1,0,0,0,0,0,0,0,0
remax,539d2dba-da63-4368-8d86-110852428245,https://www.remax.com.ar/listings/alquiledepto-2-ambientes-con-patio-y-quincho-nunez,2026-08-13T22:41:57+00:00,alquiler,departamento_semipiso,1000000.0,ARS,ARS 1000000.0,295000.0,ARS,Guayrá 2100,Guayrá,2100,,nunez,Nuñez,13.0,Capital Federal,-34.5518029,-58.4629447,74.1,42.57,2.0,,1,,,,13495.28,Alquiledepto 2 ambientes con patio y quincho Nuñez,,,0,0,1,0,0,0,0,0,0,0,0,0,0,0,0,0,0,0,0,1,0,0
remax,5373d122-12b8-4fba-b82a-7dc095d79b10,https://www.remax.com.ar/listings/alquiler-monoambiente-microcentro-1,2026-08-13T22:41:57+00:00,alquiler,departamento_monoambiente,450000.0,ARS,ARS 450000.0,110000.0,ARS,Viamonte 900,Viamonte,900,,san nicolas,San Nicolás,1.0,Capital Federal,-34.6001059,-58.3804873,24.14,21.07,1.0,,1,,,,18641.26,ALQUILER MONOAMBIENTE MICROCENTRO,,,0,0,0,0,0,0,0,0,0,0,0,0,0,0,0,0,0,0,0,0,0,0
remax,5346e172-be32-49fc-9523-5259f962c78e,https://www.remax.com.ar/listings/alquiler-2-ambtes-c-gran-balcon-terraza-al-frente,2026-08-13T22:41:57+00:00,alquiler,departamento_estandar,650000.0,ARS,ARS 650000.0,74000.0,ARS,Biarritz 2300,Biarritz,2300,,villa gral. mitre,Villa General Mitre,11.0,Capital Federal,-34.6050814,-58.4763978,61.15,46.76,2.0,,1,,,,10629.6,Alquiler 2 ambtes c/gran balcón terraza al frente,,,0,0,0,0,0,0,0,0,0,0,0,0,0,1,0,0,0,1,0,0,0,0
remax,530939f6-d36d-4a8f-8daf-0e8b8cc07617,https://www.remax.com.ar/listings/alquiler-3-amb-balcon-cochera-belgrano-r,2026-08-13T22:41:57+00:00,alquiler,departamento_estandar,1600000.0,ARS,ARS 1600000.0,363000.0,ARS,Conesa 2100,Conesa,2100,,belgrano,Belgrano,13.0,Capital Federal,-34.5646412,-58.4628085,79.35,73.92,3.0,,1,1.0,,,20163.83,ALQUILER 3 AMB BALCON COCHERA BELGRANO R,,,0,0,0,0,0,0,0,0,0,1,0,0,0,1,0,0,0,0,0,0,0,0
remax,52e4fc06-d46b-4a7e-9c23-270b89016bed,https://www.remax.com.ar/listings/alquiler-2-ambientes-duplex-palermo-excelente,2026-08-13T22:41:57+00:00,alquiler,departamento_duplex,820000.0,ARS,ARS 820000.0,130000.0,ARS,Charcas 4900,Charcas,4900,,palermo,Palermo,14.0,Capital Federal,-34.5798736,-58.4282952,39.9,38.47,2.0,,2,,,,20551.38,ALQUILER-2 AMBIENTES-DUPLEX- PALERMO- EXCELENTE,,,0,0,0,0,0,0,0,0,0,0,0,0,0,0,0,0,0,0,0,0,0,0
remax,52b46615-4dbf-45e5-b98f-2581d611dd70,https://www.remax.com.ar/listings/alquile-parque-patricios-monoambiente-balcon-sum,2026-08-13T22:42:01+00:00,alquiler,departamento_monoambiente,550000.0,ARS,ARS 550000.0,0.0,ARS,Avenida Jujuy 1800,Avenida Jujuy,1800,,parque patricios,Parque Patricios,4.0,Capital Federal,-34.6324388,-58.4000144,29.0,29.0,1.0,,1,,,,18965.52,ALQUILE PARQUE PATRICIOS MONOAMBIENTE BALCON SUM,,,1,0,0,0,1,0,0,0,0,0,0,0,0,1,0,0,0,0,0,0,0,0
remax,52994442-8397-4b61-9fef-0172bff2277c,https://www.remax.com.ar/listings/alquiler-monoambiente-divisible-1,2026-08-13T22:42:01+00:00,alquiler,departamento_monoambiente,550000.0,ARS,ARS 550000.0,202000.0,ARS,Salta 600,Salta,600,,monserrat,Monserrat,1.0,Capital Federal,-34.6162624,-58.383261,38.44,36.17,1.0,,1,,,,14308.01,Alquiler Monoambiente divisible,,,0,0,0,0,0,0,0,0,0,0,0,0,0,0,0,0,0,0,0,0,0,0
remax,5296ddd2-0778-421e-8748-f98ff12f46a7,https://www.remax.com.ar/listings/alquiler-depto-3-amb-balcon-al-frente-caballito,2026-08-13T22:42:01+00:00,alquiler,departamento_estandar,1100000.0,ARS,ARS 1100000.0,180000.0,ARS,Federico García Lorca 100,Federico García Lorca,100,,caballito,Caballito,6.0,Capital Federal,-34.6203822,-58.4451687,69.54,61.79,3.0,,1,,,,15818.23,ALQUILER DEPTO 3 AMB. BALCÓN AL FRENTE - CABALLITO,,,0,0,0,0,0,0,0,0,0,0,0,0,0,1,0,0,0,1,0,0,0,0
remax,5282b047-415d-4a8e-801d-b34bec69d649,https://www.remax.com.ar/listings/oficina-distrito-tecnologico-240m2-terraza-propia,2026-08-13T22:42:01+00:00,alquiler,oficina,3600000.0,ARS,ARS 3600000.0,350000.0,ARS,Avenida Caseros 2800,Avenida Caseros,2800,,parque patricios,Parque Patricios,4.0,Capital Federal,-34.6368573,-58.403164,310.0,240.0,,,3,,,,11612.9,OFICINA DISTRITO TECNOLOGICO 240M2 TERRAZA PROPIA,,,0,0,0,0,0,0,0,0,0,0,0,0,0,1,0,0,0,0,0,0,0,0
remax,5262e5b3-ae54-4433-92f2-1d1f8cc4407c,https://www.remax.com.ar/listings/alquiler-3-amb-con-balcon-v-crespo-cochera-opc,2026-08-13T22:42:01+00:00,alquiler,departamento_estandar,1300000.0,ARS,ARS 1300000.0,300000.0,ARS,Vera 900,Vera,900,,villa crespo,Villa Crespo,15.0,Capital Federal,-34.5950638,-58.4411688,55.97,53.63,3.0,,2,1.0,,,23226.73,Alquiler 3 amb con balcón V. Crespo. Cochera Opc.,,,0,0,0,0,0,0,0,0,0,1,0,0,0,1,0,0,0,0,0,0,0,0
remax,525a2feb-0bdb-4205-8d19-5fa2c542249a,https://www.remax.com.ar/listings/alquiler-monoambiente-nunez-a-estrenar,2026-08-13T22:42:01+00:00,alquiler,departamento_monoambiente,750000.0,ARS,ARS 750000.0,200000.0,ARS,Ramallo 1700,Ramallo,1700,,nunez,Nuñez,13.0,Capital Federal,-34.5395525,-58.466216,39.0,39.0,1.0,,1,,,,19230.77,ALQUILER MONOAMBIENTE NUÑEZ A ESTRENAR,,,0,0,0,0,0,0,0,0,0,0,0,0,0,0,0,0,0,0,0,0,0,0
remax,525814af-c66e-4219-a03d-ec22300ecce3,https://www.remax.com.ar/listings/local-1-plata-alquiler-comercial-almagro-2-banos,2026-08-13T22:42:01+00:00,alquiler,local,1700000.0,ARS,ARS 1700000.0,70000.0,ARS,Avenida Hipólito Yrigoyen 3700,Avenida Hipólito Yrigoyen,3700,,almagro,Almagro,5.0,Capital Federal,-34.6146853,-58.4195684,66.0,66.0,,,2,,,,25757.58,LOCAL 1 PLATA ALQUILER COMERCIAL ALMAGRO 2 Baños,,,0,0,0,0,0,0,0,0,0,0,0,0,0,0,0,0,0,0,0,0,0,0
remax,52464eb1-c9e6-4c8f-a2cd-370f0aca5f95,https://www.remax.com.ar/listings/alquiler-depto-3-ambientes-en-la-boca,2026-08-13T22:42:01+00:00,alquiler,departamento_estandar,750000.0,ARS,ARS 750000.0,250000.0,ARS,Avenida Almirante Brown 800,Avenida Almirante Brown,800,,la boca,La Boca,4.0,Capital Federal,-34.6321474,-58.3609142,53.0,53.0,3.0,,1,,,,14150.94,ALQUILER DEPTO 3 AMBIENTES EN LA BOCA,,,0,0,0,0,0,0,0,0,0,0,0,0,0,0,0,0,0,0,0,0,0,0
remax,523b67cb-7c6f-48bd-9890-b0f32d45184a,https://www.remax.com.ar/listings/alquiler-2-amb-luminoso-amenities-cochera-opc,2026-08-13T22:42:01+00:00,alquiler,departamento_estandar,850000.0,ARS,ARS 850000.0,566000.0,ARS,Piedras 1100,Piedras,1100,,monserrat,Monserrat,1.0,Capital Federal,-34.620920008245,-58.377462737706,47.27,41.61,2.0,,1,1.0,,,17981.81,ALQUILER - 2 AMB LUMINOSO -AMENITIES- COCHERA OPC.,,,1,0,0,0,0,0,0,0,0,1,0,0,1,0,0,0,0,0,0,0,0,0
remax,52345e75-9c7b-4e52-873b-c47e858e6a5f,https://www.remax.com.ar/listings/alquiler-departamento-amoblado-equipado-y-cochera,2026-08-13T22:42:01+00:00,alquiler,departamento_estandar,1200000.0,ARS,ARS 1200000.0,200000.0,ARS,Lascano 4400,Lascano,4400,,monte castro,Monte Castro,10.0,Capital Federal,-34.616671550245,-58.50237429142,43.0,43.0,2.0,,1,1.0,,,27906.98,ALQUILER DEPARTAMENTO AMOBLADO EQUIPADO Y COCHERA,,,0,0,0,0,0,0,0,0,0,1,0,0,0,0,0,0,0,0,1,0,0,0
remax,52034ae2-3af8-4da7-a52d-1f69d0138fc4,https://www.remax.com.ar/listings/alquiler-en-palermo-monoambiente-parque-las-heras,2026-08-13T22:42:03+00:00,alquiler,departamento_monoambiente,480000.0,ARS,ARS 480000.0,78000.0,ARS,Paunero 2700,Paunero,2700,,palermo,Palermo,14.0,Capital Federal,-34.5820798,-58.4086421,23.8,23.8,1.0,,1,,,,20168.07,Alquiler en Palermo Monoambiente Parque Las Heras,,,0,0,0,0,0,0,0,0,0,0,0,0,0,0,0,0,0,0,0,0,0,0
remax,51dfa87b-69d3-46d4-9eed-1e62061d7429,https://www.remax.com.ar/listings/alquiler-hermoso-monoamb-muy-luminoso-amenities,2026-08-13T22:42:03+00:00,alquiler,departamento_monoambiente,700000.0,ARS,ARS 700000.0,117000.0,ARS,Avenida Boedo 200,Avenida Boedo,200,,almagro,Almagro,5.0,Capital Federal,-34.6141403,-58.4173225,27.0,27.0,1.0,,1,,,,25925.93,Alquiler hermoso monoamb. muy luminoso amenities,,,1,0,0,0,0,0,0,0,0,0,0,0,1,0,0,0,0,0,0,0,0,0
remax,51d73077-5c71-486f-91d6-92f33b6f346d,https://www.remax.com.ar/listings/alquiler-departamento-2-amb-recoleta-mascota,2026-08-13T22:42:03+00:00,alquiler,departamento_estandar,900000.0,ARS,ARS 900000.0,150000.0,ARS,Billinghurst 1300,Billinghurst,1300,,recoleta,Recoleta,2.0,Capital Federal,-34.5940049,-58.4128883,33.99,33.99,2.0,,1,,,,26478.38,Alquiler Departamento 2 amb - Recoleta - Mascota,,,0,0,0,0,0,0,0,0,0,0,0,0,0,0,0,0,0,0,0,0,0,0
remax,51701a1a-0a3e-4608-bda7-f816808b8978,https://www.remax.com.ar/listings/alquiler-monoambiente-belgrano-con-amenities,2026-08-13T22:42:07+00:00,alquiler,departamento_estandar,500000.0,ARS,ARS 500000.0,280000.0,ARS,Ciudad de la Paz 1900,Ciudad de la Paz,1900,,belgrano,Belgrano,13.0,Capital Federal,-34.563959,-58.4566959,28.8,25.0,1.0,,1,,,,17361.11,Alquiler Monoambiente Belgrano con amenities,,,1,0,0,0,0,0,0,0,0,0,0,0,0,0,0,0,0,0,0,0,0,0
remax,516edc94-8ffd-4165-8220-dd4803966de5,https://www.remax.com.ar/listings/alquiler-ph-4-amb-sin-expensas-boedo,2026-08-13T22:42:07+00:00,alquiler,ph,1000000.0,ARS,ARS 1000000.0,0.0,ARS,Las Casas 3800,Las Casas,3800,,boedo,Boedo,5.0,Capital Federal,-34.6359545,-58.4205477,63.0,63.0,4.0,,1,,,,15873.02,ALQUILER | PH 4 AMB | SIN EXPENSAS | BOEDO,,,0,0,0,0,0,0,0,0,0,0,0,0,0,0,0,0,0,0,0,0,0,0
remax,516d6162-ea4e-4499-9680-661885af314c,https://www.remax.com.ar/listings/alquiler-de-local-en-flores,2026-08-13T22:42:07+00:00,alquiler,local,3000.0,USD,USD 3000.0,,ARS,Avenida Juan Bautista Justo 5400,Avenida Juan Bautista Justo,5400,,villa gral. mitre,Villa General Mitre,11.0,Capital Federal,-34.6159586,-58.4733472,240.0,240.0,,,4,,,,12.5,ALQUILER DE LOCAL EN FLORES,,,0,0,0,0,0,0,0,0,0,0,0,0,0,0,0,0,0,0,0,0,0,0
remax,516bfbe2-6466-4965-b6c7-70e1d892c794,https://www.remax.com.ar/listings/departamento-2-ambientes-alquiler-flores-balcon,2026-08-13T22:42:07+00:00,alquiler,departamento_estandar,650000.0,ARS,ARS 650000.0,70000.0,ARS,Estado Plurinacional de Bolivia 500,Estado Plurinacional de Bolivia,500,,flores,Flores,7.0,Capital Federal,-34.6241308,-58.4678431,45.96,39.59,2.0,,1,,,,14142.73,Departamento 2 ambientes alquiler flores balcon,,,0,0,0,0,0,0,0,0,0,0,0,0,0,1,0,0,0,0,0,0,0,0
remax,5159cf3b-9329-4608-adb7-01f196361c0d,https://www.remax.com.ar/listings/departamento-tipo-ph-en-alquier-con-amenities-1,2026-08-13T22:42:07+00:00,alquiler,departamento_piso,2600000.0,ARS,ARS 2600000.0,225000.0,ARS,Bucarelli 1000,Bucarelli,1000,,parque chas,Parque Chas,15.0,Capital Federal,-34.589266042114,-58.476405143738,352.35,178.4,4.0,,2,,,,7379.03,Departamento tipo PH en Alquier con amenities,,,1,0,0,0,0,0,0,0,0,0,0,0,0,0,0,0,0,0,0,0,0,0
remax,514cdb70-7790-4d5a-96d6-313ca15a14be,https://www.remax.com.ar/listings/alquiler-dpto-3-amb-apto-prof-en-palermo-botanico,2026-08-13T22:42:07+00:00,alquiler,departamento_estandar,1300.0,USD,USD 1300.0,168000.0,ARS,Avenida Santa Fe 3800,Avenida Santa Fe,3800,,,Botánico,,Capital Federal,-34.5842046,-58.4177115,82.84,82.84,3.0,,1,,,,15.69,ALQUILER DPTO 3 AMB APTO PROF EN PALERMO BOTANICO,,,0,0,0,0,0,0,0,0,0,0,0,0,0,0,0,0,0,0,0,0,0,0
remax,514a78c7-dfc7-4c82-a63e-190b9b2734dc,https://www.remax.com.ar/listings/alquiler-departamento-monoambiente-patio-saavedra,2026-08-13T22:42:07+00:00,alquiler,departamento_estandar,650000.0,ARS,ARS 650000.0,35000.0,ARS,Ruiz Huidobro 3800,Ruiz Huidobro,3800,,saavedra,Saavedra,12.0,Capital Federal,-34.550896,-58.4861552,42.0,33.0,1.0,,1,,,,15476.19,ALQUILER DEPARTAMENTO MONOAMBIENTE PATIO SAAVEDRA,,,0,0,0,0,0,0,0,0,0,0,0,0,0,0,0,0,0,0,0,1,0,0
remax,50d5e5f3-6879-4840-bd34-a90c574401c6,https://www.remax.com.ar/listings/alquiler-3-ambientes-con-balcon-parque-centenario,2026-08-13T22:42:07+00:00,alquiler,departamento_estandar,900000.0,ARS,ARS 900000.0,187000.0,ARS,Avenida Díaz Vélez 5100,Avenida Díaz Vélez,5100,,caballito,Caballito Norte,6.0,Capital Federal,-34.6086282,-58.4391006,53.88,47.38,3.0,,1,,,,16703.79,Alquiler 3 ambientes con balcon parque Centenario,,,0,0,0,0,0,0,0,0,0,0,0,0,0,1,0,0,0,0,0,0,0,0
remax,50ba8797-5741-43bc-81fb-4610ead57324,https://www.remax.com.ar/listings/alquiler-2-amb-palermo-balcon-c-cochera,2026-08-13T22:42:07+00:00,alquiler,departamento_estandar,890000.0,ARS,ARS 890000.0,0.0,ARS,Mario Bravo 1100,Mario Bravo,1100,,palermo,Palermo,14.0,Capital Federal,-34.5960758,-58.4150553,47.0,42.0,2.0,,1,1.0,,,18936.17,ALQUILER 2 AMB PALERMO BALCON c/ COCHERA,,,0,0,0,0,0,0,0,0,0,1,0,0,0,1,0,0,0,0,0,0,0,0
remax,506d490b-759f-45fd-84c7-357dc1b1ca43,https://www.remax.com.ar/listings/alquiler-monoambiente-luz-y-balcon-zona-facultades,2026-08-13T22:42:10+00:00,alquiler,departamento_monoambiente,620000.0,ARS,ARS 620000.0,120000.0,ARS,Viamonte 2100,Viamonte,2100,,balvanera,Balvanera,3.0,Capital Federal,-34.6011279,-58.3973451,33.31,29.5,1.0,,1,,,,18613.03,Alquiler Monoambiente luz y balcón zona Facultades,,,0,0,0,0,0,0,0,0,0,0,0,0,0,1,0,0,0,0,0,0,0,0
remax,4fe9a07e-d711-4522-b460-699b3235b292,https://www.remax.com.ar/listings/alqui-dpto-monoambiente-34m2-en-villa-gral-mitre,2026-08-13T22:42:10+00:00,alquiler,departamento_estandar,550000.0,ARS,ARS 550000.0,130000.0,ARS,Alejandro Magariños Cervantes 1400,Alejandro Magariños Cervantes,1400,,villa gral. mitre,Villa General Mitre,11.0,Capital Federal,-34.6046248,-58.4617183,34.7,31.7,1.0,,1,,,,15850.14,ALQUI DPTO MONOAMBIENTE 34m2 EN VILLA GRAL. MITRE,,,0,0,0,0,0,0,0,0,0,0,0,0,0,0,0,0,0,0,0,0,0,0
remax,4fdc1db6-a5de-48da-82b3-4a97ee6c0f33,https://www.remax.com.ar/listings/alquiler-barracas-2-ambientes-con-balcon,2026-08-13T22:42:10+00:00,alquiler,departamento_estandar,850000.0,ARS,ARS 850000.0,156000.0,ARS,Pinzón 1500,Pinzón,1500,,barracas,Barracas,4.0,Capital Federal,-34.636838,-58.373162,46.31,43.69,2.0,,1,,,,18354.57,ALQUILER BARRACAS 2 AMBIENTES CON BALCÓN,,,0,0,0,0,0,0,0,0,0,0,0,0,0,1,0,0,0,0,0,0,0,0
remax,4fc96cb0-bf29-4251-8c5b-002d695f5ab2,https://www.remax.com.ar/listings/duplex-4-ambientes-villa-crespo,2026-08-13T22:42:10+00:00,alquiler,departamento_estandar,1900000.0,ARS,ARS 1900000.0,318000.0,ARS,Hidalgo 1700,Hidalgo,1700,,villa crespo,Villa Crespo,15.0,Capital Federal,-34.6013918,-58.4461189,92.0,80.0,4.0,,2,,,,20652.17,DUPLEX 4 AMBIENTES VILLA CRESPO,,,0,0,0,0,0,0,0,0,0,0,0,0,0,0,0,0,0,0,0,0,0,0
remax,4f7c5e94-8b56-452a-b567-2431098382b4,https://www.remax.com.ar/listings/oficina-500m2-4-coch-equipadas-en-microcentro-1,2026-08-13T22:42:12+00:00,alquiler,oficina,11900.0,USD,USD 11900.0,3500000.0,ARS,Esmeralda 900,Esmeralda,900,,,Plaza San Martín,,Capital Federal,-34.597368285061,-58.378794193268,450.0,450.0,,,8,,,,26.44,Oficina 500m2 4 coch equipadas en microcentro,,,0,0,0,0,0,0,0,0,0,0,0,0,0,0,0,0,0,0,0,0,0,0
remax,4f150507-a155-418f-85be-1854663931d8,https://www.remax.com.ar/listings/alquiler-departamento-5-amb-retiro-luminoso-balcon,2026-08-13T22:42:12+00:00,alquiler,departamento_semipiso,1300.0,USD,USD 1300.0,695000.0,ARS,Esmeralda 1300,Esmeralda,1300,,recoleta,Recoleta,2.0,Capital Federal,-34.591171201709,-58.377993317983,121.0,112.0,5.0,,1,,,,10.74,Alquiler departamento 5 Amb Retiro Luminoso Balcón,,,0,0,0,0,0,0,0,0,0,0,0,0,1,1,0,0,0,0,0,0,0,0
remax,4eef1453-0f69-4575-9bf5-72549d57dcc8,https://www.remax.com.ar/listings/alquiler-2-ambientes-piso-alto-palermo,2026-08-13T22:42:12+00:00,alquiler,departamento_estandar,680000.0,ARS,ARS 680000.0,180000.0,ARS,Fitz Roy 2400,Fitz Roy,2400,,palermo,Palermo,14.0,Capital Federal,-34.5782649,-58.4294702,36.0,36.0,2.0,,1,,,,18888.89,ALQUILER 2 AMBIENTES PISO ALTO PALERMO,,,0,0,0,0,0,0,0,0,0,0,0,0,0,0,0,0,0,0,0,0,0,0
remax,4ea93b6a-2c5a-4c13-8610-8be096f49fb9,https://www.remax.com.ar/listings/alquiler-depto-2-ambientes-en-coghlan-con-balcon,2026-08-13T22:42:16+00:00,alquiler,departamento_estandar,950000.0,ARS,ARS 950000.0,254000.0,ARS,Vidal 2700,Vidal,2700,,coghlan,Coghlan,12.0,Capital Federal,-34.5586305,-58.4653268,45.42,3.69,2.0,,1,,,,20915.9,ALQUILER DEPTO 2 AMBIENTES EN COGHLAN CON BALCON,,,0,0,0,0,0,0,0,0,0,0,0,0,0,1,0,0,0,0,0,0,0,0
remax,4ea69afd-cc17-4eef-9559-bb4755b40fab,https://www.remax.com.ar/listings/alquiler-3-ambientes-parque-chacabuco,2026-08-13T22:42:16+00:00,alquiler,departamento_estandar,1100000.0,ARS,ARS 1100000.0,350000.0,ARS,Baldomero Fernández Moreno 1200,Baldomero Fernández Moreno,1200,,parque chacabuco,Parque Chacabuco,7.0,Capital Federal,-34.6314464,-58.4443215,54.0,54.0,3.0,,1,,,,20370.37,"ALQUILER 3 AMBIENTES, PARQUE CHACABUCO",,,0,0,0,0,0,0,0,0,0,0,0,0,0,0,0,0,0,0,0,0,0,0
remax,4e971cb3-382b-4292-91de-9a1e132450cf,https://www.remax.com.ar/listings/alquiler-oficinas-edificio-corporativo-110-m,2026-08-13T22:42:16+00:00,alquiler,oficina,1800.0,USD,USD 1800.0,1200000.0,ARS,Trole 500,Trole,500,,nueva pompeya,Nueva Pompeya,4.0,Capital Federal,-34.6458413,-58.4185044,110.0,110.0,,,3,,,,16.36,ALQUILER OFICINAS - Edificio Corporativo 110 m²,,,0,0,0,0,0,0,0,0,0,0,0,0,0,0,0,0,0,0,0,0,0,0
remax,4e6d1223-3cd2-424b-a0f2-bf68896946ac,https://www.remax.com.ar/listings/alquiler-mono-frente-pirovano-a-prof-coch-opcional,2026-08-13T22:42:16+00:00,alquiler,departamento_monoambiente,700000.0,ARS,ARS 700000.0,145000.0,ARS,Avenida Monroe 3600,Avenida Monroe,3600,,coghlan,Coghlan,12.0,Capital Federal,-34.565047267291,-58.471727371216,38.0,32.0,1.0,,1,,,,18421.05,ALQUILER MONO FRENTE PIROVANO A/PROF COCH OPCIONAL,,,0,0,0,0,0,0,0,0,0,0,0,0,0,0,0,0,0,0,0,0,0,0
remax,4dffa01c-c27d-4462-be3b-ffa7b8df8396,https://www.remax.com.ar/listings/alquiler-en-palermo-hollywood-dep-to-con-baulera,2026-08-13T22:42:18+00:00,alquiler,departamento_estandar,450000.0,ARS,ARS 450000.0,108000.0,ARS,Soler 5700,Soler,5700,,palermo,Palermo Hollywood,14.0,Capital Federal,-34.5798372,-58.4341239,29.78,27.5,1.0,,1,,,,15110.81,Alquiler en Palermo Hollywood Dep.to con Baulera,,,0,0,0,0,0,0,0,0,0,0,1,0,0,0,0,0,0,0,0,0,0,0
remax,4dc80ed6-160a-4dec-bfe8-73fe2f897a27,https://www.remax.com.ar/listings/alquiler-local-zona-comercial-balvanera,2026-08-13T22:42:18+00:00,alquiler,local,4500000.0,ARS,ARS 4500000.0,0.0,ARS,Lavalle 2500,Lavalle,2500,,balvanera,Balvanera,3.0,Capital Federal,-34.6034753,-58.4024753,45.7,45.7,,,1,,,,98468.27,ALQUILER LOCAL ZONA COMERCIAL BALVANERA,,,0,0,0,0,0,0,0,0,0,0,0,0,0,0,0,0,0,0,0,0,0,0
remax,4da8170f-f7b4-4ba0-8e2e-fb632c55380a,https://www.remax.com.ar/listings/alquiler-2-amb-escri-c-balcon-torre-huergo-475,2026-08-13T22:42:18+00:00,alquiler,departamento_estandar,1400.0,USD,USD 1400.0,487000.0,ARS,Avenida Ingeniero Huergo 400,Avenida Ingeniero Huergo,400,,puerto madero,Puerto Madero,1.0,Capital Federal,-34.6127985,-58.367763,57.96,54.51,2.0,,1,,,,24.15,"Alquiler 2 amb + escri. c/balcon, Torre Huergo 475",,,0,0,0,0,0,0,0,0,0,0,0,0,0,1,0,0,0,0,0,0,0,0
remax,4da0d903-f10d-4a5d-a12c-22df3225eeef,https://www.remax.com.ar/listings/alquiler-oficina-210-metros-planta-libre-1,2026-08-13T22:42:18+00:00,alquiler,oficina,2100.0,USD,USD 2100.0,1100000.0,ARS,Doctor Profesor Pedro Chutro 3100,Doctor Profesor Pedro Chutro,3100,,parque patricios,Parque Patricios,4.0,Capital Federal,-34.642226,-58.4068853,210.0,210.0,,,1,,,,10.0,ALQUILER OFICINA 210 METROS PLANTA LIBRE,,,0,0,0,0,0,0,0,0,0,0,0,0,0,0,0,0,0,0,0,0,0,0
remax,4d8dfc83-5578-45d6-bbc3-4321fbd8619a,https://www.remax.com.ar/listings/alquiler-monoambiente-a-estrenar-villa-luro,2026-08-13T22:42:18+00:00,alquiler,departamento_monoambiente,690000.0,ARS,ARS 690000.0,80000.0,ARS,Dante 0,Dante,0,,villa luro,Villa Luro,10.0,Capital Federal,-34.6386224,-58.5009295,35.0,30.0,1.0,,1,,,,19714.29,Alquiler Monoambiente A ESTRENAR Villa Luro,,,0,0,0,0,0,0,0,0,0,0,0,0,0,0,0,0,0,0,0,0,0,0
remax,4d737e6c-9529-430d-b45e-a9a5b4dc6920,https://www.remax.com.ar/listings/casa-en-lugano-barrio-las-casitas,2026-08-13T22:42:18+00:00,alquiler,casa,650000.0,ARS,ARS 650000.0,0.0,ARS,Sumaca Itatí 6000,Sumaca Itatí,6000,,villa lugano,Villa Lugano,8.0,Capital Federal,-34.6882718,-58.466204,61.4,43.0,2.0,,1,,,,10586.32,"Casa en lugano ""Barrio Las Casitas""",,,1,0,0,0,0,0,0,0,0,0,0,0,0,0,0,0,0,0,0,0,0,0
remax,4d69ac17-8afb-4c53-ac05-ce80b6c67c9e,https://www.remax.com.ar/listings/oficina-2-ambientes-alquiler-nunez-luminoso-balcon,2026-08-13T22:42:18+00:00,alquiler,oficina,750000.0,ARS,ARS 750000.0,300000.0,ARS,11 de Septiembre de 1888 4700,11 de Septiembre de 1888,4700,,nunez,Nuñez,13.0,Capital Federal,-34.536544629703,-58.46700668335,49.52,42.8,,,1,,,,15145.4,Oficina 2 Ambientes ALQUILER Nuñez Luminoso Balcón,,,0,0,0,0,0,0,0,0,0,0,0,0,1,1,0,0,0,0,0,0,0,0
remax,4d2a00a0-d86f-4906-8c07-0146d54f6ee9,https://www.remax.com.ar/listings/alquiler-depto-2-amb-amoblado-palermo-1,2026-08-13T22:42:21+00:00,alquiler,departamento_estandar,800000.0,ARS,ARS 800000.0,178000.0,ARS,Fitz Roy 2400,Fitz Roy,2400,,palermo,Palermo,14.0,Capital Federal,-34.5782649,-58.4294702,36.0,36.0,2.0,,1,,,,22222.22,ALQUILER Depto 2 amb. amoblado Palermo,,,0,0,0,0,0,0,0,0,0,0,0,0,0,0,0,0,0,0,1,0,0,0
remax,4d060e10-8d66-425e-94f6-1b14b9cbac93,https://www.remax.com.ar/listings/oficina-160-mtr-corrientes-y-florida-piso-completo-1,2026-08-13T22:42:21+00:00,alquiler,local,630.0,USD,USD 630.0,1370000.0,ARS,Avenida Corrientes 600,Avenida Corrientes,600,,san nicolas,San Nicolás,1.0,Capital Federal,-34.603191,-58.3753859,160.0,160.0,,,3,,,,3.94,Oficina 160 mtr Corrientes y Florida Piso Completo,,,0,0,0,0,0,0,0,0,0,0,0,0,0,0,0,0,0,0,0,0,0,0
remax,4cf68703-d06d-4e33-8e1d-ab44b51b6949,https://www.remax.com.ar/listings/alquiler-departamento-belgrano-r-3-ambientes,2026-08-13T22:42:21+00:00,alquiler,departamento_estandar,1500.0,USD,USD 1500.0,350000.0,ARS,Conesa 2100,Conesa,2100,,belgrano,Belgrano,13.0,Capital Federal,-34.56455969315,-58.462840687987,80.9,78.91,3.0,,1,,,,18.54,ALQUILER DEPARTAMENTO BELGRANO R 3 AMBIENTES,,,0,0,0,0,0,0,0,0,0,0,0,0,0,0,0,0,0,0,0,0,0,0
remax,4cc280ca-4a2e-4613-ae03-c425ec37bb41,https://www.remax.com.ar/listings/alquiler-departamento-5-ambientes-barrio-norte,2026-08-13T22:42:21+00:00,alquiler,departamento_estandar,2000000.0,ARS,ARS 2000000.0,500000.0,ARS,Avenida Santa Fe 2800,Avenida Santa Fe,2800,,recoleta,Barrio Norte,2.0,Capital Federal,-34.5920782,-58.4068702,175.63,167.21,4.0,,2,,,,11387.58,ALQUILER DEPARTAMENTO 5 AMBIENTES BARRIO NORTE,,,0,0,0,0,0,0,0,0,0,0,0,0,0,0,0,0,0,0,0,0,0,0
remax,4c6b07db-808f-4827-b18d-85e02f51264c,https://www.remax.com.ar/listings/alq-duplex-2-amb-bano-toilett-lerma-yacevedo,2026-08-13T22:42:24+00:00,alquiler,departamento_duplex,1000.0,USD,USD 1000.0,180000.0,ARS,Lerma 500,Lerma,500,,villa crespo,Villa Crespo,15.0,Capital Federal,-34.593246781217,-58.433116078431,45.53,43.5,2.0,,1,,,,21.96,ALQ.DUPLEX 2 amb. Baño -Toilett LERMA yACEVEDO,,,0,0,0,0,0,0,0,0,0,0,0,0,0,0,0,0,0,0,0,0,0,0
remax,4c4d06c4-fa49-464d-b15d-69e13340a4c3,https://www.remax.com.ar/listings/dos-ambientes-con-balcon-y-patio-en-caballito,2026-08-13T22:42:24+00:00,alquiler,departamento_estandar,800000.0,ARS,ARS 800000.0,190000.0,ARS,Avenida Acoyte 600,Avenida Acoyte,600,,caballito,Caballito Norte,6.0,Capital Federal,-34.6117306,-58.4392727,53.71,46.28,2.0,,1,,,,14894.81,Dos ambientes con Balcón y patio en Caballito,,,0,0,0,0,0,0,0,0,0,0,0,0,0,1,0,0,0,0,0,1,0,0
remax,4c43b33d-4ceb-49ed-b910-a58d3d821ab7,https://www.remax.com.ar/listings/alquiler-de-monoambiente-en-villa-luro-apto-prof,2026-08-13T22:42:24+00:00,alquiler,departamento_monoambiente,500000.0,ARS,ARS 500000.0,100000.0,ARS,Rivadavia 9800,Rivadavia,9800,,villa luro,Villa Luro,10.0,Capital Federal,-34.637590268165,-58.503715673578,31.5,31.5,1.0,,1,,,,15873.02,Alquiler de monoambiente en Villa Luro. Apto prof.,,,0,0,0,0,0,0,0,0,0,0,0,0,0,0,0,0,0,0,0,0,0,0
remax,4c29dae0-7833-4e4d-9f49-f404a015fd8c,https://www.remax.com.ar/listings/alquiler-departamento-2-ambientes-c-balcon-nunez,2026-08-13T22:42:24+00:00,alquiler,departamento_estandar,900000.0,ARS,ARS 900000.0,200000.0,ARS,Avenida del Libertador 8300,Avenida del Libertador,8300,,nunez,Nuñez,13.0,Capital Federal,-34.5389787,-58.4651358,44.0,39.0,2.0,,1,,,,20454.55,"Alquiler Departamento 2 ambientes c balcon, Nuñez",,,0,0,0,0,0,0,0,0,0,0,0,0,0,1,0,0,0,0,0,0,0,0
remax,4c280833-150e-4439-b75d-d6ed3690ce46,https://www.remax.com.ar/listings/alquiler-depto-3-amb-con-balcon-coghlan,2026-08-13T22:42:24+00:00,alquiler,departamento_estandar,1100000.0,ARS,ARS 1100000.0,400000.0,ARS,Avenida Melián 2500,Avenida Melián,2500,,coghlan,Coghlan,12.0,Capital Federal,-34.5647703,-58.472251,60.2,54.9,3.0,,1,,,,18272.43,ALQUILER DEPTO 3 AMB CON BALCÓN - COGHLAN,,,0,0,0,0,0,0,0,0,0,0,0,0,0,1,0,0,0,0,0,0,0,0
remax,4c213add-a232-4877-b576-45c368c297fe,https://www.remax.com.ar/listings/departamento-alquiler-2-amb-patio-recoleta-palermo,2026-08-13T22:42:24+00:00,alquiler,departamento_estandar,800000.0,ARS,ARS 800000.0,131000.0,ARS,Avenida Coronel Díaz 1800,Avenida Coronel Díaz,1800,,recoleta,Recoleta,2.0,Capital Federal,-34.5895447,-58.410359,50.0,44.0,2.0,,1,,,,16000.0,Departamento alquiler 2 amb patio recoleta palermo,,,0,0,0,0,0,0,0,0,0,0,0,0,0,0,0,0,0,0,0,1,0,0
remax,4c1adf52-15cb-455f-97f6-2afe8e89c9ce,https://www.remax.com.ar/listings/alquiler-monoambiente-c-balcon-luminoso-chacarita,2026-08-13T22:42:24+00:00,alquiler,departamento_monoambiente,650000.0,ARS,ARS 650000.0,200000.0,ARS,Avenida Álvarez Thomas 1000,Avenida Álvarez Thomas,1000,,chacarita,Chacarita,15.0,Capital Federal,-34.579052,-58.4562315,42.9,36.1,1.0,,1,,,,15151.52,Alquiler monoambiente c/Balcón Luminoso. Chacarita,,,0,0,0,0,0,0,0,0,0,0,0,0,1,1,0,0,0,0,0,0,0,0
remax,4bfbe148-9099-44cf-850a-b869b01423cf,https://www.remax.com.ar/listings/2-amb-c-2-patios-en-palermo-1,2026-08-13T22:42:24+00:00,alquiler,departamento_estandar,1350.0,USD,USD 1350.0,0.0,ARS,Avenida Santa Fe 4900,Avenida Santa Fe,4900,,palermo,Palermo,14.0,Capital Federal,-34.5772777,-58.4299062,62.94,39.26,2.0,,1,,,,21.45,2 Amb c/ 2 Patios en Palermo,,,0,0,0,0,0,0,0,0,0,0,0,0,0,0,0,0,0,0,0,1,0,0
remax,4bd12e60-6773-43dc-ba4c-7e7106100ac6,https://www.remax.com.ar/listings/alquiler-departamento-recoleta-cuatro-ambientes,2026-08-13T22:42:24+00:00,alquiler,departamento_estandar,3000.0,USD,USD 3000.0,1000000.0,ARS,Montevideo 1700,Montevideo,1700,,retiro,Retiro,1.0,Capital Federal,-34.5903646,-58.3863707,234.32,223.03,4.0,,4,,,,12.8,AlQUILER DEPARTAMENTO RECOLETA CUATRO AMBIENTES,,,0,0,0,0,0,0,0,0,0,0,0,0,0,0,0,0,0,0,0,0,0,0
remax,4bc8de65-5db0-4984-a69b-4a92e0e95ad2,https://www.remax.com.ar/listings/departamento-monoambiente-alquilerpalermo-chico,2026-08-13T22:42:24+00:00,alquiler,departamento_monoambiente,500000.0,ARS,ARS 500000.0,80000.0,ARS,Cabello 3200,Cabello,3200,,palermo,Palermo,14.0,Capital Federal,-34.5820023,-58.4069388,24.0,21.0,1.0,,1,,,,20833.33,Departamento monoambiente alquilerPalermo Chico,,,0,0,0,0,0,0,0,0,0,0,0,0,0,0,0,0,0,0,0,0,0,0
remax,4bb083de-a4b4-41bb-8497-59c0b85ff053,https://www.remax.com.ar/listings/oficina-6-amplia-y-luminosa,2026-08-13T22:42:24+00:00,alquiler,departamento_estandar,900000.0,ARS,ARS 900000.0,62500.17,ARS,Esmeralda 100,Esmeralda,100,,san nicolas,San Nicolás,1.0,Capital Federal,-34.6071434,-58.3779436,74.0,68.0,4.0,,1,,,,12162.16,OFICINA 6° AMPLIA Y LUMINOSA,,,0,0,0,0,0,0,0,0,0,0,0,0,0,0,0,0,0,0,0,0,0,0
remax,4b947f9d-30b3-4dd2-b7f7-134abb653341,https://www.remax.com.ar/listings/alquiler-2-ambientes-con-terraza-en-retiro,2026-08-13T22:42:24+00:00,alquiler,departamento_estandar,750000.0,ARS,ARS 750000.0,59533.0,ARS,Paraguay 400,Paraguay,400,,retiro,Retiro,1.0,Capital Federal,-34.5974078,-58.3732466,49.75,31.25,2.0,,1,,,,15075.38,ALQUILER 2 AMBIENTES CON TERRAZA EN RETIRO,,,0,0,0,0,0,0,0,0,0,0,0,0,0,1,0,0,0,0,0,0,0,0
remax,4b10c360-a89b-404d-95b4-2303a4b15ae2,https://www.remax.com.ar/listings/alquiler-monoambiente-palermo,2026-08-13T22:42:27+00:00,alquiler,departamento_monoambiente,600000.0,ARS,ARS 600000.0,110000.0,ARS,Honduras 4000,Honduras,4000,,palermo,Palermo,14.0,Capital Federal,-34.594224184868,-58.41982126236,25.0,22.0,1.0,,1,,,,24000.0,ALQUILER MONOAMBIENTE PALERMO,,,0,0,0,0,0,0,0,0,0,0,0,0,0,0,0,0,0,0,0,0,0,0
remax,4b0b8018-6b68-4c49-beb9-b06706f75ad0,https://www.remax.com.ar/listings/alquiler-depto-3-amb-villa-urquiza-full-amenities,2026-08-13T22:42:27+00:00,alquiler,departamento_estandar,1850000.0,ARS,ARS 1850000.0,430000.0,ARS,Juramento 5100,Juramento,5100,,villa urquiza,Villa Urquiza,12.0,Capital Federal,-34.578879,-58.4834211,78.07,73.8,3.0,,2,,,,23696.68,ALQUILER DEPTO 3 AMB VILLA URQUIZA FULL AMENITIES,,,1,0,0,0,0,0,0,0,0,0,0,0,0,0,0,0,0,0,0,0,0,0
remax,4ae9854a-67a8-4d15-85dd-9da0f24cdda8,https://www.remax.com.ar/listings/depto-en-venta-3-amb-microcentro-caba-2,2026-08-13T22:42:27+00:00,alquiler,departamento_estandar,750.0,USD,USD 750.0,130000.0,ARS,Maipú 600,Maipú,600,,san nicolas,Centro / Microcentro,1.0,Capital Federal,-34.6007458,-58.3767026,63.0,63.0,3.0,,1,,,,11.9,DEPTO EN VENTA 3 AMB MICROCENTRO CABA,,,0,0,0,0,0,0,0,0,0,0,0,0,0,0,0,0,0,0,0,0,0,0
remax,4ae65405-6cbe-4ffc-b4d2-30024ba79550,https://www.remax.com.ar/listings/alquiler-hermoso-2amb-terraza-propia-colegiales,2026-08-13T22:42:27+00:00,alquiler,departamento_estandar,1000000.0,ARS,ARS 1000000.0,290000.0,ARS,Zapiola 900,Zapiola,900,,colegiales,Colegiales,13.0,Capital Federal,-34.5747398,-58.4513133,91.7,39.7,2.0,,1,,,,10905.13,ALQUILER hermoso 2amb Terraza propia Colegiales,,,0,0,0,0,0,0,0,0,0,0,0,0,0,1,0,0,0,0,0,0,0,0
remax,4acfea14-032b-4e84-8651-88d55e221c24,https://www.remax.com.ar/listings/departamento-3-ambientes-alquiler-en-recoleta,2026-08-13T22:42:27+00:00,alquiler,departamento_estandar,850000.0,ARS,ARS 850000.0,233730.0,ARS,Juncal 2600,Juncal,2600,,recoleta,Recoleta,2.0,Capital Federal,-34.589763950967,-58.404124975204,45.0,40.0,3.0,,1,,,,18888.89,DEPARTAMENTO 3 AMBIENTES ALQUILER EN RECOLETA,,,0,0,0,0,0,0,0,0,0,0,0,0,0,0,0,0,0,0,0,0,0,0
remax,4a9a8fd7-8cfb-4fb4-8417-6264fe534a65,https://www.remax.com.ar/listings/alquiler-monoambiente-en-torre-full-amenities,2026-08-13T22:42:30+00:00,alquiler,departamento_monoambiente,800000.0,ARS,ARS 800000.0,320000.0,ARS,Avenida Alvarez Thomas 200,Avenida Alvarez Thomas,200,,chacarita,Chacarita,15.0,Capital Federal,-34.5827007,-58.4482372,38.67,35.67,1.0,,1,,,,20687.87,Alquiler Monoambiente en Torre Full Amenities,,,1,0,0,0,0,0,0,0,0,0,0,0,0,0,0,0,0,0,0,0,0,0
remax,4a8c8ad0-4435-4680-83c7-47240ffb5ce8,https://www.remax.com.ar/listings/alquiler-depto-2-amb-balcon-baulera-caba,2026-08-13T22:42:30+00:00,alquiler,departamento_estandar,780000.0,ARS,ARS 780000.0,30000.0,ARS,San José 1700,San José,1700,,constitucion,Constitución,1.0,Capital Federal,-34.6289849,-58.3855828,54.0,46.0,2.0,,1,,,,14444.44,ALQUILER- DEPTO. 2 AMB. BALCÓN/BAULERA- CABA,,,0,0,0,0,0,0,0,0,0,0,1,0,0,1,0,0,0,0,0,0,0,0
remax,4a730840-3d29-4b1f-a4aa-bf3f241dee25,https://www.remax.com.ar/listings/alquiler-2-ambientes-en-torre-categoria-abasto,2026-08-13T22:42:30+00:00,alquiler,departamento_estandar,800000.0,ARS,ARS 800000.0,350000.0,ARS,Av Corrientes 3300,Av Corrientes,3300,,balvanera,Balvanera,3.0,Capital Federal,-34.603735606545,-58.412268161774,51.92,45.68,2.0,,1,,,,15408.32,"Alquiler 2 ambientes en torre categoría, Abasto",,,0,0,0,0,0,0,0,0,0,0,0,0,0,0,0,0,0,0,0,0,0,0
remax,4a0d68a1-621c-4c2f-a7da-5f3a789e3176,https://www.remax.com.ar/listings/oficina-en-alquiler-mansion-botanico,2026-08-13T22:42:33+00:00,alquiler,oficina,780000.0,ARS,ARS 780000.0,376316.0,ARS,Armenia 2400,Armenia,2400,,palermo,Palermo Soho,14.0,Capital Federal,-34.5836433,-58.4186459,44.0,38.0,,,1,,,,17727.27,OFICINA EN ALQUILER MANSION BOTANICO,,,0,0,0,0,0,0,0,0,0,0,0,0,0,0,0,0,0,0,0,0,0,0
remax,4a04e53e-d99b-4cca-9c6e-96d4088d1ee2,https://www.remax.com.ar/listings/alquiler-monoambiente-en-recoleta-piso-9-luminoso,2026-08-13T22:42:33+00:00,alquiler,departamento_monoambiente,490000.0,ARS,ARS 490000.0,195000.0,ARS,Riobamba 900,Riobamba,900,,recoleta,Recoleta,2.0,Capital Federal,-34.5978576,-58.3945061,29.56,29.56,1.0,,1,,,,16576.45,Alquiler Monoambiente en Recoleta Piso 9 Luminoso,,,0,0,0,0,0,0,0,0,0,0,0,0,1,0,0,0,0,0,0,0,0,0
remax,4a037b0c-77f9-46b4-9c5d-7735999fe7c8,https://www.remax.com.ar/listings/alquiler-monoambiente-c-balcon-villa-urquiza,2026-08-13T22:42:33+00:00,alquiler,departamento_estandar,590000.0,ARS,ARS 590000.0,111000.0,ARS,Tomás A. Le Bretón 4900,Tomás A. Le Bretón,4900,,villa urquiza,Villa Urquiza,12.0,Capital Federal,-34.5698336,-58.4878571,33.0,30.0,1.0,,1,,,,17878.79,Alquiler Monoambiente c/balcon Villa Urquiza,,,0,0,0,0,0,0,0,0,0,0,0,0,0,1,0,0,0,0,0,0,0,0
remax,49ccb1cb-ffb0-4f3d-9c17-38eea6f0bb62,https://www.remax.com.ar/listings/alquiler-galpon-centro-de-distribucion-o-logist,2026-08-13T22:42:33+00:00,alquiler,deposito,5000.0,USD,USD 5000.0,,ARS,Doctor Luis Beláustegui 3200,Doctor Luis Beláustegui,3200,,villa santa rita,Villa Santa Rita,11.0,Capital Federal,-34.6189332,-58.4818132,1310.0,1310.0,5.0,,0,,,,3.82,ALQUILER GALPON -CENTRO DE DISTRIBUCION O LOGIST,,,0,0,0,0,0,0,0,0,0,0,0,0,0,0,0,0,0,0,0,0,0,0
remax,49c19303-4d94-4f29-9212-0ff6206140d1,https://www.remax.com.ar/listings/alquiler-b-norte-monoambiente-div-frente-balcon,2026-08-13T22:42:33+00:00,alquiler,departamento_estandar,800000.0,ARS,ARS 800000.0,150000.0,ARS,Av. Córdoba 2900,Av. Córdoba,2900,,recoleta,Barrio Norte,2.0,Capital Federal,-34.597472042939,-58.408355713327,30.0,28.0,1.0,,1,,,,26666.67,"Alquiler B. Norte monoambiente div. Frente, Balcón",,,0,0,0,0,0,0,0,0,0,0,0,0,0,1,0,0,0,0,0,0,0,0
remax,49a7291f-b014-40e4-8623-7f49c7d00c3a,https://www.remax.com.ar/listings/alquiler-monoambiente-recoleta-balcon-terraza,2026-08-13T22:42:33+00:00,alquiler,departamento_monoambiente,800000.0,ARS,ARS 800000.0,200000.0,ARS,José Andrés Pacheco de Melo 3000,José Andrés Pacheco de Melo,3000,,recoleta,Recoleta,2.0,Capital Federal,-34.5841151,-58.4060908,38.38,26.82,1.0,,1,,,,20844.19,ALQUILER MONOAMBIENTE RECOLETA BALCON TERRAZA,,,0,0,0,0,0,0,0,0,0,0,0,0,0,1,0,0,0,0,0,0,0,0
remax,4948cebf-2cd4-47c2-9075-e2ce0c5b5bda,https://www.remax.com.ar/listings/alquiler-2-amb-a-estrenar-calidad-premium,2026-08-13T22:42:33+00:00,alquiler,departamento_estandar,1000.0,USD,USD 1000.0,130000.0,ARS,Guatemala 4500,Guatemala,4500,,palermo,Palermo Soho,14.0,Capital Federal,-34.5876951,-58.4229689,50.0,46.0,2.0,,1,,,,20.0,ALQUILER 2 AMB A ESTRENAR - CALIDAD PREMIUM,,,0,0,0,0,0,0,0,0,0,0,0,0,0,0,0,0,0,0,0,0,0,0
remax,493d1c16-a94e-4282-be13-05495d342bef,https://www.remax.com.ar/listings/alquiler-ph-2-amb-devoto-con-patio-y-parrilla,2026-08-13T22:42:33+00:00,alquiler,ph,800000.0,ARS,ARS 800000.0,0.0,ARS,Pasaje Deseado 5200,Pasaje Deseado,5200,,villa devoto,Villa Devoto,11.0,Capital Federal,-34.6182959,-58.5182675,53.22,39.7,2.0,,1,,,,15031.94,ALQUILER PH 2 AMB DEVOTO CON PATIO Y PARRILLA,,,0,0,1,0,0,0,0,0,0,0,0,0,0,0,0,0,0,0,0,1,0,0
remax,4931794d-23cf-4972-9821-5bac709a166d,https://www.remax.com.ar/listings/alquiler-3-amb-amplios-balcon-luz-amenities,2026-08-13T22:42:36+00:00,alquiler,departamento_estandar,1000000.0,ARS,ARS 1000000.0,500000.0,ARS,Avenida Monroe 3600,Avenida Monroe,3600,,coghlan,Coghlan,12.0,Capital Federal,-34.5655556,-58.472545,63.0,56.0,3.0,,1,,,,15873.02,ALQUILER 3 AMB. AMPLIOS-BALCON -LUZ- AMENITIES,,,1,0,0,0,0,0,0,0,0,0,0,0,0,1,0,0,0,0,0,0,0,0
remax,492c5702-f5b9-401f-8f9b-3e61aad62a89,https://www.remax.com.ar/listings/oficina-aaa-alquiler-retiro-con-cochera,2026-08-13T22:42:36+00:00,alquiler,oficina,3500.0,USD,USD 3500.0,1700000.0,ARS,Esmeralda 1000,Esmeralda,1000,,retiro,Retiro,1.0,Capital Federal,-34.5954218,-58.3785766,445.0,445.0,,,2,1.0,,,7.87,Oficina AAA alquiler Retiro con cochera,,,0,0,0,0,0,0,0,0,0,1,0,0,0,0,0,0,0,0,0,0,0,0
remax,49156fc2-50d2-48ea-9304-f4451e5c8ecc,https://www.remax.com.ar/listings/2-ambientes-a-estrenar-luminoso-y-doble-balcon,2026-08-13T22:42:36+00:00,alquiler,departamento_estandar,980000.0,ARS,ARS 980000.0,200000.0,ARS,Zabala 3700,Zabala,3700,,chacarita,Chacarita,15.0,Capital Federal,-34.5814161,-58.4580721,57.2,48.6,2.0,,1,,,,17132.87,2 Ambientes a Estrenar | Luminoso y Doble Balcon,,,0,0,0,0,0,0,0,0,0,0,0,0,1,1,0,0,0,0,0,0,0,0
remax,48ffab88-38a7-4e57-aac9-da4a6ea390bf,https://www.remax.com.ar/listings/alquiler-cochera-fija-cubierta,2026-08-13T22:42:36+00:00,alquiler,cochera,150000.0,ARS,ARS 150000.0,23000.0,ARS,Tacuarí 600,Tacuarí,600,,monserrat,Monserrat,1.0,Capital Federal,-34.6156832,-58.3785633,12.0,12.0,,,0,1.0,,,12500.0,Alquiler cochera fija cubierta,,,0,0,0,0,0,0,0,0,0,1,0,0,0,0,0,0,0,0,0,0,0,0
remax,48fdbe66-3132-4127-ac7f-82187745aedb,https://www.remax.com.ar/listings/alquiler-monoambiente-amueblado-en-recoleta,2026-08-13T22:42:36+00:00,alquiler,departamento_monoambiente,700000.0,ARS,ARS 700000.0,150000.0,ARS,Avenida Santa Fe 2300,Avenida Santa Fe,2300,,recoleta,Recoleta,2.0,Capital Federal,-34.5948047,-58.4005387,21.39,21.39,1.0,,1,,,,32725.57,ALQUILER MONOAMBIENTE AMUEBLADO EN RECOLETA,,,0,0,0,0,0,0,0,0,0,0,0,0,0,0,0,0,0,0,1,0,0,0
remax,48f64428-1bcd-4c9e-bc7a-4924546e8677,https://www.remax.com.ar/listings/monoambiente-amoblado-caballito-super-premium,2026-08-13T22:42:36+00:00,alquiler,departamento_estandar,750000.0,ARS,ARS 750000.0,240000.0,ARS,Colpayo 700,Colpayo,700,,caballito,Caballito,6.0,Capital Federal,-34.6117125,-58.443657,38.68,35.2,1.0,,1,,,,19389.87,Monoambiente amoblado Caballito super premium,,,0,0,0,0,0,0,0,0,0,0,0,0,0,0,0,0,0,0,1,0,0,0
remax,48cf1c8e-a3a2-4f7d-be3d-2a6b37252131,https://www.remax.com.ar/listings/oficina-recepc-despacho-en-galeria-florida142,2026-08-13T22:42:36+00:00,alquiler,oficina,250000.0,ARS,ARS 250000.0,100000.0,ARS,Florida 100,Florida,100,,san nicolas,San Nicolás,1.0,Capital Federal,-34.606371,-58.375201,18.0,18.0,,,0,,,,13888.89,Oficina Recepc.+Despacho en Galería Florida142!!,,,0,0,0,0,0,0,0,0,0,0,0,0,0,0,0,0,0,0,0,0,0,0
remax,48b5bc8f-4991-44ba-9d0a-77971eb48d5e,https://www.remax.com.ar/listings/alquiler-monoambiente-amenities-villa-crespo-1,2026-08-13T22:42:36+00:00,alquiler,departamento_monoambiente,600000.0,ARS,ARS 600000.0,270000.0,ARS,Murillo 600,Murillo,600,,villa crespo,Villa Crespo,15.0,Capital Federal,-34.6006915,-58.4435163,36.15,33.66,1.0,,1,,,,16597.51,ALQUILER MONOAMBIENTE / AMENITIES VILLA CRESPO,,,1,0,0,0,0,0,0,0,0,0,0,0,0,0,0,0,0,0,0,0,0,0
remax,489c6b0b-3d0a-45d1-9c87-23792cb131a8,https://www.remax.com.ar/listings/alquiler-depto-2-ambientes-con-balcon-caballito,2026-08-13T22:42:36+00:00,alquiler,departamento_estandar,630000.0,ARS,ARS 630000.0,210000.0,ARS,Otamendi 0,Otamendi,0,,caballito,Caballito,6.0,Capital Federal,-34.615806867745,-58.431911669036,42.86,38.26,2.0,,1,,,,14699.02,Alquiler depto 2 ambientes con balcon. Caballito.,,,0,0,0,0,0,0,0,0,0,0,0,0,0,1,0,0,0,0,0,0,0,0
remax,484443a9-220e-4083-9bb9-925010e2b1f6,https://www.remax.com.ar/listings/alquiler-2-ambientes-caballito-amplio-av-p-goyena-1,2026-08-13T22:42:40+00:00,alquiler,departamento_estandar,850000.0,ARS,ARS 850000.0,250000.0,ARS,Avenida Pedro Goyena 800,Avenida Pedro Goyena,800,,caballito,Caballito,6.0,Capital Federal,-34.6260859,-58.4394439,53.56,50.56,2.0,,1,,,,15870.05,ALQUILER 2 AMBIENTES CABALLITO AMPLIO AV P. GOYENA,,,0,0,0,0,0,0,0,0,0,0,0,0,0,0,0,0,0,0,0,0,0,0
remax,48222d8b-4264-4987-ba79-473544c74b22,https://www.remax.com.ar/listings/monoambiente-caballito-balcon-al-frente,2026-08-13T22:42:40+00:00,alquiler,departamento_monoambiente,650000.0,ARS,ARS 650000.0,205000.0,ARS,Avenida Doctor Honorio Pueyrredón 800,Avenida Doctor Honorio Pueyrredón,800,,caballito,Caballito,6.0,Capital Federal,-34.6109408,-58.4432299,36.56,33.0,1.0,,1,,,,17778.99,MONOAMBIENTE CABALLITO BALCON AL FRENTE,,,0,0,0,0,0,0,0,0,0,0,0,0,0,1,0,0,0,1,0,0,0,0
remax,480bda87-a1f3-496f-8b7b-f863a0bb8591,https://www.remax.com.ar/listings/alquiler-ph-tres-amb-frente,2026-08-13T22:42:40+00:00,alquiler,ph,1000000.0,ARS,ARS 1000000.0,50000.0,ARS,General José Gervasio Artigas 4700,General José Gervasio Artigas,4700,,villa pueyrredon,Villa Pueyrredón,12.0,Capital Federal,-34.5833126,-58.4977107,70.0,50.0,3.0,,1,,,,14285.71,ALQUILER PH TRES AMB FRENTE,,,0,0,0,0,0,0,0,0,0,0,0,0,0,0,0,0,0,0,0,0,0,0
remax,47bcbceb-28b1-4ce6-82ac-1199b1ed254f,https://www.remax.com.ar/listings/alquiler-3-ambientes-quartier-del-bajo-pto-madero,2026-08-13T22:42:40+00:00,alquiler,departamento_estandar,1700.0,USD,USD 1700.0,425000.0,ARS,Venezuela 0,Venezuela,0,,puerto madero,Puerto Madero,1.0,Capital Federal,-34.6134846,-58.3673552,84.0,62.0,3.0,,2,,,,20.24,ALQUILER 3 AMBIENTES QUARTIER DEL BAJO PTO MADERO,,,0,0,0,0,0,0,0,0,0,0,0,0,0,0,0,0,0,0,0,0,0,0
remax,47864bd4-0e59-43c3-8a92-c704af34b944,https://www.remax.com.ar/listings/alquiler-monoambiente-con-entrepiso-en-palermo,2026-08-13T22:42:40+00:00,alquiler,departamento_monoambiente,920000.0,ARS,ARS 920000.0,200000.0,ARS,Charcas 5200,Charcas,5200,,palermo,Palermo Hollywood,14.0,Capital Federal,-34.5773547,-58.4317153,47.9,42.26,1.0,,1,,,,19206.68,ALQUILER MONOAMBIENTE CON ENTREPISO EN PALERMO,,,0,0,0,0,0,0,0,0,0,0,0,0,0,0,0,0,0,0,0,0,0,0
remax,478044cf-9343-4c68-bfb0-8d4b84ac705b,https://www.remax.com.ar/listings/alquiler-oficina-210-metros-planta-libre,2026-08-13T22:42:40+00:00,alquiler,oficina,2100.0,USD,USD 2100.0,1100000.0,ARS,Doctor Profesor Pedro Chutro 3100,Doctor Profesor Pedro Chutro,3100,,parque patricios,Parque Patricios,4.0,Capital Federal,-34.642226,-58.4068853,210.0,210.0,,,1,,,,10.0,ALQUILER OFICINA 210 METROS PLANTA LIBRE,,,0,0,0,0,0,0,0,0,0,0,0,0,0,0,0,0,0,0,0,0,0,0
remax,477fd2f3-fe18-4cc4-8be3-422529e2c849,https://www.remax.com.ar/listings/en-alquiler-local-comercial-en-microcentro-1,2026-08-13T22:42:40+00:00,alquiler,local,350000.0,ARS,ARS 350000.0,35000.0,ARS,Florida 900,Florida,900,,retiro,Retiro,1.0,Capital Federal,-34.5969517,-58.3753676,2.91,2.91,,,0,,,,120274.91,EN ALQUILER LOCAL COMERCIAL EN MICROCENTRO,,,0,0,0,0,0,0,0,0,0,0,0,0,0,0,0,0,0,0,0,0,0,0
remax,4765ec46-54d4-40fb-a478-b7d5eae38142,https://www.remax.com.ar/listings/alquiler-local-comercial-retiro-oportunidad,2026-08-13T22:42:43+00:00,alquiler,local,80000.0,ARS,ARS 80000.0,13000.0,ARS,Esmeralda 1000,Esmeralda,1000,,,Plaza San Martín,,Capital Federal,-34.595586054051,-58.378494523762,2.1,2.1,,,0,,,,38095.24,Alquiler Local Comercial Retiro ¡Oportunidad!,,,0,0,0,0,0,0,0,0,0,0,0,0,0,0,0,0,0,0,0,0,0,0
remax,474cb67a-951e-4e1f-ae1d-b81818ce67f5,https://www.remax.com.ar/listings/alquiler-monoambiente-c-division-villa-santa-rita,2026-08-13T22:42:43+00:00,alquiler,departamento_monoambiente,570000.0,ARS,ARS 570000.0,90000.0,ARS,Doctor Luis Beláustegui 2900,Doctor Luis Beláustegui,2900,,villa santa rita,Villa Santa Rita,11.0,Capital Federal,-34.6166158,-58.4779679,34.47,32.0,1.0,,1,,,,16536.12,ALQUILER MONOAMBIENTE C/ DIVISION VILLA SANTA RITA,,,0,0,0,0,0,0,0,0,0,0,0,0,0,0,0,0,0,0,0,0,0,0
remax,4743f43e-e793-476c-b4a6-1681c3fa6114,https://www.remax.com.ar/listings/alquiler-local-retiro-apto-todo-destino-c-sotano,2026-08-13T22:42:43+00:00,alquiler,local,950.0,USD,USD 950.0,100000.0,ARS,25 de Mayo 700,25 de Mayo,700,,retiro,Retiro,1.0,Capital Federal,-34.5991042,-58.37134,85.14,85.14,,,2,,,,11.16,Alquiler Local Retiro apto todo destino c/sótano,,,0,0,0,0,0,0,0,0,0,0,0,0,0,0,0,0,0,0,0,0,0,0
remax,4726666d-b014-40c2-9e46-5be9bc43b7c8,https://www.remax.com.ar/listings/departamento-2-amb-alquiler-palermo,2026-08-13T22:42:43+00:00,alquiler,departamento_estandar,750000.0,ARS,ARS 750000.0,250000.0,ARS,Avenida General Las Heras 3700,Avenida General Las Heras,3700,,palermo,Palermo,14.0,Capital Federal,-34.582069,-58.4124184,40.07,36.33,2.0,,1,,,,18717.24,DEPARTAMENTO 2 AMB ALQUILER PALERMO,,,0,0,0,0,0,0,0,0,0,0,0,0,0,0,0,0,0,0,0,0,0,0
remax,47202c46-11e9-48db-a55a-3c008b1a4aff,https://www.remax.com.ar/listings/alquiler-monoambiente-amoblado-balcon-amenities,2026-08-13T22:42:43+00:00,alquiler,departamento_monoambiente,750.0,USD,USD 750.0,150000.0,ARS,Santos Dumont 2400,Santos Dumont,2400,,palermo,Palermo,14.0,Capital Federal,-34.5741513,-58.4391795,32.86,28.67,1.0,,1,,,,22.82,ALQUILER MONOAMBIENTE AMOBLADO BALCON AMENITIES,,,1,0,0,0,0,0,0,0,0,0,0,0,0,1,0,0,0,0,1,0,0,0
remax,470d9cb9-54ee-4a04-91c8-8ae8c9cded1b,https://www.remax.com.ar/listings/alquiler-departamento-3-ambientes-con-dependencia,2026-08-13T22:42:43+00:00,alquiler,departamento_estandar,990.0,USD,USD 990.0,300000.0,ARS,Avenida Corrientes 4900,Avenida Corrientes,4900,,villa crespo,Villa Crespo,15.0,Capital Federal,-34.6011836,-58.4351984,83.29,73.59,3.0,,2,,,,11.89,ALQUILER DEPARTAMENTO 3 AMBIENTES CON DEPENDENCIA,,,0,0,0,0,0,0,0,0,0,0,0,0,0,0,0,0,0,0,0,0,0,0
remax,46f1f4fb-ac88-4b39-a825-0543f37c4c77,https://www.remax.com.ar/listings/alquiler-depto-2-amb-balvanera,2026-08-13T22:42:43+00:00,alquiler,departamento_estandar,850000.0,ARS,ARS 850000.0,160000.0,ARS,Adolfo Alsina 2200,Adolfo Alsina,2200,,balvanera,Balvanera,3.0,Capital Federal,-34.6120108,-58.3981131,47.7,41.29,2.0,,1,,,,17819.71,Alquiler Depto 2 amb Balvanera,,,0,0,0,0,0,0,0,0,0,0,0,0,0,0,0,0,0,0,0,0,0,0
remax,46eab79e-d8ff-438e-a65a-63efd960a11d,https://www.remax.com.ar/listings/local-alquiler-montserrat-300-m2,2026-08-13T22:42:43+00:00,alquiler,local,3000000.0,ARS,ARS 3000000.0,927000.0,ARS,Tacuarí 200,Tacuarí,200,,monserrat,Monserrat,1.0,Capital Federal,-34.610902,-58.379003,300.0,300.0,,,3,,,,10000.0,LOCAL - ALQUILER - MONTSERRAT - 300 M2,,,0,0,0,0,0,0,0,0,0,0,0,0,0,0,0,0,0,0,0,0,0,0
remax,46ab713e-cb6b-48e8-bb46-d96355f9ba84,https://www.remax.com.ar/listings/alquila-2-amb-milaires-full-amenities,2026-08-13T22:42:43+00:00,alquiler,departamento_estandar,1000.0,USD,USD 1000.0,320000.0,ARS,Avenida Lastra 4200,Avenida Lastra,4200,,villa devoto,Villa Devoto,11.0,Capital Federal,-34.605693992,-58.525055357164,53.0,48.0,2.0,,1,,,,18.87,ALQUILA 2 AMB MILAIRES FULL AMENITIES,,,1,0,0,0,0,0,0,0,0,0,0,0,0,0,0,0,0,0,0,0,0,0
remax,46a8ed23-bace-445d-96e4-3a970f7cf142,https://www.remax.com.ar/listings/alquiler-local-comercial-villa-crespo,2026-08-13T22:42:43+00:00,alquiler,local,2000000.0,ARS,ARS 2000000.0,314000.0,ARS,Aguirre 500,Aguirre,500,,villa crespo,Villa Crespo,15.0,Capital Federal,-34.5946688,-58.4384473,123.71,123.71,,,1,,,,16166.84,ALQUILER LOCAL COMERCIAL VILLA CRESPO,,,0,0,0,0,0,0,0,0,0,0,0,0,0,0,0,0,0,0,0,0,0,0
remax,465d57dc-334e-42a9-95cd-3afc82df9a67,https://www.remax.com.ar/listings/alquiler-monoambiente-amueblado-liniers,2026-08-13T22:42:46+00:00,alquiler,departamento_estandar,600000.0,ARS,ARS 600000.0,150000.0,ARS,Caaguazú 6100,Caaguazú,6100,,liniers,Liniers,9.0,Capital Federal,-34.6436059,-58.5146945,22.89,22.89,1.0,,1,,,,26212.32,ALQUILER MONOAMBIENTE AMUEBLADO. LINIERS,,,0,0,0,0,0,0,0,0,0,0,0,0,0,0,0,0,0,0,1,0,0,0
remax,46599c44-a4db-44d2-9f6d-6737b448f19d,https://www.remax.com.ar/listings/alquiler-depto-con-cochera-qiub-palermo-hollywood,2026-08-13T22:42:46+00:00,alquiler,departamento_monoambiente,1300000.0,ARS,ARS 1300000.0,0.0,ARS,Avenida Juan Bautista Justo 1500,Avenida Juan Bautista Justo,1500,,palermo,Palermo,14.0,Capital Federal,-34.5854671,-58.4352032,35.9,31.8,1.0,,1,1.0,,,36211.7,Alquiler Depto con Cochera QIUB Palermo Hollywood,,,0,0,0,0,0,0,0,0,0,1,0,0,0,0,0,0,0,0,0,0,0,0
remax,46580445-6920-4b40-af3f-409660804a43,https://www.remax.com.ar/listings/torre-deco-2-ambientes-full-amenities-palermo,2026-08-13T22:42:46+00:00,alquiler,departamento_estandar,1000.0,USD,USD 1000.0,380000.0,ARS,Juan Francisco Seguí 4600,Juan Francisco Seguí,4600,,palermo,Palermo,14.0,Capital Federal,-34.5734724,-58.4214104,44.11,40.72,2.0,,1,,,,22.67,TORRE DECÓ 2 AMBIENTES FULL AMENITIES PALERMO,,,1,0,0,0,0,0,0,0,0,0,0,0,0,0,0,0,0,0,0,0,0,0
remax,4637138e-2571-45c9-b8d1-90e24b8b3f2a,https://www.remax.com.ar/listings/alquiler-departamento-2-ambientes-en-las-canitas,2026-08-13T22:42:46+00:00,alquiler,departamento_estandar,1100000.0,ARS,ARS 1100000.0,235000.0,ARS,Teniente Benjamin Matienzo 1800,Teniente Benjamin Matienzo,1800,,palermo,Las Cañitas,14.0,Capital Federal,-34.568747130885,-58.43435883522,39.0,37.0,2.0,,1,,,,28205.13,ALQUILER DEPARTAMENTO 2 AMBIENTES EN LAS CAÑITAS,,,0,0,0,0,0,0,0,0,0,0,0,0,0,0,0,0,0,0,0,0,0,0
remax,4635fec5-cceb-46f6-b0be-148cb838874c,https://www.remax.com.ar/listings/alquiler-2-amb-reciclado-a-nuevo-super-luminoso,2026-08-13T22:42:46+00:00,alquiler,departamento_estandar,800000.0,ARS,ARS 800000.0,120000.0,ARS,Virrey Cevallos 800,Virrey Cevallos,800,,monserrat,Monserrat,1.0,Capital Federal,-34.6184219,-58.3888323,37.0,37.0,2.0,,1,,,,21621.62,Alquiler 2 amb. Reciclado a Nuevo. Super Luminoso!,,,0,0,0,0,0,0,0,0,0,0,0,0,1,0,0,1,0,0,0,0,0,0
remax,461492ab-a30a-4f17-9741-7b9f0ce3dc73,https://www.remax.com.ar/listings/alquiler-coghlan-divino-2-amb-amenities,2026-08-13T22:42:46+00:00,alquiler,departamento_estandar,1150000.0,ARS,ARS 1150000.0,300000.0,ARS,Estomba 2600,Estomba,2600,,coghlan,Coghlan,12.0,Capital Federal,-34.5658267,-58.4757344,54.0,50.0,2.0,,1,,,,21296.3,Alquiler Coghlan Divino 2 Amb Amenities,,,1,0,0,0,0,0,0,0,0,0,0,0,0,0,0,0,0,0,0,0,0,0
remax,45c498ac-05b1-4587-a1eb-17e3cca76f31,https://www.remax.com.ar/listings/alquiler-oficina-monserrat-versatil-y-bien-ubicada,2026-08-13T22:42:50+00:00,alquiler,oficina,500.0,USD,USD 500.0,180000.0,ARS,Piedras 500,Piedras,500,,monserrat,Monserrat,1.0,Capital Federal,-34.6142734,-58.3776462,47.0,47.0,,,2,,,,10.64,ALQUILER OFICINA MONSERRAT VERSATIL Y BIEN UBICADA,,,0,0,0,0,0,0,0,0,0,0,0,0,0,0,0,0,0,0,0,0,0,0
remax,45c37ff0-7dd8-48d6-977a-b30ed5e314ae,https://www.remax.com.ar/listings/alquiler-oficina-belgrano-planta-libre-cochera,2026-08-13T22:42:50+00:00,alquiler,oficina,2800.0,USD,USD 2800.0,900000.0,ARS,Avenida Olazábal 1500,Avenida Olazábal,1500,,belgrano,Belgrano,13.0,Capital Federal,-34.5548783,-58.4498029,130.0,130.0,,,2,1.0,,,21.54,ALQUILER OFICINA BELGRANO PLANTA LIBRE COCHERA,,,0,0,0,0,0,0,0,0,0,1,0,0,0,0,0,0,0,0,0,0,0,0
remax,45ac0341-a6f7-4fff-8a85-c297ac2dd9ed,https://www.remax.com.ar/listings/alquiler-3-amb-amoblado-cerrito-libertador-retiro,2026-08-13T22:42:50+00:00,alquiler,departamento_estandar,1500000.0,ARS,ARS 1500000.0,405500.0,ARS,Cerrito 1500,Cerrito,1500,,retiro,Retiro,1.0,Capital Federal,-34.58907629877,-58.382303905673,70.01,67.32,3.0,,2,,,,21425.51,Alquiler 3 amb Amoblado Cerrito/Libertador -Retiro,,,0,0,0,0,0,0,0,0,0,0,0,0,0,0,0,0,0,0,1,0,0,0
remax,45944473-8637-4a49-864d-3e4f37d629c0,https://www.remax.com.ar/listings/departamento-alquiler-para-comercial-vivienda,2026-08-13T22:42:50+00:00,alquiler,departamento_estandar,800.0,USD,USD 800.0,817000.0,ARS,Avenida Rivadavia 1500,Avenida Rivadavia,1500,,san nicolas,San Nicolás,1.0,Capital Federal,-34.6087762,-58.3883794,119.0,114.0,3.0,,2,,,,6.72,DEPARTAMENTO ALQUILER PARA COMERCIAL / VIVIENDA,,,0,0,0,0,0,0,0,0,0,0,0,0,0,0,0,0,0,0,0,0,0,0
remax,45941e63-9c5d-4cd1-8fc7-63147f7f7cc0,https://www.remax.com.ar/listings/alquiler-departamento-de-4-amb-en-palermo-chico,2026-08-13T22:42:50+00:00,alquiler,departamento_estandar,1800.0,USD,USD 1800.0,230000.0,ARS,Juan María Gutiérrez 3900,Juan María Gutiérrez,3900,,palermo,Palermo,14.0,Capital Federal,-34.5802932,-58.4159232,140.0,140.0,4.0,,1,,,,12.86,Alquiler Departamento de 4 amb en Palermo chico,,,0,0,0,0,0,0,0,0,0,0,0,0,0,0,0,0,0,0,0,0,0,0
remax,457e63e3-f0d8-40c7-9599-e8f44634dd5e,https://www.remax.com.ar/listings/alquiler-departamento-monoambiente-palermo-soho,2026-08-13T22:42:50+00:00,alquiler,departamento_monoambiente,550.0,USD,USD 550.0,168000.0,ARS,Scalabrini Ortiz 1600,Scalabrini Ortiz,1600,,palermo,Palermo Soho,14.0,Capital Federal,-34.5873739,-58.428162,35.0,33.0,1.0,,1,,,,15.71,ALQUILER DEPARTAMENTO MONOAMBIENTE PALERMO SOHO,,,0,0,0,0,0,0,0,0,0,0,0,0,0,0,0,0,0,0,0,0,0,0
remax,4532b3bb-18cd-4dd5-b5a7-c0ae2f65922a,https://www.remax.com.ar/listings/alquiler-4-amb-depend-amoblado-piso-alto-recoleta,2026-08-13T22:42:50+00:00,alquiler,departamento_semipiso,2350000.0,ARS,ARS 2350000.0,530000.0,ARS,Avenida Pueyrredón 1600,Avenida Pueyrredón,1600,,recoleta,Recoleta,2.0,Capital Federal,-34.5923403,-58.4012277,122.0,112.74,4.0,,2,,,,19262.3,ALQUILER 4 AMB DEPEND AMOBLADO PISO ALTO RECOLETA,,,0,0,0,0,0,0,0,0,0,0,0,0,0,0,0,0,0,0,1,0,0,0
remax,44f997d6-8f42-4931-a774-d3905256e817,https://www.remax.com.ar/listings/departamento-alquiler-monoambiente-san-cristobal,2026-08-13T22:42:50+00:00,alquiler,departamento_monoambiente,550000.0,ARS,ARS 550000.0,85000.0,ARS,Humberto 1º 2300,Humberto 1º,2300,1,san cristobal,San Cristobal,3.0,Capital Federal,-34.6219071,-58.399244,21.46,21.46,1.0,,1,,,,25629.08,DEPARTAMENTO ALQUILER MONOAMBIENTE SAN CRISTOBAL,,,0,0,0,0,0,0,0,0,0,0,0,0,0,0,0,0,0,0,0,0,0,0
remax,44ec799e-876a-48a8-9668-ee53a7fe3ea0,https://www.remax.com.ar/listings/alquiler-depto-2-amb-cochera-puerto-madero,2026-08-13T22:42:52+00:00,alquiler,departamento_estandar,2300.0,USD,USD 2300.0,800000.0,ARS,Juana Manso 1300,Juana Manso,1300,,puerto madero,Puerto Madero,1.0,Capital Federal,-34.6094056,-58.3627875,116.77,106.36,2.0,,1,1.0,,,19.7,ALQUILER DEPTO 2 AMB COCHERA PUERTO MADERO,,,0,0,0,0,0,0,0,0,0,1,0,0,0,0,0,0,0,0,0,0,0,0
remax,44ea7b6d-d99f-4b0e-98ec-9de4c885efcd,https://www.remax.com.ar/listings/alquiler-2-ambientes-equipado-patio-amenities,2026-08-13T22:42:52+00:00,alquiler,departamento_estandar,680.0,USD,USD 680.0,220000.0,ARS,Fitz Roy 1400,Fitz Roy,1400,,palermo,Palermo Hollywood,14.0,Capital Federal,-34.5862707,-58.438601,51.64,47.14,2.0,,1,,,,13.17,ALQUILER 2 AMBIENTES EQUIPADO PATIO AMENITIES,,,1,0,0,0,0,0,0,0,0,0,0,0,0,0,0,0,0,0,1,1,0,0
remax,44d90b8f-2bb2-438f-841f-c7ef732160bb,https://www.remax.com.ar/listings/alquiler-depto-2-amb-av-sanjuan,2026-08-13T22:42:52+00:00,alquiler,departamento_estandar,599000.0,ARS,ARS 599000.0,120000.0,ARS,Avenida San Juan 1400,Avenida San Juan,1400,,constitucion,Constitución,1.0,Capital Federal,-34.622236,-58.3861901,42.0,38.0,2.0,,1,,,,14261.9,Alquiler depto 2 amb. av. SanJuan,,,0,0,0,0,0,0,0,0,0,0,0,0,0,0,0,0,0,0,0,0,0,0
remax,44b54e21-90fc-4854-a6a1-b5c941c7f261,https://www.remax.com.ar/listings/alquiler-palermo-chico-3-dorm-en-suite-con-muebles,2026-08-13T22:42:52+00:00,alquiler,departamento_piso,4100.0,USD,USD 4100.0,2100000.0,ARS,Zenteno 3100,Zenteno,3100,,palermo,Palermo Chico,14.0,Capital Federal,-34.5799765,-58.403992,280.0,240.0,6.0,,4,,,,14.64,Alquiler Palermo Chico 3 dorm en suite con muebles,,,0,0,0,0,0,0,0,0,0,0,0,0,0,0,0,0,0,0,0,0,0,0
remax,44a673e8-c964-4980-abd4-c2a646609718,https://www.remax.com.ar/listings/alquiler-ph-en-villa-riachuelo-muy-buen-estado,2026-08-13T22:42:52+00:00,alquiler,ph,1200000.0,ARS,ARS 1200000.0,0.0,ARS,Madariaga 6700,Madariaga,6700,,villa riachuelo,Villa Riachuelo,8.0,Capital Federal,-34.6936625,-58.4709371,104.96,87.34,4.0,,1,,,,11432.93,ALQUILER PH EN VILLA RIACHUELO MUY BUEN ESTADO!,,,0,0,0,0,0,0,0,0,0,0,0,0,0,0,0,0,0,0,0,0,0,0
remax,4476a712-b0d8-46a5-aa99-0fbeef8ac13b,https://www.remax.com.ar/listings/alquiler-multiespacio-oficinas-excelente-ubicacion-2,2026-08-13T22:42:52+00:00,alquiler,oficina,105000.0,ARS,ARS 105000.0,58400.0,ARS,Avenida Callao 400,Avenida Callao,400,,balvanera,Balvanera,3.0,Capital Federal,-34.6035032,-58.3925224,2000.0,2000.0,,,0,,,,52.5,ALQUILER MULTIESPACIO OFICINAS EXCELENTE UBICACION,,,0,0,0,0,0,0,0,0,0,0,0,0,0,0,0,0,0,0,0,0,0,0
remax,4470fbc1-dffc-49d1-8552-1a3767219987,https://www.remax.com.ar/listings/alquiler-departamento-2-ambientes-apto-profesional,2026-08-13T22:42:52+00:00,alquiler,departamento_estandar,470000.0,ARS,ARS 470000.0,160000.0,ARS,Sarmiento 1400,Sarmiento,1400,,san nicolas,San Nicolás,1.0,Capital Federal,-34.6053799,-58.3873563,31.96,31.96,2.0,,1,,,,14705.88,ALQUILER DEPARTAMENTO 2 AMBIENTES APTO PROFESIONAL,,,0,0,0,0,0,0,0,0,1,0,0,0,0,0,0,0,0,0,0,0,0,0
remax,44329d00-be94-4589-859b-9f1423ea2c2b,https://www.remax.com.ar/listings/alquiler-monoambiente-c-balcon-terraza-saavedra,2026-08-13T22:42:55+00:00,alquiler,departamento_monoambiente,750000.0,ARS,ARS 750000.0,149486.0,ARS,Avenida Doctor Ricardo Balbín 4100,Avenida Doctor Ricardo Balbín,4100,,saavedra,Saavedra,12.0,Capital Federal,-34.5544591,-58.4870763,42.45,30.0,1.0,,1,,,,17667.84,ALQUILER MONOAMBIENTE C/ BALCON TERRAZA SAAVEDRA,,,0,0,0,0,0,0,0,0,0,0,0,0,0,1,0,0,0,0,0,0,0,0
remax,442b3545-1eef-4e43-b3dd-bdd9c14eaeab,https://www.remax.com.ar/listings/alquiler-3-amb-nunez-frente-con-balcon-y-lavadero,2026-08-13T22:42:55+00:00,alquiler,departamento_estandar,700000.0,ARS,ARS 700000.0,255000.0,ARS,Guayra 2300,Guayra,2300,,nunez,Nuñez,13.0,Capital Federal,-34.552512,-58.464379,45.0,41.0,2.0,,1,,,,15555.56,ALQUILER 3 AMB NUÑEZ FRENTE CON BALCON Y LAVADERO,,,0,0,0,0,0,0,0,0,0,0,0,0,0,1,0,0,0,0,0,0,0,0
remax,43f38ca2-9848-46e9-90f6-6f96aab1a5cd,https://www.remax.com.ar/listings/dpto-2-amb-alquiler-belgrano-edif-be-libertador,2026-08-13T22:42:55+00:00,alquiler,departamento_estandar,1140.0,USD,USD 1140.0,210000.0,ARS,Avenida del Libertador 6200,Avenida del Libertador,6200,,belgrano,Belgrano,13.0,Capital Federal,-34.5537446,-58.4497125,48.51,44.22,2.0,,1,,,,23.5,DPTO 2 AMB ALQUILER BELGRANO EDIF BE LIBERTADOR,,,0,0,0,0,0,0,0,0,0,0,0,0,0,0,0,0,0,0,0,0,0,0
remax,4377ae18-5a23-4399-8087-eb3da6468db0,https://www.remax.com.ar/listings/alquiler-2-amb-a-estrenar-caballito-amenities,2026-08-13T22:42:55+00:00,alquiler,departamento_estandar,950000.0,ARS,ARS 950000.0,0.0,ARS,Av. Directorio 700,Av. Directorio,700,,caballito,Caballito,6.0,Capital Federal,-34.6283,-58.437781,41.34,37.72,2.0,,1,,,,22980.16,Alquiler 2 Amb A ESTRENAR Caballito Amenities,,,1,0,0,0,0,0,0,0,0,0,0,0,0,0,0,0,0,0,0,0,0,0
remax,43594070-a08b-49ae-b66a-0681e0075931,https://www.remax.com.ar/listings/local-en-alquiler-en-microcentro-esmeralda-al-800,2026-08-13T22:42:59+00:00,alquiler,local,1100000.0,ARS,ARS 1100000.0,66000.0,ARS,Esmeralda 800,Esmeralda,800,,san nicolas,Centro / Microcentro,1.0,Capital Federal,-34.5978045,-58.3782596,37.65,37.65,,,1,,,,29216.47,Local en Alquiler en Microcentro Esmeralda al 800,,,0,0,0,0,0,0,0,0,0,0,0,0,0,0,0,0,0,0,0,0,0,0
remax,43424aeb-b9c9-463c-8f6d-ef7f440bc393,https://www.remax.com.ar/listings/alquiler-departamento-2-ambientes-retiro,2026-08-13T22:42:59+00:00,alquiler,departamento_estandar,800.0,USD,USD 800.0,0.0,ARS,Marcelo Torcuato de Alvear 500,Marcelo Torcuato de Alvear,500,,retiro,Retiro,1.0,Capital Federal,-34.5963011,-58.3748043,45.0,40.0,2.0,,1,,,,17.78,ALQUILER DEPARTAMENTO 2 AMBIENTES RETIRO,,,0,0,0,0,0,0,0,0,0,0,0,0,0,0,0,0,0,0,0,0,0,0
remax,4330b075-335e-43a1-baa6-e31795773011,https://www.remax.com.ar/listings/alquiler-departamento-2-ambientes-balcon-almagro,2026-08-13T22:42:59+00:00,alquiler,departamento_estandar,500000.0,ARS,ARS 500000.0,70000.0,ARS,Jerónimo Salguero 200,Jerónimo Salguero,200,,almagro,Almagro,5.0,Capital Federal,-34.6080623,-58.4201416,39.03,35.73,2.0,,1,,,,12810.66,ALQUILER DEPARTAMENTO 2 AMBIENTES BALCON ALMAGRO,,,0,0,0,0,0,0,0,0,0,0,0,0,0,1,0,0,0,0,0,0,0,0
remax,431752ac-1ac6-4a68-b715-db707a4a2753,https://www.remax.com.ar/listings/monoambiente-con-balcon-en-alquiler-en-caballito,2026-08-13T22:42:59+00:00,alquiler,departamento_estandar,670000.0,ARS,ARS 670000.0,161820.0,ARS,Avenida Avellaneda 1000,Avenida Avellaneda,1000,,caballito,Caballito,6.0,Capital Federal,-34.6170535,-58.4453854,33.44,29.25,1.0,,1,,,,20035.89,Monoambiente con balcón en alquiler en Caballito,,,0,0,0,0,0,0,0,0,0,0,0,0,0,1,0,0,0,0,0,0,0,0
remax,430ec992-2d99-4600-831a-aae017807f02,https://www.remax.com.ar/listings/imperdible-a-estrenar-2amb-frente-luz-natural,2026-08-13T22:42:59+00:00,alquiler,departamento_estandar,650000.0,ARS,ARS 650000.0,127500.0,ARS,Saavedra 800,Saavedra,800,,san cristobal,San Cristobal,3.0,Capital Federal,-34.6237933,-58.4022563,31.0,31.0,2.0,,1,,,,20967.74,IMPERDIBLE A ESTRENAR! 2AMB. FRENTE/ LUZ NATURAL,,,0,0,0,0,0,0,0,0,0,0,0,0,0,0,0,0,0,0,0,0,0,0
remax,430b37e7-032a-48a6-b8d1-ec0f1c692387,https://www.remax.com.ar/listings/alquiler-monoambiente-nunez-balcon-parrilla-pileta,2026-08-13T22:42:59+00:00,alquiler,departamento_monoambiente,750000.0,ARS,ARS 750000.0,200000.0,ARS,Arribeños 3600,Arribeños,3600,,nunez,Nuñez,13.0,Capital Federal,-34.5446798,-58.4610707,35.59,28.74,1.0,,1,,,,21073.34,Alquiler Monoambiente Núñez Balcón Parrilla Pileta,,,1,1,1,0,0,0,0,0,0,0,0,0,0,1,0,0,0,0,0,0,0,0
remax,42ea0535-eabe-47e1-8cdb-4599af237bbc,https://www.remax.com.ar/listings/alquiler-2amb-full-amenities-juncal-park-palermo,2026-08-13T22:42:59+00:00,alquiler,departamento_estandar,850.0,USD,USD 850.0,0.0,ARS,Juncal 4500,Juncal,4500,,palermo,Palermo,14.0,Capital Federal,-34.577376,-58.4231765,45.22,43.94,2.0,,1,,,,18.8,ALQUILER 2AMB.FULL AMENITIES JUNCAL PARK. PALERMO,,,1,0,0,0,0,0,0,0,0,0,0,0,0,0,0,0,0,0,0,0,0,0
remax,42cd4acc-5c5d-49d9-97f9-3ec2f48a782c,https://www.remax.com.ar/listings/alquiler-local-excelente-ubicacion-en-villa-devoto,2026-08-13T22:42:59+00:00,alquiler,local,1300000.0,ARS,ARS 1300000.0,0.0,ARS,José Luis Cantilo 5100,José Luis Cantilo,5100,,villa devoto,Villa Devoto,11.0,Capital Federal,-34.6114968,-58.5244876,54.0,54.0,,,1,,,,24074.07,ALQUILER LOCAL EXCELENTE UBICACIÓN EN VILLA DEVOTO,,,0,0,0,0,0,0,0,0,0,0,0,0,0,0,0,0,0,0,0,0,0,0
remax,42b1ec53-07a5-4961-a4d3-0ddb1cc79f14,https://www.remax.com.ar/listings/alquiler-ph-4-ambientes-devoto-con-pileta,2026-08-13T22:42:59+00:00,alquiler,ph,2300000.0,ARS,ARS 2300000.0,0.0,ARS,Gabriela Mistral 4500,Gabriela Mistral,4500,,villa devoto,Villa Devoto,11.0,Capital Federal,-34.5997485,-58.5222866,144.52,100.69,4.0,,1,,,,15914.75,ALQUILER PH 4 AMBIENTES DEVOTO CON PILETA,,,1,1,0,0,0,0,0,0,0,0,0,0,0,0,0,0,0,0,0,0,0,0
remax,42801bbd-2150-4ee3-b25c-61d109d05498,https://www.remax.com.ar/listings/local-en-alquiler-en-san-nicolas,2026-08-13T22:43:01+00:00,alquiler,local,1200.0,USD,USD 1200.0,618600.0,ARS,Rodríguez Peña 100,Rodríguez Peña,100,,san nicolas,San Nicolás,1.0,Capital Federal,-34.6070389,-58.3908286,167.0,167.0,,,1,,,,7.19,LOCAL EN ALQUILER EN SAN NICOLÁS,,,0,0,0,0,0,0,0,0,0,0,0,0,0,0,0,0,0,0,0,0,0,0
remax,4253db75-8646-4b36-92ad-29e12b996492,https://www.remax.com.ar/listings/oficinas-en-alquiler-microcentro-3-cocheras,2026-08-13T22:43:01+00:00,alquiler,oficina,1600.0,USD,USD 1600.0,3800000.0,ARS,Perú 100,Perú,100,,monserrat,Monserrat,1.0,Capital Federal,-34.6095787,-58.375014,382.0,382.0,,,2,1.0,,,4.19,Oficinas en alquiler microcentro 3 cocheras,,,0,0,0,0,0,0,0,0,0,1,0,0,0,0,0,0,0,0,0,0,0,0
remax,425118fa-f111-4dca-9917-6291d1ae24c2,https://www.remax.com.ar/listings/alquiler-departameto-2-ambientes-recoleta-balcon,2026-08-13T22:43:01+00:00,alquiler,departamento_estandar,850.0,USD,USD 850.0,415000.0,ARS,Azcuenaga 1600,Azcuenaga,1600,,recoleta,Recoleta,2.0,Capital Federal,-34.589657962298,-58.396754264832,50.0,42.0,2.0,,1,,,,17.0,"ALQUILER DEPARTAMETO 2 AMBIENTES RECOLETA, BALCON",,,0,0,0,0,0,0,0,0,0,0,0,0,0,1,0,0,0,0,0,0,0,0
remax,424bf539-0dc2-44aa-9b38-7686a773f531,https://www.remax.com.ar/listings/alquiler-monoambiente-con-balcon-al-frente-1,2026-08-13T22:43:01+00:00,alquiler,departamento_estandar,650000.0,ARS,ARS 650000.0,175000.0,ARS,Avenida General Mosconi 3300,Avenida General Mosconi,3300,,villa devoto,Villa Devoto,11.0,Capital Federal,-34.590868,-58.5078651,35.0,31.0,1.0,,1,,,,18571.43,ALQUILER | Monoambiente con balcón al frente,,,0,0,0,0,0,0,0,0,0,0,0,0,0,1,0,0,0,1,0,0,0,0
remax,420de3fe-336c-426f-ad49-e290286b317f,https://www.remax.com.ar/listings/alquiler-depto-2-amb-con-balcon-al-frente-palermo,2026-08-13T22:43:01+00:00,alquiler,departamento_estandar,900.0,USD,USD 900.0,186000.0,ARS,Santos Dumont 2500,Santos Dumont,2500,,palermo,Palermo,14.0,Capital Federal,-34.5747238,-58.4399883,50.0,40.0,2.0,,1,,,,18.0,ALQUILER DEPTO 2 AMB CON BALCON AL FRENTE PALERMO,,,0,0,0,0,0,0,0,0,0,0,0,0,0,1,0,0,0,1,0,0,0,0
remax,41fc9b3a-57e0-472d-8193-4b7c449333bc,https://www.remax.com.ar/listings/alq-nunez-2-ambientes-a-estrenar-con-amenities,2026-08-13T22:43:01+00:00,alquiler,departamento_estandar,1300000.0,ARS,ARS 1300000.0,213358.23,ARS,Vuelta de Obligado 2900,Vuelta de Obligado,2900,,nunez,Nuñez,13.0,Capital Federal,-34.553910598662,-58.462822437286,42.6,37.3,2.0,,1,,,,30516.43,ALQ NUÑEZ 2 AMBIENTES A ESTRENAR CON AMENITIES,,,1,0,0,0,0,0,0,0,0,0,0,0,0,0,0,0,0,0,0,0,0,0
remax,41d8def6-cece-4dc4-9b17-05fd6a661226,https://www.remax.com.ar/listings/alquiler-departamento-2-ambientes-san-cristobal,2026-08-13T22:43:05+00:00,alquiler,departamento_estandar,550000.0,ARS,ARS 550000.0,110000.0,ARS,Moreno 2900,Moreno,2900,,san cristobal,San Cristobal,3.0,Capital Federal,-34.6127837,-58.3932705,33.0,32.0,2.0,,1,,,,16666.67,ALQUILER DEPARTAMENTO 2 AMBIENTES - SAN CRISTOBAL,,,0,0,0,0,0,0,0,0,0,0,0,0,0,0,0,0,0,0,0,0,0,0
remax,41c64ac7-4af9-4779-ba78-65dc6089ff48,https://www.remax.com.ar/listings/local-comercial-premium-aguero-1200-barrio-norte,2026-08-13T22:43:05+00:00,alquiler,local,1450000.0,ARS,ARS 1450000.0,70000.0,ARS,Agüero 1200,Agüero,1200,,recoleta,Barrio Norte,2.0,Capital Federal,-34.5957399,-58.4097769,30.0,30.0,,,1,,,,48333.33,LOCAL COMERCIAL PREMIUM AGUERO 1200 BARRIO NORTE,,,0,0,0,0,0,0,0,0,0,0,0,0,0,0,0,0,0,0,0,0,0,0
remax,41a24c7b-3e4b-456d-9c38-98d9a3853353,https://www.remax.com.ar/listings/alquiler-2-amb-con-gran-balcon-terraza-en-palermo,2026-08-13T22:43:05+00:00,alquiler,departamento_estandar,1000000.0,ARS,ARS 1000000.0,145000.0,ARS,Honduras 3700,Honduras,3700,,palermo,Palermo,14.0,Capital Federal,-34.5938786,-58.4153526,52.97,38.16,2.0,,1,,,,18878.61,Alquiler 2 AMB CON GRAN BALCÓN TERRAZA EN PALERMO,,,0,0,0,0,0,0,0,0,0,0,0,0,0,1,0,0,0,0,0,0,0,0
remax,41887d49-0510-4fa9-864b-ade38dfaa864,https://www.remax.com.ar/listings/departamento-2-ambientes-caballito-1x-escalera-1,2026-08-13T22:43:05+00:00,alquiler,departamento_estandar,600000.0,ARS,ARS 600000.0,80000.0,ARS,Formosa 700,Formosa,700,,caballito,Caballito,6.0,Capital Federal,-34.622666893152,-58.438382148743,31.06,31.06,2.0,,1,,,,19317.45,"Departamento 2 ambientes caballito ""1°x escalera""",,,0,0,0,0,0,0,0,0,0,0,0,0,0,0,0,0,0,0,0,0,0,0
remax,417d1c2b-ac19-4108-b93a-deb12d3bafb1,https://www.remax.com.ar/listings/depto-4-amb-alquiler-boedo-balcon-cochera-baulera,2026-08-13T22:43:05+00:00,alquiler,departamento_estandar,1490000.0,ARS,ARS 1490000.0,250000.0,ARS,Avenida Independencia 3700,Avenida Independencia,3700,,boedo,Boedo,5.0,Capital Federal,-34.6213586,-58.4188316,74.64,70.0,4.0,,1,1.0,,,19962.49,"DEPTO 4 AMB ALQUILER BOEDO BALCON,COCHERA,BAULERA",,,0,0,0,0,0,0,0,0,0,1,1,0,0,1,0,0,0,0,0,0,0,0
remax,4162c76f-ad4f-4c86-8ae6-ec68807068a5,https://www.remax.com.ar/listings/alquiler-monoambiente-a-estrenar-belgrano,2026-08-13T22:43:05+00:00,alquiler,departamento_monoambiente,700000.0,ARS,ARS 700000.0,128500.0,ARS,Vidal 2300,Vidal,2300,,belgrano,Belgrano,13.0,Capital Federal,-34.561690005713,-58.462030599099,34.0,34.0,1.0,,1,,,,20588.24,Alquiler monoambiente a estrenar Belgrano,,,0,0,0,0,0,0,0,0,0,0,0,0,0,0,0,0,0,0,0,0,0,0
remax,4157d0be-912f-4644-908c-3bb4e0b6629c,https://www.remax.com.ar/listings/alquiler-ph-barracas-4-amb-terraza-propia,2026-08-13T22:43:05+00:00,alquiler,ph,1500000.0,ARS,ARS 1500000.0,0.0,ARS,Avenida Australia 2600,Avenida Australia,2600,,barracas,Barracas,4.0,Capital Federal,-34.6461441,-58.3837237,204.0,123.0,4.0,,1,,,,7352.94,"Alquiler PH Barracas, 4 amb. + Terraza propia",,,0,0,0,0,0,0,0,0,0,0,0,0,0,1,0,0,0,0,0,0,0,0
remax,4136e556-fd74-4b3a-a68a-cda2b3831932,https://www.remax.com.ar/listings/alquiler-urquiza-2-ambientes-balcon-subte,2026-08-13T22:43:05+00:00,alquiler,departamento_estandar,750000.0,ARS,ARS 750000.0,167200.0,ARS,Monroe 4900,Monroe,4900,,villa urquiza,Villa Urquiza,12.0,Capital Federal,-34.5732403,-58.4846999,47.5,40.15,2.0,,1,,,,15789.47,ALQUILER URQUIZA 2 AMBIENTES BALCON SUBTE,,,0,0,0,0,0,0,0,0,0,0,0,0,0,1,0,0,0,0,0,0,0,0
remax,412c9839-8c03-416f-b2bc-2fba4fb8f4bd,https://www.remax.com.ar/listings/alquiler-4-amb-metros-de-rivadavia-flores,2026-08-13T22:43:05+00:00,alquiler,departamento_estandar,1500000.0,ARS,ARS 1500000.0,300000.0,ARS,Caracas 0,Caracas,0,,flores,Flores,7.0,Capital Federal,-34.6277028,-58.4612151,92.0,80.0,4.0,,1,,,,16304.35,ALQUILER 4 AMB. METROS DE RIVADAVIA. FLORES,,,0,0,0,0,0,0,0,0,0,0,0,0,0,0,0,0,0,0,0,0,0,0
remax,41180bf8-2675-4e2a-90c5-eb215135f27c,https://www.remax.com.ar/listings/alquiler-departamento-en-devoto,2026-08-13T22:43:09+00:00,alquiler,departamento_estandar,3600.0,USD,USD 3600.0,400000.0,ARS,Pareja 3000,Pareja,3000,,villa devoto,Villa Devoto,11.0,Capital Federal,-34.590768,-58.4999702,94.0,90.0,3.0,,2,,,,38.3,ALQUILER DEPARTAMENTO EN DEVOTO,,,0,0,0,0,0,0,0,0,0,0,0,0,0,0,0,0,0,0,0,0,0,0
remax,40f1a797-95f7-4dbd-af1d-35a7d203dad7,https://www.remax.com.ar/listings/alquiler-comercial-local-al-frente-caballito,2026-08-13T22:43:09+00:00,alquiler,local,2350000.0,ARS,ARS 2350000.0,0.0,ARS,Avenida Pedro Goyena 100,Avenida Pedro Goyena,100,,caballito,Caballito Norte,6.0,Capital Federal,-34.6254229,-58.4288336,102.42,102.42,,,1,,,,22944.74,Alquiler comercial Local al frente Caballito,,,0,0,0,0,0,0,0,0,0,0,0,0,0,0,0,0,0,1,0,0,0,0
remax,40ef6bd1-a3d2-46a5-8f11-8384c4b9d3a2,https://www.remax.com.ar/listings/alquiler-depto-monoambiente-villa-crespo,2026-08-13T22:43:09+00:00,alquiler,departamento_estandar,600000.0,ARS,ARS 600000.0,151000.0,ARS,Avenida Juan B. Justo 2900,Avenida Juan B. Justo,2900,,villa crespo,Villa Crespo,15.0,Capital Federal,-34.5972811,-58.4483291,26.92,23.51,1.0,,1,,,,22288.26,ALQUILER DEPTO MONOAMBIENTE - VILLA CRESPO,,,0,0,0,0,0,0,0,0,0,0,0,0,0,0,0,0,0,0,0,0,0,0
remax,40d511aa-3b52-4873-b01a-4e522bfd1f26,https://www.remax.com.ar/listings/oficina-en-alquiler-en-villa-urquiza-c-2-despachos,2026-08-13T22:43:09+00:00,alquiler,oficina,950000.0,ARS,ARS 950000.0,0.0,ARS,Ávalos 2100,Ávalos,2100,,villa urquiza,Villa Urquiza,12.0,Capital Federal,-34.577038,-58.4838426,46.16,46.16,,,1,,,,20580.59,Oficina en alquiler en Villa Urquiza c/2 despachos,,,0,0,0,0,0,0,0,0,0,0,0,0,0,0,0,0,0,0,0,0,0,0
remax,40d11c99-27e9-48c4-96db-225740b7d3ba,https://www.remax.com.ar/listings/alquiler-depto-monserrat,2026-08-13T22:43:09+00:00,alquiler,departamento_monoambiente,750000.0,ARS,ARS 750000.0,260000.0,ARS,Avenida Presidente Julio A. Roca 700,Avenida Presidente Julio A. Roca,700,,monserrat,Monserrat,1.0,Capital Federal,-34.6122909,-58.377315,40.63,36.32,1.0,,1,,,,18459.27,alquiler depto Monserrat,,,0,0,0,0,0,0,0,0,0,0,0,0,0,0,0,0,0,0,0,0,0,0
remax,40c45c04-207e-4b0e-a7f3-d649e79ae426,https://www.remax.com.ar/listings/alquiler-ph-en-flores,2026-08-13T22:43:09+00:00,alquiler,ph,1000.0,USD,USD 1000.0,0.0,ARS,Avenida Gaona 3000,Avenida Gaona,3000,,villa gral. mitre,Villa General Mitre,11.0,Capital Federal,-34.6174035,-58.4688268,64.0,64.0,4.0,,1,,,,15.62,ALQUILER PH EN FLORES,,,0,0,0,0,0,0,0,0,0,0,0,0,0,0,0,0,0,0,0,0,0,0
remax,40b27016-c1dd-4b15-9f6c-0b05e70d6434,https://www.remax.com.ar/listings/monoambiente-en-torre-humboldt-1945,2026-08-13T22:43:09+00:00,alquiler,departamento_monoambiente,650.0,USD,USD 650.0,495000.0,ARS,Humboldt 1900,Humboldt,1900,,palermo,Palermo,14.0,Capital Federal,-34.5829995,-58.4330516,37.55,30.41,1.0,,1,,,,17.31,MONOAMBIENTE EN TORRE HUMBOLDT 1945,,,0,0,0,0,0,0,0,0,0,0,0,0,0,0,0,0,0,0,0,0,0,0
remax,401d0954-5825-4a94-855b-8deef1eec538,https://www.remax.com.ar/listings/alq-dpto-2-ambientes-amoblado-toilette-y-amenities,2026-08-13T22:43:11+00:00,alquiler,departamento_estandar,800000.0,ARS,ARS 800000.0,400000.0,ARS,Arcos 2800,Arcos,2800,,nunez,Nuñez,13.0,Capital Federal,-34.5536066,-58.4595058,59.0,55.0,2.0,,1,,,,13559.32,ALQ DPTO 2 AMBIENTES AMOBLADO/TOILETTE Y AMENITIES,,,1,0,0,0,0,0,0,0,0,0,0,0,0,0,0,0,0,0,1,0,0,0
remax,40040ab3-f65b-48f7-b5bd-47f064e232fe,https://www.remax.com.ar/listings/casa-comercial-5-ambientes-alquiler-palermo,2026-08-13T22:43:11+00:00,alquiler,local,2500.0,USD,USD 2500.0,,ARS,Bonpland 1500,Bonpland,1500,,palermo,Palermo,14.0,Capital Federal,-34.5845937,-58.4390209,173.5,130.0,6.0,,2,,,,14.41,Casa Comercial 5 Ambientes Alquiler Palermo,,,0,0,0,0,0,0,0,0,0,0,0,0,0,0,0,0,0,0,0,0,0,0
remax,3ff873ee-b4ca-4eff-b9a0-dae7e012f7ba,https://www.remax.com.ar/listings/alquiler-2-amb-barrio-norte-luminoso-c-frente,2026-08-13T22:43:11+00:00,alquiler,departamento_estandar,670000.0,ARS,ARS 670000.0,120000.0,ARS,Riobamba 800,Riobamba,800,,recoleta,Barrio Norte,2.0,Capital Federal,-34.5991298,-58.394317,38.0,38.0,2.0,,1,,,,17631.58,Alquiler 2 amb Barrio Norte luminoso C/frente,,,0,0,0,0,0,0,0,0,0,0,0,0,1,0,0,0,0,0,0,0,0,0
remax,3f8b5b05-5724-43bd-a78a-de16ae5e08eb,https://www.remax.com.ar/listings/departamento-4-ambientes-alquiler-palermo-1,2026-08-13T22:43:14+00:00,alquiler,departamento_estandar,1500.0,USD,USD 1500.0,0.0,ARS,Juan Francisco Seguí 3700,Juan Francisco Seguí,3700,,palermo,Palermo Chico,14.0,Capital Federal,-34.5781234,-58.410997,85.0,80.0,4.0,,2,,,,17.65,Departamento 4 ambientes alquiler Palermo,,,0,0,0,0,0,0,0,0,0,0,0,0,0,0,0,0,0,0,0,0,0,0
remax,3f7b98ad-a9b6-4132-bbbd-6a0f6538ab9f,https://www.remax.com.ar/listings/alquiler-clinica-medica-equipada-habilitada,2026-08-13T22:43:14+00:00,alquiler,local,25000.0,USD,USD 25000.0,,ARS,Avenida Doctor Ricardo Balbín 3600,Avenida Doctor Ricardo Balbín,3600,,saavedra,Saavedra,12.0,Capital Federal,-34.5555359,-58.4818306,619.0,602.0,12.0,,6,,,,40.39,Alquiler Clínica médica equipada Habilitada,,,0,0,0,0,0,0,0,0,0,0,0,0,0,0,0,0,0,0,0,0,0,0
remax,3f1b4427-c9d6-4e3a-ae61-94d6f8f5c232,https://www.remax.com.ar/listings/alquiler-monoambiente-amenities-villa-crespo,2026-08-13T22:43:14+00:00,alquiler,departamento_monoambiente,600000.0,ARS,ARS 600000.0,95000.0,ARS,Camargo 200,Camargo,200,,villa crespo,Villa Crespo,15.0,Capital Federal,-34.6026154,-58.4378259,28.49,24.37,1.0,,1,,,,21060.02,ALQUILER MONOAMBIENTE AMENITIES VILLA CRESPO,,,1,0,0,0,0,0,0,0,0,0,0,0,0,0,0,0,0,0,0,0,0,0
remax,3f0f625d-d9ae-45b4-982b-caaacb6ff3ac,https://www.remax.com.ar/listings/alquiler-en-caballito-depto-2-ambientes,2026-08-13T22:43:14+00:00,alquiler,departamento_estandar,600000.0,ARS,ARS 600000.0,150000.0,ARS,Doblas 500,Doblas,500,,caballito,Caballito,6.0,Capital Federal,-34.6226965,-58.4305992,31.0,31.0,2.0,,1,,,,19354.84,ALQUILER EN CABALLITO DEPTO 2 AMBIENTES,,,0,0,0,0,0,0,0,0,0,0,0,0,0,0,0,0,0,0,0,0,0,0
remax,3efa15f9-e68a-4464-ae85-8846807cfecd,https://www.remax.com.ar/listings/alquiler-de-oficina-zona-tribunales,2026-08-13T22:43:14+00:00,alquiler,oficina,590000.0,ARS,ARS 590000.0,180000.0,ARS,Sarmiento 1100,Sarmiento,1100,,san nicolas,San Nicolás,1.0,Capital Federal,-34.604857123008,-58.383042812347,82.0,82.0,,,1,,,,7195.12,Alquiler de oficina zona Tribunales,,,0,0,0,0,0,0,0,0,0,0,0,0,0,0,0,0,0,0,0,0,0,0
remax,3ed72ecf-a75a-4d61-a908-bd2705991cc2,https://www.remax.com.ar/listings/alquiler-monoambiente-expensas-bajas-apto-mascota,2026-08-13T22:43:14+00:00,alquiler,departamento_estandar,470000.0,ARS,ARS 470000.0,70000.0,ARS,Tucumán 3100,Tucumán,3100,,balvanera,Balvanera,3.0,Capital Federal,-34.600665,-58.410468,20.0,20.0,1.0,,1,,,,23500.0,"Alquiler monoambiente, expensas Bajas APTO MASCOTA",,,0,0,0,0,0,0,0,0,0,0,0,0,0,0,0,0,0,0,0,0,0,0
remax,3ed11b14-278e-460c-9a90-81c80b86b04c,https://www.remax.com.ar/listings/alquiler-amplio-y-luminoso-monoambiente-palermo,2026-08-13T22:43:14+00:00,alquiler,departamento_monoambiente,1050000.0,ARS,ARS 1050000.0,164000.0,ARS,Avenida Álvarez Thomas 0,Avenida Álvarez Thomas,0,,chacarita,Chacarita,15.0,Capital Federal,-34.582944,-58.4451247,50.14,45.99,1.0,,1,,,,20941.36,ALQUILER AMPLIO Y LUMINOSO MONOAMBIENTE PALERMO,,,0,0,0,0,0,0,0,0,0,0,0,0,1,0,0,0,0,0,0,0,0,0
remax,3e9b3f75-99e6-4fc0-aa0c-bd9afb13bcfc,https://www.remax.com.ar/listings/a-metros-libertador-balcon-al-frente-bano-y-toil,2026-08-13T22:43:16+00:00,alquiler,departamento_estandar,900000.0,ARS,ARS 900000.0,280000.0,ARS,Gorostiaga 1500,Gorostiaga,1500,,palermo,Las Cañitas,14.0,Capital Federal,-34.5646433,-58.4356497,46.55,42.66,2.0,,1,,,,19334.05,A METROS LIBERTADOR BALCON AL FRENTE BAÑO Y TOIL,,,0,0,0,0,0,0,0,0,0,0,0,0,0,1,0,0,0,1,0,0,0,0
remax,3e8d7574-1478-4229-93f1-3e1444e9f3cd,https://www.remax.com.ar/listings/alquiler-casa-4-ambientes-en-villa-pueyrredon,2026-08-13T22:43:16+00:00,alquiler,casa,1550.0,USD,USD 1550.0,,ARS,Gabriela Mistral 2400,Gabriela Mistral,2400,,villa pueyrredon,Villa Pueyrredón,12.0,Capital Federal,-34.5836287,-58.4960496,190.0,170.0,4.0,,2,,,,8.16,ALQUILER CASA 4 AMBIENTES EN VILLA PUEYRREDON,,,0,0,0,0,0,0,0,0,0,0,0,0,0,0,0,0,0,0,0,0,0,0
remax,3e80a4dd-f775-4c32-b5ea-b82351849433,https://www.remax.com.ar/listings/alquiler-oficina-en-retiro,2026-08-13T22:43:16+00:00,alquiler,oficina,2400.0,USD,USD 2400.0,1320000.0,ARS,Suipacha 1000,Suipacha,1000,,retiro,Retiro,1.0,Capital Federal,-34.595707,-58.3797348,210.0,210.0,,,2,,,,11.43,ALQUILER OFICINA EN RETIRO,,,0,0,0,0,0,0,0,0,0,0,0,0,0,0,0,0,0,0,0,0,0,0
remax,3e387c2a-5d40-4fbe-bbfb-1e73f8aaf794,https://www.remax.com.ar/listings/alquiler-departamento-2-ambientes-balcon-y-cochera,2026-08-13T22:43:16+00:00,alquiler,departamento_estandar,750000.0,ARS,ARS 750000.0,190000.0,ARS,Saavedra 1200,Saavedra,1200,,san cristobal,San Cristobal,3.0,Capital Federal,-34.6242879,-58.401355,41.0,39.0,2.0,,1,1.0,,,18292.68,ALQUILER DEPARTAMENTO 2 AMBIENTES BALCON Y COCHERA,,,0,0,0,0,0,0,0,0,0,1,0,0,0,1,0,0,0,0,0,0,0,0
remax,3e18925c-439c-43bc-8a69-1e5d4d08ad7c,https://www.remax.com.ar/listings/alquiler-deposito-sala-teatro-gimnasio-chacarita,2026-08-13T22:43:16+00:00,alquiler,local,1500.0,USD,USD 1500.0,0.0,ARS,Villarroel 1500,Villarroel,1500,,chacarita,Chacarita,15.0,Capital Federal,-34.5912443,-58.4466768,376.0,376.0,4.0,,0,,,,3.99,"ALQUILER DEPÓSITO, SALA TEATRO, GIMNASIO CHACARITA",,,1,0,0,1,0,0,0,0,0,0,0,0,0,0,0,0,0,0,0,0,0,0
remax,3e0bda8a-7de3-4f60-8903-4d05038c1c75,https://www.remax.com.ar/listings/local-en-alquiler-flores-ideal-comercio,2026-08-13T22:43:16+00:00,alquiler,local,2000000.0,ARS,ARS 2000000.0,,ARS,Juan Francisco Olmos 0,Juan Francisco Olmos,0,,velez sarsfield,Velez Sarsfield,10.0,Capital Federal,-34.6353242,-58.4894118,118.0,118.0,,,1,,,,16949.15,LOCAL EN ALQUILER FLORES IDEAL COMERCIO,,,0,0,0,0,0,0,0,0,0,0,0,0,0,0,0,0,0,0,0,0,0,0
remax,3e03cdce-44a4-440c-8698-9be804464cbd,https://www.remax.com.ar/listings/alq-monoambiente-coghlan-pileta-parrilla-cowork,2026-08-13T22:43:16+00:00,alquiler,departamento_monoambiente,750000.0,ARS,ARS 750000.0,199000.0,ARS,Av Dr Ricardo Balbín 3200,Av Dr Ricardo Balbín,3200,,coghlan,Coghlan,12.0,Capital Federal,-34.558054062834,-58.475809693336,40.0,36.0,1.0,,1,,,,18750.0,ALQ MONOAMBIENTE COGHLAN PILETA PARRILLA COWORK.,,,1,1,1,0,0,0,0,0,0,0,0,0,0,0,0,0,0,0,0,0,0,0
remax,3e0399f7-cf81-425d-a5d2-622b3844ee69,https://www.remax.com.ar/listings/alquiler-duplex-2-ambientes-villa-ortuzar-terraza,2026-08-13T22:43:16+00:00,alquiler,departamento_duplex,1500000.0,ARS,ARS 1500000.0,0.0,ARS,Guevara 1500,Guevara,1500,,villa ortuzar,Villa Ortuzar,15.0,Capital Federal,-34.5840182,-58.4655741,91.38,75.98,2.0,,1,,,,16414.97,Alquiler Dúplex 2 ambientes Villa Ortuzar Terraza,,,0,0,0,0,0,0,0,0,0,0,0,0,0,1,0,0,0,0,0,0,0,0
remax,3e01f807-3e57-48e0-9079-49b345069c3c,https://www.remax.com.ar/listings/alquiler-2-ambientes-palermo-3,2026-08-13T22:43:16+00:00,alquiler,departamento_estandar,700.0,USD,USD 700.0,250000.0,ARS,Gorriti 6000,Gorriti,6000,,palermo,Palermo,14.0,Capital Federal,-34.5811901,-58.4417276,45.0,40.0,2.0,,1,,,,15.56,Alquiler 2 ambientes Palermo,,,0,0,0,0,0,0,0,0,0,0,0,0,0,0,0,0,0,0,0,0,0,0
remax,3de96dcb-a331-42c7-b8cc-0d6a20dacef0,https://www.remax.com.ar/listings/2-ambientes-alquiler-belgrano,2026-08-13T22:43:19+00:00,alquiler,departamento_estandar,800000.0,ARS,ARS 800000.0,130000.0,ARS,Mendoza 3400,Mendoza,3400,,belgrano,Belgrano,13.0,Capital Federal,-34.5674599,-58.4684919,39.17,37.98,2.0,,1,,,,20423.79,2 ambientes Alquiler Belgrano,,,0,0,0,0,0,0,0,0,0,0,0,0,0,0,0,0,0,0,0,0,0,0
remax,3dc8fb3f-d521-4b1b-90db-6065f479414c,https://www.remax.com.ar/listings/alquiler-monoambiente-con-balcon-villa-devoto,2026-08-13T22:43:19+00:00,alquiler,departamento_monoambiente,590000.0,ARS,ARS 590000.0,130000.0,ARS,Nogoyá 4000,Nogoyá,4000,,villa devoto,Villa Devoto,11.0,Capital Federal,-34.6092213,-58.5027569,36.0,34.0,1.0,,1,,,,16388.89,ALQUILER MONOAMBIENTE CON BALCON VILLA DEVOTO,,,0,0,0,0,0,0,0,0,0,0,0,0,0,1,0,0,0,0,0,0,0,0
remax,3da492fa-7f92-424c-8d7a-5b373ee8748f,https://www.remax.com.ar/listings/alquiler-oficina-microcentro-4-despachos-bajas-exp,2026-08-13T22:43:19+00:00,alquiler,oficina,800000.0,ARS,ARS 800000.0,95000.0,ARS,Avenida Presidente Roque Sáenz Peña 600,Avenida Presidente Roque Sáenz Peña,600,,san nicolas,San Nicolás,1.0,Capital Federal,-34.606084592169,-58.374309539795,74.0,71.0,,,1,,,,10810.81,Alquiler Oficina Microcentro 4 Despachos Bajas Exp,,,0,0,0,0,0,0,0,0,0,0,0,0,0,0,0,0,0,0,0,0,0,0
remax,3d91a721-4786-4c75-a53c-71e251272278,https://www.remax.com.ar/listings/alquiler-3-amb-luminoso-belgrano,2026-08-13T22:43:19+00:00,alquiler,departamento_estandar,950000.0,ARS,ARS 950000.0,166000.0,ARS,Blanco Encalada 3600,Blanco Encalada,3600,,belgrano,Belgrano,13.0,Capital Federal,-34.5672274,-58.4723772,42.04,42.04,3.0,,1,,,,22597.53,Alquiler 3 Amb Luminoso – Belgrano,,,0,0,0,0,0,0,0,0,0,0,0,0,1,0,0,0,0,0,0,0,0,0
remax,3d70c58e-f4e2-4b0d-a9dc-69e3036f6a12,https://www.remax.com.ar/listings/alquiler-deposito-c-plazo-de-gracia-v-crespo,2026-08-13T22:43:19+00:00,alquiler,deposito,7000000.0,ARS,ARS 7000000.0,0.0,ARS,Vera 500,Vera,500,,villa crespo,Villa Crespo,15.0,Capital Federal,-34.5986146,-58.438397,517.0,517.0,,,0,,,,13539.65,Alquiler Deposito c/Plazo de Gracia. V. Crespo.-,,,0,0,0,0,0,0,0,0,0,0,0,0,0,0,0,0,0,0,0,0,0,0
remax,3d4c970c-68c3-4ca6-a676-934c7dd69c9b,https://www.remax.com.ar/listings/alquiler-departamento-2-ambientes-congreso,2026-08-13T22:43:19+00:00,alquiler,departamento_estandar,700000.0,ARS,ARS 700000.0,137000.0,ARS,Avenida Rivadavia 2100,Avenida Rivadavia,2100,,balvanera,Balvanera,3.0,Capital Federal,-34.609298,-58.3968682,48.0,45.0,2.0,,1,,,,14583.33,ALQUILER DEPARTAMENTO 2-AMBIENTES -CONGRESO,,,0,0,0,0,0,0,0,0,0,0,0,0,0,0,0,0,0,0,0,0,0,0
remax,3d36def4-a10c-4aae-9d24-3f540de4f27b,https://www.remax.com.ar/listings/alquiler-microcentro-oficina-240m-3-cocheras-1,2026-08-13T22:43:22+00:00,alquiler,oficina,1600000.0,ARS,ARS 1600000.0,1200000.0,ARS,Avenida Presidente Roque Sáenz Peña 800,Avenida Presidente Roque Sáenz Peña,800,,san nicolas,San Nicolás,1.0,Capital Federal,-34.6054679,-58.3787542,240.0,240.0,,,4,1.0,,,6666.67,Alquiler Microcentro Oficina 240m 3 cocheras,,,0,0,0,0,0,0,0,0,0,1,0,0,0,0,0,0,0,0,0,0,0,0
remax,3d25b34b-db1c-4a04-ba0a-f530252ac5c2,https://www.remax.com.ar/listings/oficina-en-alquiler-con-3-cocheras-nunez,2026-08-13T22:43:22+00:00,alquiler,oficina,4200.0,USD,USD 4200.0,1200000.0,ARS,Avenida del Libertador 6500,Avenida del Libertador,6500,,belgrano,Belgrano,13.0,Capital Federal,-34.551528603379,-58.452007770538,190.93,190.93,,,2,1.0,,,22.0,Oficina en Alquiler con 3 cocheras - Nuñez,,,0,0,0,0,0,0,0,0,0,1,0,0,0,0,0,0,0,0,0,0,0,0
remax,3d249452-a582-451f-8d51-28a22ee10308,https://www.remax.com.ar/listings/oficina-full-amenities-en-alquiler-nunez,2026-08-13T22:43:22+00:00,alquiler,departamento_monoambiente,790000.0,ARS,ARS 790000.0,250000.0,ARS,Jaramillo 2300,Jaramillo,2300,,nunez,Nuñez,13.0,Capital Federal,-34.5479182,-58.4682909,34.0,28.5,1.0,,1,,,,23235.29,Oficina Full Amenities en Alquiler Nuñez,,,1,0,0,0,0,0,0,0,0,0,0,0,0,0,0,0,0,0,0,0,0,0
remax,3d198398-b14e-4609-a630-b70abf1be29e,https://www.remax.com.ar/listings/alquiler-depto-mono-amoblado-belgrano-pileta,2026-08-13T22:43:22+00:00,alquiler,departamento_monoambiente,890000.0,ARS,ARS 890000.0,176000.0,ARS,Avenida Doctor Ricardo Balbín 2300,Avenida Doctor Ricardo Balbín,2300,,belgrano,Belgrano,13.0,Capital Federal,-34.5630304,-58.4639534,33.76,28.35,1.0,,1,,,,26362.56,Alquiler depto mono Amoblado Belgrano Pileta,,,1,1,0,0,0,0,0,0,0,0,0,0,0,0,0,0,0,0,1,0,0,0
remax,3d135656-bdd8-4424-8e7a-075a9ca68da1,https://www.remax.com.ar/listings/alquiler-1-amb-balcon-aterraz-p-chas-v-urquiza,2026-08-13T22:43:22+00:00,alquiler,departamento_estandar,550000.0,ARS,ARS 550000.0,133000.0,ARS,Arismendi 2400,Arismendi,2400,,parque chas,Parque Chas,15.0,Capital Federal,-34.582778,-58.474139,34.11,26.75,1.0,,1,,,,16124.3,"ALQUILER 1 AMB. BALCON ATERRAZ, P.CHAS, V.URQUIZA",,,0,0,0,0,0,0,0,0,0,0,0,0,0,1,0,0,0,0,0,0,0,0
remax,3d0bd467-97a2-49d9-b63c-6a0492d60a9d,https://www.remax.com.ar/listings/alquiler-muy-amplio-monoambiente-amoblado-exc-zona,2026-08-13T22:43:22+00:00,alquiler,departamento_monoambiente,500.0,USD,USD 500.0,224000.0,ARS,Montañeses 2600,Montañeses,2600,,belgrano,Belgrano,13.0,Capital Federal,-34.5523862,-58.453351,48.52,45.0,1.0,,1,,,,10.31,Alquiler muy amplio monoambiente amoblado exc zona,,,0,0,0,0,0,0,0,0,0,0,0,0,0,0,0,0,0,0,1,0,0,0
remax,3d056504-5c28-4bf4-ab91-6921f7b1aa9b,https://www.remax.com.ar/listings/luminoso-depto-tres-cuartos-y-lavadero-recoleta,2026-08-13T22:43:22+00:00,alquiler,departamento_semipiso,1370000.0,ARS,ARS 1370000.0,274000.0,ARS,Peña 2500,Peña,2500,,recoleta,Recoleta,2.0,Capital Federal,-34.5888073,-58.4006244,84.0,73.0,4.0,,1,,,,16309.52,"Luminoso Depto, tres cuartos y lavadero, Recoleta.",,,0,0,0,0,0,0,0,0,0,0,0,0,1,0,0,0,0,0,0,0,0,0
remax,3cdfce63-49ac-43ae-9e00-ceabbb0f3773,https://www.remax.com.ar/listings/galpon-alquiler-parque-avellaneda-230-metros,2026-08-13T22:43:22+00:00,alquiler,galpon,2300.0,USD,USD 2300.0,,ARS,Av Derqui 4000,Av Derqui,4000,,parque avellaneda,Parque Avellaneda,9.0,Capital Federal,-34.65508841026,-58.471566229127,230.0,230.0,,,2,,,,10.0,GALPON ALQUILER PARQUE AVELLANEDA 230 METROS,,,0,0,0,0,0,0,0,0,0,0,0,0,0,0,0,0,0,0,0,0,0,0
remax,3cc2d85b-77b3-4056-89ee-310c466f497f,https://www.remax.com.ar/listings/alquiler-departamento-2-ambientes-en-belgrano-1,2026-08-13T22:43:22+00:00,alquiler,departamento_estandar,800000.0,ARS,ARS 800000.0,195000.0,ARS,Amenábar 3100,Amenábar,3100,,nunez,Nuñez,13.0,Capital Federal,-34.5543264,-58.4668527,35.0,33.5,2.0,,1,,,,22857.14,ALQUILER DEPARTAMENTO 2 AMBIENTES EN BELGRANO,,,0,0,0,0,0,0,0,0,0,0,0,0,0,0,0,0,0,0,0,0,0,0
remax,3c789e80-eecd-48ed-9076-7ed9147ec958,https://www.remax.com.ar/listings/departamento-2-amb-alquiler-cochera-palermo,2026-08-13T22:43:25+00:00,alquiler,departamento_estandar,950000.0,ARS,ARS 950000.0,320000.0,ARS,Avenida General Las Heras 3700,Avenida General Las Heras,3700,,palermo,Palermo,14.0,Capital Federal,-34.582069,-58.4124184,40.07,36.33,2.0,,1,1.0,,,23708.51,DEPARTAMENTO 2 AMB ALQUILER COCHERA PALERMO,,,0,0,0,0,0,0,0,0,0,1,0,0,0,0,0,0,0,0,0,0,0,0
remax,3c13ca4c-70fa-4929-8e6b-370eff95c7a6,https://www.remax.com.ar/listings/alquiler-flores-2-amb-amplio-av-varela-y-av-riv,2026-08-13T22:43:25+00:00,alquiler,departamento_estandar,650000.0,ARS,ARS 650000.0,140000.0,ARS,Avenida Varela 0,Avenida Varela,0,,flores,Flores,7.0,Capital Federal,-34.630277701518,-58.465453149984,43.15,43.15,2.0,,1,,,,15063.73,Alquiler Flores 2 amb amplio Av.Varela y Av. Riv.,,,0,0,0,0,0,0,0,0,0,0,0,0,0,0,0,0,0,0,0,0,0,0
remax,3b8df4c9-5d73-44bb-b45a-ff11ec0dfd58,https://www.remax.com.ar/listings/alquiler-monoambiente-constitucion,2026-08-13T22:43:27+00:00,alquiler,departamento_monoambiente,640000.0,ARS,ARS 640000.0,98000.0,ARS,Estados Unidos 900,Estados Unidos,900,,constitucion,Constitución,1.0,Capital Federal,-34.6187384,-58.3792891,33.16,29.55,1.0,,1,,,,19300.36,ALQUILER MONOAMBIENTE CONSTITUCIÓN,,,0,0,0,0,0,0,0,0,0,0,0,0,0,0,0,0,0,0,0,0,0,0
remax,3b81e6cc-3919-43d5-b63f-968c8499af1e,https://www.remax.com.ar/listings/ph-2-amb-c-galeria-y-patio-solo-apto-profesional,2026-08-13T22:43:27+00:00,alquiler,ph,1200.0,USD,USD 1200.0,0.0,ARS,3 de Febrero 2900,3 de Febrero,2900,,nunez,Nuñez,13.0,Capital Federal,-34.5512934,-58.4586863,110.0,55.0,2.0,,1,,,,10.91,PH 2 AMB C/ GALERÍA Y PATIO SOLO APTO PROFESIONAL,,,0,0,0,0,0,0,0,0,1,0,0,0,0,0,0,0,0,0,0,1,0,0
remax,3b73e602-9d57-4255-bd54-bc65db1e7786,https://www.remax.com.ar/listings/alquiler-departamento-para-oficina-en-belgrano,2026-08-13T22:43:27+00:00,alquiler,oficina,350000.0,ARS,ARS 350000.0,0.0,ARS,Mariscal Antonio José de Sucre 2800,Mariscal Antonio José de Sucre,2800,,belgrano,Belgrano,13.0,Capital Federal,-34.5663326,-58.4590134,22.0,22.0,,,1,,,,15909.09,ALQUILER DEPARTAMENTO PARA OFICINA EN BELGRANO,,,0,0,0,0,0,0,0,0,0,0,0,0,0,0,0,0,0,0,0,0,0,0
remax,3b604d10-cbb5-475f-b192-0ada67930fc0,https://www.remax.com.ar/listings/alquiler-local-recoleta,2026-08-13T22:43:27+00:00,alquiler,local,700000.0,ARS,ARS 700000.0,90000.0,ARS,Doctor Tomás Manuel de Anchorena 1700,Doctor Tomás Manuel de Anchorena,1700,,recoleta,Recoleta,2.0,Capital Federal,-34.5906738,-58.4018879,20.0,20.0,,,1,,,,35000.0,ALQUILER LOCAL RECOLETA,,,0,0,0,0,0,0,0,0,0,0,0,0,0,0,0,0,0,0,0,0,0,0
remax,3b4e5e32-08c6-4345-9721-27f6ec9f84eb,https://www.remax.com.ar/listings/alquiler-monoambiente-en-v-luro-balcon-al-frente,2026-08-13T22:43:27+00:00,alquiler,departamento_estandar,600000.0,ARS,ARS 600000.0,80000.0,ARS,Dante 0,Dante,0,,villa luro,Villa Luro,10.0,Capital Federal,-34.6386224,-58.5009295,35.0,30.0,1.0,,1,,,,17142.86,ALQUILER MONOAMBIENTE EN V. LURO BALCON AL FRENTE,,,0,0,0,0,0,0,0,0,0,0,0,0,0,1,0,0,0,1,0,0,0,0
remax,3afcd5b4-c370-4168-a79c-85804a5471de,https://www.remax.com.ar/listings/alquiler-depto-monoambiente-balcon-villa-urquiza,2026-08-13T22:43:27+00:00,alquiler,departamento_monoambiente,800000.0,ARS,ARS 800000.0,286453.0,ARS,Tomás A. Le Bretón 4200,Tomás A. Le Bretón,4200,,villa urquiza,Villa Urquiza,12.0,Capital Federal,-34.5653542,-58.4811664,49.06,43.17,1.0,,1,,,,16306.56,Alquiler Depto Monoambiente balcón Villa Urquiza,,,0,0,0,0,0,0,0,0,0,0,0,0,0,1,0,0,0,0,0,0,0,0
remax,3ae44cfe-9520-4d32-84cb-f3d607b94a73,https://www.remax.com.ar/listings/departamento-alquiler-caballito-2-ambientes-balcon,2026-08-13T22:43:30+00:00,alquiler,departamento_estandar,995000.0,ARS,ARS 995000.0,125000.0,ARS,Emilio Mitre 0,Emilio Mitre,0,,caballito,Caballito,6.0,Capital Federal,-34.6226366,-58.4437502,33.0,31.0,2.0,,1,,,,30151.52,DEPARTAMENTO ALQUILER CABALLITO 2 AMBIENTES BALCON,,,0,0,0,0,0,0,0,0,0,0,0,0,0,1,0,0,0,0,0,0,0,0
remax,3adb9228-6ca2-4f1e-a50f-62b352c81ae4,https://www.remax.com.ar/listings/alquiler-3-ambientes-con-cochera-en-belgrano,2026-08-13T22:43:30+00:00,alquiler,departamento_estandar,1200000.0,ARS,ARS 1200000.0,200000.0,ARS,Zavalia 2100,Zavalia,2100,,belgrano,Belgrano,13.0,Capital Federal,-34.558823548864,-58.453134298325,56.35,54.02,3.0,,1,1.0,,,21295.47,ALQUILER 3 AMBIENTES CON COCHERA EN BELGRANO,,,0,0,0,0,0,0,0,0,0,1,0,0,0,0,0,0,0,0,0,0,0,0
remax,3adb5c0a-f329-4f45-882c-60d349a8dac1,https://www.remax.com.ar/listings/alquiler-oficina-5-despachos-en-microcentro,2026-08-13T22:43:30+00:00,alquiler,oficina,350000.0,ARS,ARS 350000.0,850000.0,ARS,Esmeralda 200,Esmeralda,200,,san nicolas,San Nicolás,1.0,Capital Federal,-34.605154,-58.378043,116.0,116.0,,,2,,,,3017.24,ALQUILER OFICINA 5 DESPACHOS EN MICROCENTRO,,,0,0,0,0,0,0,0,0,0,0,0,0,0,0,0,0,0,0,0,0,0,0
remax,3aca4e80-4bd6-4760-b826-c65e582e8955,https://www.remax.com.ar/listings/monoambiente-alquiler-villa-ortuzar-apto-prof,2026-08-13T22:43:30+00:00,alquiler,departamento_monoambiente,750000.0,ARS,ARS 750000.0,130000.0,ARS,Caldas 1800,Caldas,1800,,villa ortuzar,Villa Ortuzar,15.0,Capital Federal,-34.5836793,-58.4698118,43.0,38.0,1.0,,1,,,,17441.86,MONOAMBIENTE ALQUILER VILLA ORTUZAR APTO PROF,,,0,0,0,0,0,0,0,0,0,0,0,0,0,0,0,0,0,0,0,0,0,0
remax,3ac4aee0-1a1f-457c-b45d-74e05e7f9d92,https://www.remax.com.ar/listings/alquiler-monoambiente-en-palermo,2026-08-13T22:43:30+00:00,alquiler,departamento_estandar,600.0,USD,USD 600.0,0.0,ARS,Gascón 1200,Gascón,1200,,palermo,Palermo,14.0,Capital Federal,-34.5955318,-58.4232233,26.0,26.0,1.0,,1,,,,23.08,ALQUILER MONOAMBIENTE EN PALERMO,,,0,0,0,0,0,0,0,0,0,0,0,0,0,0,0,0,0,0,0,0,0,0
remax,3a9a1bf2-7a6e-41ca-ab71-115f84d69e28,https://www.remax.com.ar/listings/local-en-alquiler-con-sotano-villa-del-parque,2026-08-13T22:43:30+00:00,alquiler,local,2200000.0,ARS,ARS 2200000.0,120000.0,ARS,Cuenca 2700,Cuenca,2700,,villa del parque,Villa del Parque,11.0,Capital Federal,-34.6093888,-58.4884734,44.57,44.57,,,1,,,,49360.56,LOCAL EN ALQUILER CON SOTANO VILLA DEL PARQUE,,,0,0,0,0,0,0,0,0,0,0,0,0,0,0,0,0,0,0,0,0,0,0
remax,3a64250d-7f7b-47b8-a4f4-506880242611,https://www.remax.com.ar/listings/alquiler-comercial-deposito-en-villa-urquiza,2026-08-13T22:43:30+00:00,alquiler,deposito,4500000.0,ARS,ARS 4500000.0,0.0,ARS,Iberá 4900,Iberá,4900,,villa urquiza,Villa Urquiza,12.0,Capital Federal,-34.566109,-58.489367,321.31,307.27,,,0,,,,14005.17,ALQUILER COMERCIAL DEPOSITO EN VILLA URQUIZA,,,0,0,0,0,0,0,0,0,0,0,0,0,0,0,0,0,0,0,0,0,0,0
remax,3a5f763d-106f-4b3e-9971-e8f1c22f3455,https://www.remax.com.ar/listings/alquiler-depto-2-ambientes-en-balvanera,2026-08-13T22:43:30+00:00,alquiler,departamento_estandar,750000.0,ARS,ARS 750000.0,160000.0,ARS,Rincón 300,Rincón,300,,balvanera,Balvanera,3.0,Capital Federal,-34.6136138,-58.3959224,45.0,45.0,2.0,,1,,,,16666.67,Alquiler depto 2 ambientes en Balvanera,,,0,0,0,0,0,0,0,0,0,0,0,0,0,0,0,0,0,0,0,0,0,0
remax,3a58b003-b842-4f87-96b8-bd0c27461fdd,https://www.remax.com.ar/listings/departamento-alquiler-anual-en-zona-uade-c-balcon,2026-08-13T22:43:30+00:00,alquiler,departamento_estandar,790000.0,ARS,ARS 790000.0,135000.0,ARS,Avenida Independencia 700,Avenida Independencia,700,,san telmo,San Telmo,1.0,Capital Federal,-34.6175492,-58.3767674,46.28,40.72,2.0,,1,,,,17070.01,DEPARTAMENTO ALQUILER ANUAL EN ZONA UADE C/ BALCON,,,0,0,0,0,0,0,0,0,0,0,0,0,0,1,0,0,0,0,0,0,0,0
remax,3a45fdd4-aab7-4e59-b1cd-00178b133dc6,https://www.remax.com.ar/listings/departamento-a-estrenar-en-caballito,2026-08-13T22:43:30+00:00,alquiler,departamento_estandar,600000.0,ARS,ARS 600000.0,150000.0,ARS,Valle 500,Valle,500,,caballito,Caballito,6.0,Capital Federal,-34.624374,-58.4347322,30.0,26.0,1.0,,1,,,,20000.0,DEPARTAMENTO A ESTRENAR EN CABALLITO,,,0,0,0,0,0,0,0,0,0,0,0,0,0,0,0,0,0,0,0,0,0,0
remax,3a298aaa-fc94-4d28-8cab-f302653efdd2,https://www.remax.com.ar/listings/alquiler-departamento-2-ambientes-en-recoleta-1,2026-08-13T22:43:30+00:00,alquiler,departamento_estandar,700000.0,ARS,ARS 700000.0,251000.0,ARS,Arenales 1200,Arenales,1200,,retiro,Retiro,1.0,Capital Federal,-34.5946696,-58.3849988,39.6,38.6,2.0,,1,,,,17676.77,Alquiler Departamento 2 ambientes en Recoleta,,,0,0,0,0,0,0,0,0,0,0,0,0,0,0,0,0,0,0,0,0,0,0
remax,3a143fa1-56ac-4994-a252-907ce54e0cd4,https://www.remax.com.ar/listings/alquiler-monoambiente-cochera-coghlan-amenities,2026-08-13T22:43:30+00:00,alquiler,departamento_monoambiente,980000.0,ARS,ARS 980000.0,320000.0,ARS,Avenida Doctor Ricardo Balbín 3200,Avenida Doctor Ricardo Balbín,3200,,coghlan,Coghlan,12.0,Capital Federal,-34.5579741,-58.476185,47.5,40.0,1.0,,1,1.0,,,20631.58,ALQUILER MONOAMBIENTE COCHERA COGHLAN AMENITIES,,,1,0,0,0,0,0,0,0,0,1,0,0,0,0,0,0,0,0,0,0,0,0
